split,minute,placement,label,activity,status,valid_seconds,raw_valid_seconds,packets,median_packets_per_valid_second,resampled_samples,interpolated_samples,interpolated_fraction,used_resampled_samples,used_interpolated_samples,original_rate_hz,max_raw_gap_seconds,target_rate_hz,csi,n_windows_3s,radar_frames,snr_db,rd_mean,rd_p90,rd_std,rd_delta,rd_peak,ra_mean,ra_p90,ra_std,ra_delta,ra_peak,re_mean,re_p90,re_std,re_delta,re_peak,xy_mean,xy_p90,xy_std,xy_delta,xy_peak
calibration_minutes,20260817_2117,t1,1,sleep,ok,49,50,6247,132.0,5859,1249,0.2131763099505035,4900,535,106.62957026697224,3.2290000915527344,100,2.098718007345831,37,,4.76345682144165,,,,,,,,,,,,,,,,,,,,
calibration_minutes,20260817_2118,t1,1,sleep,ok,52,54,7003,132.0,5858,799,0.13639467395015364,5200,511,119.56633053568515,0.8619999885559082,100,3.064599281550729,45,,5.0525312423706055,,,,,,,,,,,,,,,,,,,,
calibration_minutes,20260817_2119,t1,1,sleep,ok,43,44,6032,131.0,5994,1558,0.2599265932599266,4300,383,100.63396760484962,2.0859999656677246,100,3.773277817196224,23,,4.671036720275879,,,,,,,,,,,,,,,,,,,,
calibration_minutes,20260817_2120,t1,1,sleep,ok,50,52,6193,126.0,5882,1374,0.23359401564093846,5000,779,105.30163905638149,1.6440000534057617,100,3.991034909503502,36,,4.854769706726074,,,,,,,,,,,,,,,,,,,,
calibration_minutes,20260817_2121,t1,1,sleep,ok,49,50,6317,116.0,5973,1408,0.23572744014732966,4900,791,105.762791452373,0.9839999675750732,100,3.248600026588259,36,,4.552593231201172,,,,,,,,,,,,,,,,,,,,
calibration_minutes,20260817_2122,t1,1,sleep,ok,51,52,6469,129.0,5816,1138,0.1956671251719395,5100,713,111.23338582297293,0.7710001468658447,100,2.9683029270581796,41,,5.411782741546631,,,,,,,,,,,,,,,,,,,,
calibration_minutes,20260817_2123,t1,1,sleep,ok,48,50,6324,131.0,5983,1280,0.21393949523650344,4800,552,105.6994820000707,1.878000020980835,100,3.373292358521091,31,,4.608981132507324,,,,,,,,,,,,,,,,,,,,
calibration_minutes,20260817_2124,t1,1,sleep,ok,51,53,6275,128.0,5880,1379,0.23452380952380952,5100,870,106.72494726840051,2.239000082015991,100,3.221013936794839,43,,4.806117534637451,,,,,,,,,,,,,,,,,,,,
calibration_minutes,20260817_2125,t1,1,sleep,ok,43,44,6081,131.0,5997,1554,0.2591295647823912,4300,470,101.40239146768329,2.1409997940063477,100,1.7829143255181084,27,,4.83797550201416,,,,,,,,,,,,,,,,,,,,
calibration_minutes,20260817_2126,t1,1,sleep,ok,52,52,6241,114.0,5894,1402,0.23786901934170343,5200,999,105.89452946394846,2.128999948501587,100,2.949381506629038,42,,11.571029663085938,,,,,,,,,,,,,,,,,,,,
calibration_minutes,20260817_2127,t1,1,sleep,ok,38,38,5143,131.0,5710,1937,0.33922942206654993,3800,415,90.0826735674477,2.2279999256134033,100,4.627730708419606,18,,4.7883477210998535,,,,,,,,,,,,,,,,,,,,
calibration_minutes,20260817_2128,t1,1,sleep,ok,56,57,6831,130.5,5799,795,0.1370926021727884,5600,728,117.812424316894,0.440000057220459,100,2.5712222614695897,52,,4.416434288024902,,,,,,,,,,,,,,,,,,,,
calibration_minutes,20260817_2129,t1,1,sleep,ok,52,53,6556,130.5,5942,1153,0.19404240996297542,5200,711,110.35179246807658,2.0269999504089355,100,5.2650030832509245,44,,4.990752220153809,,,,,,,,,,,,,,,,,,,,
calibration_minutes,20260817_2130,t1,1,sleep,ok,48,49,6075,131.0,5918,1418,0.23960797566745523,4800,670,102.65986231472073,2.3339998722076416,100,6.228069653459089,34,,4.63919734954834,,,,,,,,,,,,,,,,,,,,
calibration_minutes,20260817_2131,t1,1,sleep,ok,44,46,5861,130.0,5860,1542,0.26313993174061434,4400,557,100.02730678459672,1.7649998664855957,100,3.3121663291906858,26,,4.739566802978516,,,,,,,,,,,,,,,,,,,,
calibration_minutes,20260817_2132,t1,1,sleep,ok,56,58,6962,131.0,5861,647,0.11039071830745606,5600,552,118.79127043923071,0.7380001544952393,100,2.1502205569403285,52,,4.489982128143311,,,,,,,,,,,,,,,,,,,,
calibration_minutes,20260817_2133,t1,1,sleep,ok,50,52,6660,131.0,5861,1029,0.17556730933287834,5000,493,113.64993757750734,2.615000009536743,100,3.4379960701688397,40,,5.045471668243408,,,,,,,,,,,,,,,,,,,,
calibration_minutes,20260817_2135,t1,1,sleep,ok,42,42,5780,131.0,5803,1510,0.2602102360847837,4200,351,99.61395296825359,2.1059999465942383,100,3.729016749895579,20,,5.191779136657715,,,,,,,,,,,,,,,,,,,,
calibration_minutes,20260817_2136,t1,1,sleep,ok,54,55,6863,131.0,5810,682,0.11738382099827883,5400,453,118.12799102044502,1.2179999351501465,100,4.03353058836671,48,,4.475076675415039,,,,,,,,,,,,,,,,,,,,
calibration_minutes,20260817_2137,t1,1,sleep,ok,55,57,7197,131.0,5880,614,0.10442176870748299,5500,455,122.40836839604408,0.6779999732971191,100,3.5648202796817774,49,,4.7631425857543945,,,,,,,,,,,,,,,,,,,,
calibration_minutes,20260817_2138,t1,1,sleep,ok,50,52,6739,131.0,5878,951,0.16178972439605308,5000,483,114.64783945695987,0.8949999809265137,100,3.7463371831508985,36,,4.530792236328125,,,,,,,,,,,,,,,,,,,,
calibration_minutes,20260817_2139,t1,1,sleep,ok,48,50,6298,131.0,5740,1064,0.18536585365853658,4800,441,109.72316558796027,2.1559998989105225,100,2.551568760489698,38,,4.58281135559082,,,,,,,,,,,,,,,,,,,,
calibration_minutes,20260817_2140,t1,1,sleep,ok,50,52,6618,130.5,5857,1066,0.18200443913266176,5000,533,112.99492904699478,2.6090002059936523,100,3.0235253740836625,40,,4.928979396820068,,,,,,,,,,,,,,,,,,,,
calibration_minutes,20260817_2141,t1,1,sleep,ok,54,55,7245,131.0,5996,693,0.11557705136757838,5400,376,120.84667705736658,0.6999998092651367,100,2.495324585882285,46,,4.724818229675293,,,,,,,,,,,,,,,,,,,,
calibration_minutes,20260817_2142,t1,1,sleep,ok,52,54,6854,131.0,5833,838,0.14366535230584604,5200,494,117.52199064425069,0.6979999542236328,100,2.06633926100395,44,,4.791748523712158,,,,,,,,,,,,,,,,,,,,
calibration_minutes,20260817_2143,t1,1,sleep,ok,49,49,6244,131.0,5709,1057,0.18514626029076897,4900,483,109.38457999704089,2.0379998683929443,100,1.8764071847007004,34,,5.062587261199951,,,,,,,,,,,,,,,,,,,,
calibration_minutes,20260817_2144,t1,1,sleep,ok,51,53,6340,130.0,5859,1220,0.20822665983956307,5100,654,108.22252199419839,2.1100001335144043,100,1.729830857052617,43,,4.474723815917969,,,,,,,,,,,,,,,,,,,,
calibration_minutes,20260817_2145,t1,1,sleep,ok,52,53,6699,131.0,5940,981,0.16515151515151516,5200,575,112.77967655952249,1.6770000457763672,100,4.61100172511734,42,,4.755712985992432,,,,,,,,,,,,,,,,,,,,
calibration_minutes,20260817_2146,t1,1,sleep,ok,56,58,6843,129.5,5861,959,0.16362395495649207,5600,867,116.76876625234256,0.6269998550415039,100,2.564038260182552,52,,4.850075721740723,,,,,,,,,,,,,,,,,,,,
calibration_minutes,20260817_2147,t1,1,sleep,ok,48,49,6321,131.0,5862,1168,0.19924940293415216,4800,484,107.84664983394863,1.7789998054504395,100,3.1090766357734254,34,,4.867201328277588,,,,,,,,,,,,,,,,,,,,
calibration_minutes,20260817_2148,t1,1,sleep,ok,49,51,5833,109.0,5859,1584,0.27035330261136714,4900,998,99.56473493559626,1.8440001010894775,100,4.635489005432012,36,,4.750376224517822,,,,,,,,,,,,,,,,,,,,
calibration_minutes,20260817_2149,t1,1,sleep,ok,48,50,5899,111.5,5859,1524,0.2601126472094214,4800,884,100.6913035788275,1.7809998989105225,100,4.209316695263016,36,,4.78090763092041,,,,,,,,,,,,,,,,,,,,
calibration_minutes,20260817_2150,t1,1,sleep,ok,45,47,5873,129.0,5863,1567,0.26726931604980386,4500,577,100.18081319491965,2.4880001544952393,100,2.7346842359834387,25,,4.7788567543029785,,,,,,,,,,,,,,,,,,,,
calibration_minutes,20260817_2151,t1,1,sleep,ok,50,51,6288,130.0,5915,1249,0.21115807269653422,5000,704,106.30959626356311,1.569000005722046,100,12.834026962694818,37,,4.821952819824219,,,,,,,,,,,,,,,,,,,,
calibration_minutes,20260817_2152,t1,1,sleep,ok,57,59,7086,131.0,5857,491,0.08383131295885266,5700,453,121.0040979862412,0.44900012016296387,100,2.5664418120230548,55,,,,,,,,,,,,,,,,,,,,,,
calibration_minutes,20260817_2153,t1,1,sleep,ok,56,58,7348,132.0,5859,504,0.08602150537634409,5600,436,125.42673743896822,0.5360000133514404,100,2.420675806447832,52,,4.764441013336182,,,,,,,,,,,,,,,,,,,,
calibration_minutes,20260817_2154,t1,1,sleep,ok,53,54,7151,132.0,5859,643,0.10974569039085168,5300,348,122.05571144062714,0.9879999160766602,100,3.452968992945096,48,,5.588799476623535,,,,,,,,,,,,,,,,,,,,
calibration_minutes,20260817_2155,t1,1,sleep,ok,56,58,7075,132.0,5996,835,0.13925950633755838,5600,628,118.00123418407149,1.8320000171661377,100,3.7206503691549537,52,,4.810136795043945,,,,,,,,,,,,,,,,,,,,
calibration_minutes,20260817_2156,t1,1,sleep,ok,46,47,6268,132.0,5978,1334,0.2231515557042489,4600,404,104.86164565530642,2.1130001544952393,100,4.334440805366654,30,,5.019929885864258,,,,,,,,,,,,,,,,,,,,
calibration_minutes,20260817_2157,t1,1,sleep,ok,46,48,5814,127.0,5842,1602,0.27422115713796646,4600,690,99.52752689349416,2.181999921798706,100,3.5561936876990226,32,,4.758137702941895,,,,,,,,,,,,,,,,,,,,
calibration_minutes,20260817_2158,t1,1,sleep,ok,53,55,6443,120.0,5995,1323,0.2206839032527106,5300,932,107.47647969773608,2.0250000953674316,100,2.0239113497139614,45,,4.4896674156188965,,,,,,,,,,,,,,,,,,,,
calibration_minutes,20260817_2159,t1,1,sleep,ok,50,51,6469,131.0,5853,1114,0.19032974542969416,5000,601,110.54151518464103,1.0149998664855957,100,2.5057208010326963,36,,5.058889389038086,,,,,,,,,,,,,,,,,,,,
calibration_minutes,20260817_2200,t1,1,sleep,ok,48,50,6189,131.0,5770,1199,0.20779896013864818,4800,618,107.27843167282487,2.005999803543091,100,9.042525155356117,36,,13.60195255279541,,,,,,,,,,,,,,,,,,,,
calibration_minutes,20260817_2201,t1,1,sleep,ok,53,54,6360,124.0,5860,1194,0.20375426621160408,5300,866,108.54909442242459,0.9810001850128174,100,4.886942430899128,43,,7.799954891204834,,,,,,,,,,,,,,,,,,,,
calibration_minutes,20260817_2202,t1,1,sleep,ok,48,50,6369,131.0,5858,1271,0.21696824854899283,4800,551,108.72496970611914,3.4149999618530273,100,3.9148251624607173,36,,5.655856132507324,,,,,,,,,,,,,,,,,,,,
calibration_minutes,20260817_2203,t1,1,sleep,ok,55,57,6718,130.0,5887,994,0.16884661117717004,5500,855,114.12941932246271,0.8410000801086426,100,2.7558054160463414,51,,12.412498474121094,,,,,,,,,,,,,,,,,,,,
calibration_minutes,20260817_2204,t1,1,sleep,ok,49,49,6234,132.0,5767,1174,0.2035720478585053,4900,535,108.11092014727829,2.2259998321533203,100,3.421125695781691,36,,5.301463127136231,,,,,,,,,,,,,,,,,,,,
calibration_minutes,20260817_2205,t1,1,sleep,ok,53,54,6020,115.0,5922,1534,0.25903411009793986,5300,1072,101.65827968848195,0.9900000095367432,100,5.163872884864512,48,,6.829132080078125,,,,,,,,,,,,,,,,,,,,
calibration_minutes,20260817_2206,t1,1,sleep,ok,48,49,6261,129.5,5988,1481,0.24732798931195724,4800,690,104.56959602533443,2.318000078201294,100,5.120400128390347,38,,8.267797470092773,,,,,,,,,,,,,,,,,,,,
calibration_minutes,20260817_2207,t1,1,sleep,ok,34,35,5142,132.0,5909,2143,0.36266711795566087,3400,264,87.02863738273635,3.5180001258850098,100,2.90054437020368,17,,4.744593143463135,,,,,,,,,,,,,,,,,,,,
calibration_minutes,20260817_2208,t1,1,sleep,ok,53,55,6121,111.0,5856,1403,0.23958333333333334,5300,1075,104.53419849750814,1.4679999351501465,100,5.642114752943719,43,,13.441011428833008,,,,,,,,,,,,,,,,,,,,
calibration_minutes,20260817_2209,t1,1,sleep,ok,47,49,6475,132.0,5978,1206,0.20173971227835397,4700,401,108.33012638386516,2.120000123977661,100,2.428576590421508,35,,8.437085151672363,,,,,,,,,,,,,,,,,,,,
calibration_minutes,20260817_2210,t1,1,sleep,ok,45,46,6191,132.0,5895,1326,0.22493638676844785,4500,406,105.0336768883194,1.4470000267028809,100,3.1109533719975806,25,,4.561298370361328,,,,,,,,,,,,,,,,,,,,
calibration_minutes,20260817_2211,t1,1,sleep,ok,46,48,5911,132.0,5860,1453,0.24795221843003412,4600,511,100.88407972471182,3.2159998416900635,100,2.3789006131117105,34,,4.307414531707764,,,,,,,,,,,,,,,,,,,,
calibration_minutes,20260817_2212,t1,1,sleep,ok,43,45,5719,132.0,5859,1734,0.29595494111623144,4300,557,97.61884435053574,2.3559999465942383,100,7.079130057686019,25,,4.627974510192871,,,,,,,,,,,,,,,,,,,,
calibration_minutes,20260817_2213,t1,1,sleep,ok,56,58,6975,131.0,5968,939,0.15733914209115282,5600,808,116.89291086109903,1.0109999179840088,100,4.978257819969446,50,,4.668779850006104,,,,,,,,,,,,,,,,,,,,
calibration_minutes,20260817_2214,t1,1,sleep,ok,45,46,5967,132.0,5998,1624,0.270756918972991,4500,485,99.49477296095495,2.3420000076293945,100,7.710693156219927,36,,4.689949989318848,,,,,,,,,,,,,,,,,,,,
calibration_minutes,20260817_2215,t1,1,sleep,ok,42,43,5864,132.0,5945,1626,0.2735071488645921,4200,409,98.6491263194202,2.2080001831054688,100,3.030235659222005,22,,4.742279529571533,,,,,,,,,,,,,,,,,,,,
calibration_minutes,20260817_2216,t1,1,sleep,ok,51,52,5721,106.0,5909,1714,0.29006600101540025,5100,1181,96.82824474263607,2.2970001697540283,100,5.50278316652715,45,,5.000150680541992,,,,,,,,,,,,,,,,,,,,
calibration_minutes,20260817_2217,t1,1,sleep,ok,48,49,6182,132.0,5919,1372,0.23179591147153236,4800,572,104.45920144299218,2.191999912261963,100,2.7686522301988816,32,,4.734217643737793,,,,,,,,,,,,,,,,,,,,
calibration_minutes,20260817_2218,t1,1,sleep,ok,49,51,6562,132.0,5859,1091,0.18620925072537975,4900,457,112.01010539249685,1.0829999446868896,100,1.442337531297179,36,,4.693365573883057,,,,,,,,,,,,,,,,,,,,
calibration_minutes,20260817_2219,t1,1,sleep,ok,45,47,5963,132.0,5996,1619,0.2700133422281521,4500,565,99.4595856886848,2.3489999771118164,100,7.390703005688869,27,,12.4818115234375,,,,,,,,,,,,,,,,,,,,
calibration_minutes,20260817_2220,t1,1,sleep,ok,52,54,6323,127.0,5937,1387,0.2336196732356409,5200,883,106.51774723300943,2.2260000705718994,100,3.8463444190280955,42,,5.115275859832764,,,,,,,,,,,,,,,,,,,,
calibration_minutes,20260817_2221,t1,1,sleep,ok,49,51,6416,131.0,5888,1198,0.2034646739130435,4900,610,108.97664543524417,2.014000177383423,100,3.7511815044295687,36,,4.671036720275879,,,,,,,,,,,,,,,,,,,,
calibration_minutes,20260817_2222,t1,1,sleep,ok,44,45,5877,130.5,5911,1571,0.2657756724750465,4400,458,99.43489426936355,2.1730000972747803,100,5.125382638990381,25,,4.689159393310547,,,,,,,,,,,,,,,,,,,,
calibration_minutes,20260817_2223,t1,1,sleep,ok,52,54,6723,132.0,5861,833,0.14212591707899677,5200,445,114.7132592879845,1.7149999141693115,100,3.00598088434031,43,,4.605251312255859,,,,,,,,,,,,,,,,,,,,
calibration_minutes,20260817_2224,t1,1,sleep,ok,57,58,7513,132.0,5859,320,0.054616828810377195,5700,297,128.2388284641848,0.46399998664855957,100,2.8323488494550637,55,,4.788018703460693,,,,,,,,,,,,,,,,,,,,
calibration_minutes,20260817_2225,t1,1,sleep,ok,56,58,7493,132.0,5996,506,0.08438959306204136,5600,378,124.98123515784397,0.6019999980926514,100,1.740511037081896,51,,4.525857448577881,,,,,,,,,,,,,,,,,,,,
calibration_minutes,20260817_2226,t1,1,sleep,ok,45,46,6090,131.0,5978,1489,0.24907995985279358,4500,412,101.88205755388992,1.991999864578247,100,1.7955989314221672,25,,4.701925754547119,,,,,,,,,,,,,,,,,,,,
calibration_minutes,20260817_2227,t1,1,sleep,ok,45,47,6183,131.0,5888,1306,0.2218070652173913,4500,414,105.01019043850064,1.9740002155303955,100,3.13504630125223,24,,4.846372604370117,,,,,,,,,,,,,,,,,,,,
calibration_minutes,20260817_2228,t1,1,sleep,ok,54,56,7233,132.0,5859,419,0.07151391022358765,5400,202,123.4532079681899,0.8919999599456787,100,1.872974634200998,48,,,,,,,,,,,,,,,,,,,,,,
calibration_minutes,20260817_2229,t1,1,sleep,ok,55,56,7216,132.0,5911,674,0.1140246997124006,5500,485,122.08574436639397,0.6860001087188721,100,2.7141343301713023,48,,4.974636554718018,,,,,,,,,,,,,,,,,,,,
calibration_minutes,20260817_2230,t1,1,sleep,ok,45,46,6148,132.0,5716,1162,0.2032890132960112,4500,335,107.56149621786328,2.121999979019165,100,4.733875429480076,30,,12.110984802246094,,,,,,,,,,,,,,,,,,,,
calibration_minutes,20260817_2231,t1,1,sleep,ok,44,45,5543,115.0,5806,1746,0.30072338959696865,4400,717,95.48171502850218,2.1499998569488525,100,3.9147801919895158,31,,8.33468246459961,,,,,,,,,,,,,,,,,,,,
calibration_minutes,20260817_2232,t1,1,sleep,ok,56,58,7146,131.0,5859,563,0.09609148318825739,5600,497,121.98077952216747,0.5580000877380371,100,3.118596418066973,52,,4.1323561668396,,,,,,,,,,,,,,,,,,,,
calibration_minutes,20260817_2233,t1,1,sleep,ok,55,57,7435,131.0,5857,428,0.07307495304763531,5500,307,126.94645523276573,0.6189999580383301,100,3.7430270925277473,50,,12.29926300048828,,,,,,,,,,,,,,,,,,,,
calibration_minutes,20260817_2234,t1,1,sleep,ok,48,50,6434,131.0,5859,1187,0.2025942993684929,4800,532,109.82333354631001,2.0749998092651367,100,4.946216370517718,36,,11.567736625671388,,,,,,,,,,,,,,,,,,,,
calibration_minutes,20260817_2235,t1,1,sleep,ok,47,48,6287,132.0,5797,1168,0.20148352596170432,4700,453,108.46013165150961,1.3239998817443848,100,1.894047112020108,27,,7.380859851837158,,,,,,,,,,,,,,,,,,,,
calibration_minutes,20260817_2236,t1,1,sleep,ok,42,44,5719,131.0,5830,1599,0.27427101200686105,4200,365,98.10783458878652,2.3550000190734863,100,3.3671332763425412,21,,13.578272819519045,,,,,,,,,,,,,,,,,,,,
calibration_minutes,20260817_2237,t1,1,sleep,ok,57,59,6335,130.0,5860,990,0.1689419795221843,5700,964,108.10949170003644,0.43599987030029297,100,2.5343502407074814,55,,12.75924587249756,,,,,,,,,,,,,,,,,,,,
calibration_minutes,20260817_2238,t1,1,sleep,ok,53,54,7041,132.0,5933,785,0.13231080397775155,5300,499,118.68520850131729,0.9830000400543213,100,4.514920713471439,43,,14.789573669433594,,,,,,,,,,,,,,,,,,,,
calibration_minutes,20260817_2239,t1,1,sleep,ok,53,54,6752,131.0,5943,947,0.15934713107857984,5300,593,113.61647713256188,1.060999870300293,100,6.7115552414465895,43,,7.869682788848877,,,,,,,,,,,,,,,,,,,,
calibration_minutes,20260817_2240,t1,1,sleep,ok,43,45,5621,130.0,5862,1733,0.2956328897987035,4300,649,95.89204676163648,2.260999917984009,100,3.9866780066250755,25,,7.616962909698486,,,,,,,,,,,,,,,,,,,,
calibration_minutes,20260817_2241,t1,1,sleep,ok,50,51,5788,118.0,5937,1595,0.26865420245915445,5000,1002,97.50509583815571,2.1419999599456787,100,3.861936202191772,42,,10.412243843078612,,,,,,,,,,,,,,,,,,,,
calibration_minutes,20260817_2242,t1,1,sleep,ok,52,53,6380,126.0,5878,1204,0.20483157536577068,5200,785,108.54031988950942,1.7379999160766602,100,7.745270085568677,40,,4.747639179229736,,,,,,,,,,,,,,,,,,,,
calibration_minutes,20260817_2243,t1,1,sleep,ok,46,47,6041,131.0,5871,1387,0.23624595469255663,4600,430,102.91311746324907,2.191999912261963,100,5.616874276272096,30,,4.931946754455566,,,,,,,,,,,,,,,,,,,,
calibration_minutes,20260817_2244,t1,1,sleep,ok,34,36,4705,130.0,5969,2469,0.41363712514659073,3400,424,78.8331684580757,3.32099986076355,100,5.5128459916298205,16,,4.944056510925293,,,,,,,,,,,,,,,,,,,,
calibration_minutes,20260817_2245,t1,1,sleep,ok,52,54,6753,131.5,5857,820,0.14000341471743213,5200,414,115.31171519024636,2.3910000324249268,100,2.9206547816224866,42,,4.673139572143555,,,,,,,,,,,,,,,,,,,,
calibration_minutes,20260817_2246,t1,1,sleep,ok,52,53,6969,132.0,5860,727,0.12406143344709898,5200,316,118.93506266058948,1.7999999523162842,100,2.8507401628177256,44,,4.677823543548584,,,,,,,,,,,,,,,,,,,,
calibration_minutes,20260817_2247,t1,1,sleep,ok,45,46,5833,131.0,5965,1669,0.27979882648784576,4500,587,97.79200953485649,2.507999897003174,100,5.994981288633037,29,,4.695920944213867,,,,,,,,,,,,,,,,,,,,
calibration_minutes,20260817_2248,t1,1,sleep,ok,47,47,6130,131.0,5841,1335,0.2285567539804828,4700,455,104.96575325324804,3.2189998626708984,100,8.307456676452244,40,,9.655832290649414,,,,,,,,,,,,,,,,,,,,
calibration_minutes,20260817_2249,t1,1,sleep,ok,48,50,6386,131.0,5859,1186,0.2024236217784605,4800,479,109.00028992190747,2.1570000648498535,100,5.096738257730035,34,,4.702401638031006,,,,,,,,,,,,,,,,,,,,
calibration_minutes,20260817_2250,t1,1,sleep,ok,51,53,6326,128.0,5860,1281,0.21860068259385665,5100,828,107.96880052142421,1.628000020980835,100,6.6709055621293025,39,,4.657615184783936,,,,,,,,,,,,,,,,,,,,
calibration_minutes,20260817_2251,t1,1,sleep,ok,42,43,5975,131.0,5910,1498,0.25346869712351944,4200,411,101.1015415203985,2.075000047683716,100,3.295568686364954,18,,4.928988456726074,,,,,,,,,,,,,,,,,,,,
calibration_minutes,20260817_2252,t1,1,sleep,ok,50,52,5863,110.0,5858,1626,0.2775691362239672,5000,1008,100.08706192290414,4.29200005531311,100,4.600896628503412,43,,4.790297508239746,,,,,,,,,,,,,,,,,,,,
calibration_minutes,20260817_2253,t1,1,sleep,ok,44,46,6281,132.0,5981,1337,0.22354121384383882,4400,224,105.02993202889722,2.200000047683716,100,3.898001277436384,26,,4.859136581420898,,,,,,,,,,,,,,,,,,,,
calibration_minutes,20260817_2254,t1,1,sleep,ok,48,50,5977,129.0,5847,1455,0.24884556182657774,4800,824,102.23560190128856,1.7709999084472656,100,2.2785921567242093,33,,4.669739723205566,,,,,,,,,,,,,,,,,,,,
calibration_minutes,20260817_2255,t1,1,sleep,ok,41,43,5666,131.0,5879,1680,0.2857628848443613,4100,531,96.38349264643183,2.2280001640319824,100,6.757714945027851,25,,4.203171253204346,,,,,,,,,,,,,,,,,,,,
calibration_minutes,20260817_2256,t1,1,sleep,ok,52,52,6142,128.5,5812,1295,0.22281486579490709,5200,839,105.68336268415351,1.4140000343322754,100,4.574295980188694,42,,4.569414615631104,,,,,,,,,,,,,,,,,,,,
calibration_minutes,20260817_2257,t1,1,sleep,ok,43,44,5535,125.0,5857,1790,0.30561721017585797,4300,630,94.51521458582023,2.50600004196167,100,3.109904253677595,25,,4.476264953613281,,,,,,,,,,,,,,,,,,,,
calibration_minutes,20260817_2258,t1,1,sleep,ok,50,52,5915,115.5,5732,1452,0.25331472435450103,5000,974,103.2070076225971,1.36899995803833,100,2.662775571369366,40,,5.252873420715332,,,,,,,,,,,,,,,,,,,,
calibration_minutes,20260817_2259,t1,1,sleep,ok,41,42,5970,131.0,5999,1591,0.2652108684780797,4100,310,99.52654046457623,2.2189998626708984,100,2.487349835636774,24,,4.850075721740723,,,,,,,,,,,,,,,,,,,,
calibration_minutes,20260817_2300,t1,1,sleep,ok,49,50,6290,129.0,5866,1367,0.23303784520968293,4900,687,107.2408915671991,1.9630000591278076,100,1.5356150402479183,37,,4.760730743408203,,,,,,,,,,,,,,,,,,,,
calibration_minutes,20260817_2301,t1,1,sleep,ok,51,53,6424,132.0,5825,1090,0.1871244635193133,5100,640,110.28515542413852,2.0480000972747803,100,3.240122764772667,40,,4.284883975982666,,,,,,,,,,,,,,,,,,,,
calibration_minutes,20260817_2302,t1,1,sleep,ok,55,56,7335,132.0,5886,502,0.08528712198436969,5500,304,124.61773722516006,0.6589999198913574,100,2.0883419420179177,49,,4.809189319610596,,,,,,,,,,,,,,,,,,,,
calibration_minutes,20260817_2303,t1,1,sleep,ok,54,56,6871,132.0,5872,894,0.15224795640326977,5400,646,117.01493533900478,0.6980001926422119,100,2.6833433077476005,48,,7.721962928771973,,,,,,,,,,,,,,,,,,,,
calibration_minutes,20260817_2304,t1,1,sleep,ok,42,43,5519,131.0,5839,1792,0.3069018667580065,4200,578,94.5260851531643,3.440999984741211,100,3.200371307693622,25,,4.788027286529541,,,,,,,,,,,,,,,,,,,,
calibration_minutes,20260817_2305,t1,1,sleep,ok,52,53,6418,119.5,5921,1298,0.21921972639756798,5200,927,108.41216207483961,0.6639997959136963,100,2.1895262025475564,42,,4.660056114196777,,,,,,,,,,,,,,,,,,,,
calibration_minutes,20260817_2306,t1,1,sleep,ok,40,41,5259,131.0,5821,1927,0.33104277615529976,4000,458,90.35461480902816,3.7139999866485596,100,4.744211378451204,21,,4.813551902770996,,,,,,,,,,,,,,,,,,,,
calibration_minutes,20260817_2307,t1,1,sleep,ok,50,51,5642,106.5,5907,1799,0.30455391907905877,5000,1137,95.52511730629656,2.378999948501587,100,2.732998017280271,36,,4.845381259918213,,,,,,,,,,,,,,,,,,,,
calibration_minutes,20260817_2308,t1,1,sleep,ok,51,53,6578,131.0,5860,1006,0.17167235494880545,5100,514,112.25447537618903,1.627000093460083,100,3.5085592840471342,38,,5.220041751861572,,,,,,,,,,,,,,,,,,,,
calibration_minutes,20260817_2309,t1,1,sleep,ok,51,51,6205,122.0,5935,1422,0.2395956192080876,5100,835,104.55104555077564,2.0880000591278076,100,2.2059015317960675,40,,4.889673709869385,,,,,,,,,,,,,,,,,,,,
calibration_minutes,20260817_2310,t1,1,sleep,ok,46,47,5919,131.0,5950,1590,0.2672268907563025,4600,545,99.48400723344743,2.621999979019165,100,4.214999594627559,36,,5.122653961181641,,,,,,,,,,,,,,,,,,,,
calibration_minutes,20260817_2311,t1,1,sleep,ok,57,59,6960,132.0,5860,580,0.09897610921501707,5700,542,118.79160235319748,0.437000036239624,100,2.3363948841947484,55,,3.9438533782958975,,,,,,,,,,,,,,,,,,,,
calibration_minutes,20260817_2312,t1,1,sleep,ok,49,51,6629,132.0,5880,992,0.16870748299319727,4900,316,112.74193026825444,3.4600000381469727,100,2.648574270749065,41,,7.600159645080566,,,,,,,,,,,,,,,,,,,,
calibration_minutes,20260817_2313,t1,1,sleep,ok,53,55,6356,123.0,5862,1298,0.2214261344251109,5300,1013,108.44565749054671,0.8009998798370361,100,3.874244394835957,45,,11.66307258605957,,,,,,,,,,,,,,,,,,,,
calibration_minutes,20260817_2314,t1,1,sleep,ok,47,49,6363,131.0,5887,1239,0.21046373365041618,4700,450,108.09479315330209,2.116999864578247,100,2.574086433755901,33,,10.96559715270996,,,,,,,,,,,,,,,,,,,,
calibration_minutes,20260817_2315,t1,1,sleep,ok,54,55,6462,130.5,5829,1093,0.1875107222508149,5400,852,110.86900603787025,1.998999834060669,100,2.9633527450184585,49,,5.052874565124512,,,,,,,,,,,,,,,,,,,,
calibration_minutes,20260817_2316,t1,1,sleep,ok,43,44,6117,133.0,5804,1325,0.2282908339076499,4300,380,105.40736177101292,1.7700002193450928,100,3.9408655258761067,21,,4.582802772521973,,,,,,,,,,,,,,,,,,,,
calibration_minutes,20260817_2317,t1,1,sleep,ok,55,57,5931,127.0,5860,1424,0.24300341296928327,5500,1296,101.22542325279409,0.5669999122619629,100,2.4528646293632472,49,,4.971014022827148,,,,,,,,,,,,,,,,,,,,
calibration_minutes,20260817_2318,t1,1,sleep,ok,51,52,6384,131.0,5974,1296,0.21694007365249415,5100,705,106.8648620036387,2.11899995803833,100,4.132133560885221,41,,13.993585586547852,,,,,,,,,,,,,,,,,,,,
calibration_minutes,20260817_2319,t1,1,sleep,ok,40,42,5125,120.0,5834,2080,0.3565306822077477,4000,709,87.85011475891555,3.7029998302459717,100,5.059007171688069,26,,4.742620944976807,,,,,,,,,,,,,,,,,,,,
calibration_minutes,20260817_2320,t1,1,sleep,ok,49,50,6021,127.0,5859,1422,0.24270353302611367,4900,746,102.77901058747877,3.517000198364258,100,3.2113676835028597,38,,4.37934684753418,,,,,,,,,,,,,,,,,,,,
calibration_minutes,20260817_2321,t1,1,sleep,ok,52,54,6704,131.0,5859,1019,0.1739204642430449,5200,624,114.4359286197328,1.7869999408721924,100,2.729215674490517,45,,4.697230815887451,,,,,,,,,,,,,,,,,,,,
calibration_minutes,20260817_2322,t1,1,sleep,ok,51,52,6626,132.0,5856,1056,0.18032786885245902,5100,565,113.16243408573024,3.0399999618530273,100,4.71529290557557,43,,4.889690399169922,,,,,,,,,,,,,,,,,,,,
calibration_minutes,20260817_2323,t1,1,sleep,ok,42,43,6006,132.0,5892,1467,0.2489816700610998,4200,330,101.93828672809506,2.5980000495910645,100,2.299997912245678,23,,4.4784746170043945,,,,,,,,,,,,,,,,,,,,
calibration_minutes,20260817_2324,t1,1,sleep,ok,56,58,7298,132.0,5860,474,0.08088737201365187,5600,389,124.56050488126942,0.7740001678466797,100,2.857915624649306,52,,9.420230865478516,,,,,,,,,,,,,,,,,,,,
calibration_minutes,20260817_2325,t1,1,sleep,ok,45,47,6240,132.0,5996,1437,0.23965977318212142,4500,420,104.07632289485234,2.296999931335449,100,4.206936273806243,29,,4.720165252685547,,,,,,,,,,,,,,,,,,,,
calibration_minutes,20260817_2326,t1,1,sleep,ok,52,53,6529,131.0,5862,1135,0.19361992494029343,5200,774,111.39737220827242,1.4680001735687256,100,3.165994682033859,45,,4.57098388671875,,,,,,,,,,,,,,,,,,,,
calibration_minutes,20260817_2327,t1,1,sleep,ok,51,52,6355,132.0,5924,1234,0.20830519918973667,5100,663,107.27730027855883,2.671999931335449,100,3.6171252943669385,41,,4.5719404220581055,,,,,,,,,,,,,,,,,,,,
calibration_minutes,20260817_2328,t1,1,sleep,ok,51,53,6712,132.0,5859,884,0.150878989588667,5100,431,114.56662007874463,2.2209999561309814,100,1.8041640595279325,44,,5.174998760223389,,,,,,,,,,,,,,,,,,,,
calibration_minutes,20260817_2329,t1,1,sleep,ok,55,56,7410,133.0,5928,546,0.09210526315789473,5500,369,125.00843506881004,0.628000020980835,100,2.3848463557695183,49,,4.772515773773193,,,,,,,,,,,,,,,,,,,,
calibration_minutes,20260817_2330,t1,1,sleep,ok,45,46,6465,133.0,5939,1189,0.2002020542178818,4500,355,108.85671012853913,1.6429998874664307,100,5.026745833691143,25,,4.732928276062012,,,,,,,,,,,,,,,,,,,,
calibration_minutes,20260817_2331,t1,1,sleep,ok,44,46,6288,132.0,5864,1219,0.20787858117326058,4400,352,107.24519039556664,2.3370001316070557,100,3.7378391851841863,27,,4.6700615882873535,,,,,,,,,,,,,,,,,,,,
calibration_minutes,20260817_2332,t1,1,sleep,ok,55,57,5995,107.0,5978,1604,0.2683171629307461,5500,1348,100.28605395725268,0.6019999980926514,100,3.039736371288929,49,,5.09011173248291,,,,,,,,,,,,,,,,,,,,
calibration_minutes,20260817_2333,t1,1,sleep,ok,54,56,6931,131.0,5848,847,0.1448358413132695,5400,636,118.53942186777083,0.6889998912811279,100,3.2696050109116634,46,,4.951162815093994,,,,,,,,,,,,,,,,,,,,
calibration_minutes,20260817_2334,t1,1,sleep,ok,40,42,5468,131.0,5921,1901,0.3210606316500591,4000,477,92.35082487094154,2.4570000171661377,100,3.470204969916484,23,,4.619565010070801,,,,,,,,,,,,,,,,,,,,
calibration_minutes,20260817_2335,t1,1,sleep,ok,44,46,6130,131.5,5983,1441,0.24084907237171987,4400,411,102.46895014778022,2.186000108718872,100,3.121618752122224,28,,5.012571811676025,,,,,,,,,,,,,,,,,,,,
calibration_minutes,20260817_2336,t1,1,sleep,ok,57,59,6741,132.0,5860,750,0.12798634812286688,5700,734,115.04590893897104,0.3860001564025879,100,3.3504732182273638,55,,4.490297317504883,,,,,,,,,,,,,,,,,,,,
calibration_minutes,20260817_2337,t1,1,sleep,ok,50,51,6841,132.0,5839,891,0.15259462236684362,5000,401,117.16247935657454,0.9630000591278076,100,2.1059779332112387,39,,5.04818868637085,,,,,,,,,,,,,,,,,,,,
calibration_minutes,20260817_2338,t1,1,sleep,ok,53,55,6849,131.0,5996,980,0.16344229486324216,5300,663,114.23567644866287,1.9539999961853027,100,2.5632441660179413,43,,5.2689409255981445,,,,,,,,,,,,,,,,,,,,
calibration_minutes,20260817_2339,t1,1,sleep,ok,46,47,5919,131.5,5877,1501,0.2554024161987409,4600,496,100.71979178849121,2.505999803543091,100,9.081810302608048,34,,4.489353179931641,,,,,,,,,,,,,,,,,,,,
calibration_minutes,20260817_2340,t1,1,sleep,ok,41,43,5660,131.0,5891,1696,0.2878967917161772,4100,324,96.08039531645198,2.119999885559082,100,4.198768234830759,24,,4.6498613357543945,,,,,,,,,,,,,,,,,,,,
calibration_minutes,20260817_2341,t1,1,sleep,ok,55,57,6598,132.0,5854,857,0.1463956269217629,5500,678,112.72851488721368,1.186000108718872,100,2.856502031791613,49,,4.075283527374268,,,,,,,,,,,,,,,,,,,,
calibration_minutes,20260817_2342,t1,1,sleep,ok,54,56,7062,132.0,5996,815,0.13592394929953303,5400,511,117.78048358130465,1.1559998989105225,100,4.067101577665177,50,,4.626396656036377,,,,,,,,,,,,,,,,,,,,
calibration_minutes,20260817_2343,t1,1,sleep,ok,42,44,5901,132.0,5960,1629,0.2733221476510067,4200,385,99.02169728695556,2.30400013923645,100,3.422664718411302,20,,4.4211015701293945,,,,,,,,,,,,,,,,,,,,
calibration_minutes,20260817_2344,t1,1,sleep,ok,51,52,5990,109.0,5636,1286,0.22817601135557133,5100,992,106.29425244276024,1.190999984741211,100,4.318445912622288,42,,5.356239318847656,,,,,,,,,,,,,,,,,,,,
calibration_minutes,20260817_2345,t1,1,sleep,ok,48,49,6208,131.0,5943,1374,0.23119636547198386,4800,550,104.46781665934226,2.1440000534057617,100,5.1275983017512825,30,,4.8551025390625,,,,,,,,,,,,,,,,,,,,
calibration_minutes,20260817_2346,t1,1,sleep,ok,46,47,5640,122.5,5683,1517,0.2669364772127398,4600,707,99.2451037389113,2.4579999446868896,100,5.4233752363884555,29,,4.680418014526367,,,,,,,,,,,,,,,,,,,,
calibration_minutes,20260817_2347,t1,1,sleep,ok,52,53,5856,118.5,5901,1584,0.26842907981698017,5200,1215,99.24414459267786,0.7609999179840088,100,3.6113023203207923,43,,4.8749308586120605,,,,,,,,,,,,,,,,,,,,
calibration_minutes,20260817_2348,t1,1,sleep,ok,52,53,6407,126.5,5938,1264,0.21286628494442572,5200,824,107.90009945530716,1.8199999332427979,100,3.8006946426964743,42,,4.920633316040039,,,,,,,,,,,,,,,,,,,,
calibration_minutes,20260817_2349,t1,1,sleep,ok,44,46,6391,132.0,5952,1228,0.20631720430107528,4400,207,107.39191045695128,2.0119998455047607,100,3.6353788872824824,24,,4.695274829864502,,,,,,,,,,,,,,,,,,,,
calibration_minutes,20260817_2350,t1,1,sleep,ok,54,56,5791,125.0,5850,1440,0.24615384615384617,5400,1190,98.99822201350091,1.6730000972747803,100,7.717208191584168,46,,4.826953887939453,,,,,,,,,,,,,,,,,,,,
calibration_minutes,20260817_2351,t1,1,sleep,ok,55,57,7208,132.0,5861,635,0.10834328612864699,5500,489,122.99291865291522,0.7699999809265137,100,4.863522470934621,49,,4.9887542724609375,,,,,,,,,,,,,,,,,,,,
calibration_minutes,20260817_2352,t1,1,sleep,ok,48,49,6691,132.0,5909,977,0.16534100524623455,4800,362,113.23596611064434,1.6629998683929443,100,2.504960032261164,30,,5.066323757171631,,,,,,,,,,,,,,,,,,,,
calibration_minutes,20260817_2353,t1,1,sleep,ok,53,55,6371,121.0,5860,1224,0.20887372013651878,5300,886,108.72199188532994,1.630000114440918,100,8.495124835617615,47,,4.9679460525512695,,,,,,,,,,,,,,,,,,,,
calibration_minutes,20260817_2354,t1,1,sleep,ok,50,51,5907,120.5,5860,1477,0.2520477815699659,5000,865,100.81236969329505,1.9210000038146973,100,6.478375356459584,38,,4.588118553161621,,,,,,,,,,,,,,,,,,,,
calibration_minutes,20260817_2355,t1,1,sleep,ok,39,40,5514,131.0,5896,1823,0.30919267299864317,3900,437,93.53054924783375,2.444000005722046,100,1.9543669355112068,20,,4.523941993713379,,,,,,,,,,,,,,,,,,,,
calibration_minutes,20260817_2356,t1,1,sleep,ok,47,49,6017,127.0,5860,1471,0.25102389078498294,4700,706,102.68794260708378,2.3459999561309814,100,2.7203558992110226,34,,4.819856643676758,,,,,,,,,,,,,,,,,,,,
calibration_minutes,20260817_2357,t1,1,sleep,ok,53,55,6280,128.0,5857,1310,0.22366399180467816,5300,937,107.23311225483056,1.9880001544952393,100,2.198163365724633,45,,4.499025821685791,,,,,,,,,,,,,,,,,,,,
calibration_minutes,20260817_2358,t1,1,sleep,ok,46,48,6362,131.0,5997,1329,0.22161080540270134,4600,466,106.09345323676163,2.009000062942505,100,8.019715521934403,30,,4.681545257568359,,,,,,,,,,,,,,,,,,,,
calibration_minutes,20260817_2359,t1,1,sleep,ok,42,43,5667,129.0,5839,1630,0.27915738996403494,4200,536,97.0559520249342,2.1999998092651367,100,2.6774713817688465,19,,4.9511542320251465,,,,,,,,,,,,,,,,,,,,
calibration_minutes,20260818_0000,t1,1,sleep,ok,43,45,5581,130.0,5859,1699,0.2899812254650964,4300,595,95.26491856925443,1.9840002059936523,100,1.8066045240793542,32,,,,,,,,,,,,,,,,,,,,,,
calibration_minutes,20260818_0001,t1,1,sleep,ok,56,58,7531,131.0,5860,294,0.050170648464163824,5600,212,128.53509959462005,0.687000036239624,100,1.8398984061236792,53,,4.670385360717773,,,,,,,,,,,,,,,,,,,,
calibration_minutes,20260818_0002,t1,1,sleep,ok,52,53,6779,130.5,5860,874,0.1491467576791809,5200,504,115.68259404492068,0.7799999713897705,100,3.0054578819998197,42,,4.744110584259033,,,,,,,,,,,,,,,,,,,,
calibration_minutes,20260818_0003,t1,1,sleep,ok,44,46,6125,130.0,5893,1385,0.23502460546410997,4400,454,103.93863819696338,2.3309998512268066,100,6.983826158376534,24,,4.682826995849609,,,,,,,,,,,,,,,,,,,,
calibration_minutes,20260818_0004,t1,1,sleep,ok,48,49,6432,131.0,5731,967,0.16873146047810156,4800,400,112.23563929838289,2.2330000400543213,100,5.54307458195963,34,,,,,,,,,,,,,,,,,,,,,,
calibration_minutes,20260818_0005,t1,1,sleep,ok,55,57,6931,131.0,5859,785,0.13398190817545655,5500,637,118.30673372854751,0.9719998836517334,100,3.547616160730357,49,,4.7946600914001465,,,,,,,,,,,,,,,,,,,,
calibration_minutes,20260818_0006,t1,1,sleep,ok,52,53,6619,131.0,5812,946,0.16276668960770818,5200,559,113.90270332721741,1.9790000915527344,100,2.375274420741197,48,,4.737935543060303,,,,,,,,,,,,,,,,,,,,
calibration_minutes,20260818_0007,t1,1,sleep,ok,46,46,5953,131.0,5831,1445,0.2478134110787172,4600,507,102.1010207962748,2.259999990463257,100,4.413446053382442,29,,5.035410404205322,,,,,,,,,,,,,,,,,,,,
calibration_minutes,20260818_0008,t1,1,sleep,ok,44,45,5997,131.0,5791,1354,0.23381108616819202,4400,427,103.57155202128119,2.2029998302459717,100,3.120946671455666,29,,5.033364772796631,,,,,,,,,,,,,,,,,,,,
calibration_minutes,20260818_0009,t1,1,sleep,ok,53,55,6326,129.0,5854,1094,0.1868807652886915,5300,807,108.07947943697695,1.2220001220703125,100,3.327827685730497,45,,4.389027118682861,,,,,,,,,,,,,,,,,,,,
calibration_minutes,20260818_0010,t1,1,sleep,ok,57,58,7354,131.0,5912,499,0.08440460081190798,5700,441,124.40159010088156,0.5840001106262207,100,2.4933419190233765,53,,4.809830188751221,,,,,,,,,,,,,,,,,,,,
calibration_minutes,20260818_0011,t1,1,sleep,ok,44,46,6081,130.0,5882,1386,0.2356341380482829,4400,485,103.39902380096538,1.9290001392364502,100,5.180462247170641,28,,5.008542060852051,,,,,,,,,,,,,,,,,,,,
calibration_minutes,20260818_0012,t1,1,sleep,ok,44,46,6043,131.0,5860,1528,0.26075085324232083,4400,542,103.14046738798453,3.565000057220459,100,3.7427566388801194,31,,5.215673446655273,,,,,,,,,,,,,,,,,,,,
calibration_minutes,20260818_0013,t1,1,sleep,ok,48,50,6285,131.0,5859,1295,0.22102747909199522,4800,597,107.28551429036773,1.5219998359680176,100,3.4961550914282666,34,,4.728888988494873,,,,,,,,,,,,,,,,,,,,
calibration_minutes,20260818_0014,t1,1,sleep,ok,39,40,5562,132.0,5815,1707,0.2935511607910576,3900,372,95.66234398252021,2.4509999752044678,100,2.2864996276084044,18,,4.634519577026367,,,,,,,,,,,,,,,,,,,,
calibration_minutes,20260818_0015,t1,1,sleep,ok,51,52,6399,131.0,5861,1139,0.19433543763862823,5100,604,109.18118383763913,3.1410000324249268,100,3.543596386338616,43,,4.352532863616943,,,,,,,,,,,,,,,,,,,,
calibration_minutes,20260818_0016,t1,1,sleep,ok,54,56,7503,132.0,5859,403,0.06878306878306878,5400,199,128.06376719512306,0.6440000534057617,100,2.7369539835476315,46,,17.56191062927246,,,,,,,,,,,,,,,,,,,,
calibration_minutes,20260818_0017,t1,1,sleep,ok,51,52,6663,131.0,5905,1070,0.18120237087214225,5100,633,112.85377933263578,0.937000036239624,100,4.2852923587884595,38,,4.890113353729248,,,,,,,,,,,,,,,,,,,,
calibration_minutes,20260818_0018,t1,1,sleep,ok,45,47,6264,132.0,5980,1348,0.2254180602006689,4500,392,104.76317892368917,2.057999849319458,100,3.2181767427486334,26,,4.576306819915772,,,,,,,,,,,,,,,,,,,,
calibration_minutes,20260818_0019,t1,1,sleep,ok,37,38,5098,131.0,5803,2030,0.3498190591073583,3700,382,87.852625345017,3.6440000534057617,100,4.178614277065477,20,,6.271660804748535,,,,,,,,,,,,,,,,,,,,
calibration_minutes,20260818_0020,t1,1,sleep,ok,54,56,6916,132.0,5859,660,0.11264720942140297,5400,450,118.04062143934985,1.002000093460083,100,1.9598339990557299,49,,4.408641338348389,,,,,,,,,,,,,,,,,,,,
calibration_minutes,20260818_0021,t1,1,sleep,ok,55,57,7309,132.0,5860,521,0.08890784982935153,5500,392,124.72696266032236,0.6850001811981201,100,2.3413379252275175,51,,4.5659918785095215,,,,,,,,,,,,,,,,,,,,
calibration_minutes,20260818_0022,t1,1,sleep,ok,43,45,6094,131.0,5968,1530,0.25636729222520105,4300,430,102.12323814901185,2.067000150680542,100,1.7017921155373983,28,,4.854769706726074,,,,,,,,,,,,,,,,,,,,
calibration_minutes,20260818_0023,t1,1,sleep,ok,42,44,5852,132.0,5979,1668,0.2789764174611139,4200,414,97.89227131919344,3.388000011444092,100,12.154140833062666,22,,4.740220546722412,,,,,,,,,,,,,,,,,,,,
calibration_minutes,20260818_0024,t1,1,sleep,ok,50,51,5727,110.5,5859,1642,0.280252602833248,5000,1009,97.7604041910797,1.8329999446868896,100,5.049696494563587,41,,8.629074096679688,,,,,,,,,,,,,,,,,,,,
calibration_minutes,20260818_0025,t1,1,sleep,ok,50,51,6073,124.0,5867,1455,0.2479972728822226,5000,864,103.52704562316592,1.886000156402588,100,12.055107992244068,39,,6.084503650665283,,,,,,,,,,,,,,,,,,,,
calibration_minutes,20260818_0026,t1,1,sleep,ok,48,50,6275,128.0,5875,1373,0.23370212765957446,4800,765,106.81760127256794,1.315000057220459,100,4.516597630597461,34,,6.352677345275879,,,,,,,,,,,,,,,,,,,,
calibration_minutes,20260818_0027,t1,1,sleep,ok,40,42,5931,131.5,5975,1666,0.27882845188284516,4000,364,99.27190578894917,2.252000093460083,100,3.6805009191073275,24,,13.153887748718262,,,,,,,,,,,,,,,,,,,,
calibration_minutes,20260818_0028,t1,1,sleep,ok,43,44,5822,132.0,5904,1687,0.28573848238482386,4300,622,98.62113371786437,2.2149999141693115,100,4.5130076467074565,25,,8.046042442321777,,,,,,,,,,,,,,,,,,,,
calibration_minutes,20260818_0029,t1,1,sleep,ok,48,50,6132,130.5,5860,1407,0.2401023890784983,4800,695,104.65235330274001,1.998000144958496,100,3.4344341710581103,35,,4.686228275299072,,,,,,,,,,,,,,,,,,,,
calibration_minutes,20260818_0030,t1,1,sleep,ok,53,55,6605,132.0,5967,1132,0.18971007206301324,5300,760,110.69956065185268,1.8940000534057617,100,4.336376928210331,43,,4.805462837219238,,,,,,,,,,,,,,,,,,,,
calibration_minutes,20260818_0031,t1,1,sleep,ok,46,48,5981,132.0,5958,1565,0.2626720375965089,4600,518,100.39614576721559,2.197999954223633,100,5.184225932631566,28,,4.561004161834717,,,,,,,,,,,,,,,,,,,,
calibration_minutes,20260818_0032,t1,1,sleep,ok,52,52,6176,130.0,5756,1203,0.20899930507296735,5200,868,107.30046197897197,1.069000005722046,100,2.43951177814487,44,,4.627069473266602,,,,,,,,,,,,,,,,,,,,
calibration_minutes,20260818_0033,t1,1,sleep,ok,54,56,7131,132.0,5859,699,0.11930363543266768,5400,462,121.72057686023263,0.879000186920166,100,3.6358963859072597,48,,4.607184410095215,,,,,,,,,,,,,,,,,,,,
calibration_minutes,20260818_0034,t1,1,sleep,ok,48,50,6368,131.0,5890,1253,0.2127334465195246,4800,592,108.12095678824473,2.322999954223633,100,2.6258594777804536,37,,4.699313163757324,,,,,,,,,,,,,,,,,,,,
calibration_minutes,20260818_0035,t1,1,sleep,ok,46,47,5963,132.0,5793,1419,0.24495080269290523,4600,519,102.94346145720719,2.0769999027252197,100,3.48715368066322,33,,5.480864524841309,,,,,,,,,,,,,,,,,,,,
calibration_minutes,20260818_0036,t1,1,sleep,ok,56,58,6630,131.0,5860,865,0.1476109215017065,5600,802,113.15537955926906,0.9210000038146973,100,1.9559242698553683,52,,4.540762424468994,,,,,,,,,,,,,,,,,,,,
calibration_minutes,20260818_0037,t1,1,sleep,ok,51,53,6839,132.0,5860,937,0.1598976109215017,5100,514,116.7144515857763,1.0399999618530273,100,4.379667420491108,42,,12.48869800567627,,,,,,,,,,,,,,,,,,,,
calibration_minutes,20260818_0038,t1,1,sleep,ok,50,52,6919,133.0,5862,898,0.1531900375298533,5000,410,118.0495132473431,0.9479999542236328,100,3.336236503469332,39,,9.74571418762207,,,,,,,,,,,,,,,,,,,,
calibration_minutes,20260818_0039,t1,1,sleep,ok,47,49,6181,132.0,5994,1444,0.24090757424090758,4700,534,103.12150705235746,2.5910000801086426,100,4.368912666242501,34,,5.143791198730469,,,,,,,,,,,,,,,,,,,,
calibration_minutes,20260818_0040,t1,1,sleep,ok,52,53,6231,126.0,5903,1405,0.23801456886328987,5200,924,105.55828525870874,2.436000108718872,100,4.397312478048162,44,,13.59162139892578,,,,,,,,,,,,,,,,,,,,
calibration_minutes,20260818_0041,t1,1,sleep,ok,52,53,6515,131.0,5906,1167,0.19759566542499155,5200,698,110.31901924666842,2.049999952316284,100,3.7860946282157064,42,,7.807466506958008,,,,,,,,,,,,,,,,,,,,
calibration_minutes,20260818_0042,t1,1,sleep,ok,50,51,6295,124.0,5923,1380,0.23299003883167313,5000,820,106.2823952838906,1.0269999504089355,100,4.611685327015325,37,,14.115886688232422,,,,,,,,,,,,,,,,,,,,
calibration_minutes,20260818_0043,t1,1,sleep,ok,46,48,5936,132.0,5764,1388,0.24080499653018736,4600,530,103.00012138741204,2.0759999752044678,100,4.497667700485557,32,,11.634344100952148,,,,,,,,,,,,,,,,,,,,
calibration_minutes,20260818_0044,t1,1,sleep,ok,52,53,6633,132.0,5700,711,0.12473684210526316,5200,373,116.38679804400127,1.935999870300293,100,1.981886369006942,45,,14.85485553741455,,,,,,,,,,,,,,,,,,,,
calibration_minutes,20260818_0045,t1,1,sleep,ok,53,55,7050,132.0,5952,781,0.13121639784946237,5300,429,118.4575315058945,1.1689999103546143,100,3.2244374670294,47,,4.8490824699401855,,,,,,,,,,,,,,,,,,,,
calibration_minutes,20260818_0046,t1,1,sleep,ok,40,42,5766,132.0,5996,1737,0.2896931287525017,4000,382,96.17052529033951,2.3539998531341553,100,0.9005918270812573,21,,4.692533493041992,,,,,,,,,,,,,,,,,,,,
calibration_minutes,20260818_0047,t1,1,sleep,ok,48,50,6209,131.0,5863,1309,0.22326454033771106,4800,672,105.9140607721689,1.883000135421753,100,3.7947317793926043,30,,5.077356338500977,,,,,,,,,,,,,,,,,,,,
calibration_minutes,20260818_0048,t1,1,sleep,ok,52,52,6446,128.5,5863,1188,0.2026266416510319,5200,749,109.96246991414381,1.7649998664855957,100,2.918013843146368,43,,4.826549530029297,,,,,,,,,,,,,,,,,,,,
calibration_minutes,20260818_0049,t1,1,sleep,ok,48,49,6406,131.0,5901,1215,0.20589730554143365,4800,529,108.56891067709184,2.1399998664855957,100,2.752219136206177,33,,4.679440021514893,,,,,,,,,,,,,,,,,,,,
calibration_minutes,20260818_0050,t1,1,sleep,ok,45,46,6312,132.0,5829,1179,0.20226453937210498,4500,393,108.29544508063093,2.071000099182129,100,4.930992144879416,31,,4.794331073760986,,,,,,,,,,,,,,,,,,,,
calibration_minutes,20260818_0051,t1,1,sleep,ok,47,49,5626,124.0,5832,1656,0.2839506172839506,4700,776,96.47768953402051,2.4179999828338623,100,3.256584234083343,33,,4.982027053833008,,,,,,,,,,,,,,,,,,,,
calibration_minutes,20260818_0052,t1,1,sleep,ok,49,51,5872,120.0,5860,1502,0.25631399317406145,4900,1006,100.2150389096036,1.0120000839233398,100,3.4312908122493733,35,,9.620058059692385,,,,,,,,,,,,,,,,,,,,
calibration_minutes,20260818_0053,t1,1,sleep,ok,42,43,5856,131.0,5904,1607,0.2721883468834688,4200,430,99.1953924195137,2.308000087738037,100,2.147791169762982,22,,6.150323867797852,,,,,,,,,,,,,,,,,,,,
calibration_minutes,20260818_0054,t1,1,sleep,ok,46,46,6203,132.0,5852,1250,0.21360218728639782,4600,312,106.01425387867006,1.9179999828338623,100,4.223963281817525,30,,10.116101264953612,,,,,,,,,,,,,,,,,,,,
calibration_minutes,20260818_0055,t1,1,sleep,ok,53,55,6692,131.0,5859,887,0.15139102235876428,5300,526,114.23109057377845,2.0870001316070557,100,4.802146262967705,45,,13.855339050292969,,,,,,,,,,,,,,,,,,,,
calibration_minutes,20260818_0056,t1,1,sleep,ok,52,54,7035,132.0,5860,775,0.13225255972696245,5200,485,120.06553697175828,0.6590001583099365,100,4.121584033310806,42,,14.502735137939451,,,,,,,,,,,,,,,,,,,,
calibration_minutes,20260818_0057,t1,1,sleep,ok,50,52,6351,131.0,5854,1191,0.20345063204646396,5000,575,108.4991883605952,2.296999931335449,100,4.025070448247108,38,,8.50645637512207,,,,,,,,,,,,,,,,,,,,
calibration_minutes,20260818_0058,t1,1,sleep,ok,48,49,5833,127.5,5848,1536,0.26265389876880985,4800,800,99.75885489176383,1.9739999771118164,100,5.673232186052788,40,,4.990574836730957,,,,,,,,,,,,,,,,,,,,
calibration_minutes,20260818_0059,t1,1,sleep,ok,49,50,6527,131.0,5972,1230,0.20596115204286672,4900,590,109.30984247044691,1.5230000019073486,100,2.101965803397624,36,,4.646324634552002,,,,,,,,,,,,,,,,,,,,
calibration_minutes,20260818_0100,t1,1,sleep,ok,44,46,5417,130.5,5854,1855,0.31687734882131874,4400,737,92.54292290180194,3.061000108718872,100,4.866693925372893,27,,4.592164993286133,,,,,,,,,,,,,,,,,,,,
calibration_minutes,20260818_0101,t1,1,sleep,ok,48,49,5795,132.0,5860,1459,0.24897610921501706,4800,766,98.90091118548244,4.187000036239624,100,1.753404236470508,38,,4.283961296081543,,,,,,,,,,,,,,,,,,,,
calibration_minutes,20260818_0102,t1,1,sleep,ok,50,52,6805,132.0,5860,973,0.1660409556313993,5000,505,116.14015338917058,1.4600000381469727,100,3.808015749377189,38,,6.7142415046691895,,,,,,,,,,,,,,,,,,,,
calibration_minutes,20260818_0103,t1,1,sleep,ok,51,53,6712,131.0,5972,1034,0.17314132618888145,5100,447,112.39492247717199,2.88700008392334,100,2.6368744757633,43,,4.678789615631104,,,,,,,,,,,,,,,,,,,,
calibration_minutes,20260818_0104,t1,1,sleep,ok,43,45,6006,131.0,5879,1431,0.2434087429835006,4300,360,102.17239679464323,1.8589999675750732,100,5.136899175768449,26,,5.20786714553833,,,,,,,,,,,,,,,,,,,,
calibration_minutes,20260818_0105,t1,1,sleep,ok,57,59,7402,131.0,5860,280,0.04778156996587031,5700,265,126.32908381875689,0.37599992752075195,100,2.01153385630732,55,,4.7389020919799805,,,,,,,,,,,,,,,,,,,,
calibration_minutes,20260818_0106,t1,1,sleep,ok,55,56,7213,131.0,5859,535,0.09131251066734938,5500,401,123.12025254422352,0.6530001163482666,100,2.168256243523333,49,,4.709864139556885,,,,,,,,,,,,,,,,,,,,
calibration_minutes,20260818_0107,t1,1,sleep,ok,42,43,5987,131.0,5910,1488,0.2517766497461929,4200,335,101.30459023275829,1.883000135421753,100,4.306692142311384,25,,14.897653579711914,,,,,,,,,,,,,,,,,,,,
calibration_minutes,20260818_0108,t1,1,sleep,ok,54,56,6209,106.0,5963,1365,0.22891162166694617,5400,1069,104.1394116632272,2.1080000400543213,100,1.9868586058370048,46,,14.737722396850586,,,,,,,,,,,,,,,,,,,,
calibration_minutes,20260818_0109,t1,1,sleep,ok,42,43,5942,131.0,5820,1400,0.24054982817869416,4200,297,102.09797439945118,2.442000150680542,100,3.621580923288575,20,,4.804512023925781,,,,,,,,,,,,,,,,,,,,
calibration_minutes,20260818_0110,t1,1,sleep,ok,51,52,5785,108.0,5906,1694,0.2868269556383339,5100,1097,97.95455300561584,2.2059998512268066,100,4.4431326179739035,40,,9.333449363708496,,,,,,,,,,,,,,,,,,,,
calibration_minutes,20260818_0111,t1,1,sleep,ok,50,52,6434,130.5,5996,1235,0.20597064709806537,5000,662,107.3156086401137,1.2599999904632568,100,5.113839854882649,38,,4.608038902282715,,,,,,,,,,,,,,,,,,,,
calibration_minutes,20260818_0112,t1,1,sleep,ok,41,43,5206,127.0,5862,1947,0.3321392016376663,4100,730,88.82443248832382,2.366999864578247,100,7.831415206362485,29,,5.091738224029541,,,,,,,,,,,,,,,,,,,,
calibration_minutes,20260818_0113,t1,1,sleep,ok,53,55,6499,130.0,5860,998,0.17030716723549488,5300,749,110.91768653581478,0.5879998207092285,100,2.7634861242847677,45,,4.9511542320251465,,,,,,,,,,,,,,,,,,,,
calibration_minutes,20260818_0114,t1,1,sleep,ok,49,51,6729,131.0,5896,960,0.1628222523744912,4900,393,114.14177382257911,1.6100001335144043,100,2.5114095923451725,37,,5.4553937911987305,,,,,,,,,,,,,,,,,,,,
calibration_minutes,20260818_0115,t1,1,sleep,ok,42,44,5883,131.0,5864,1500,0.2557980900409277,4200,362,100.33769960195906,2.2909998893737793,100,2.0557355122471,24,,4.462563514709473,,,,,,,,,,,,,,,,,,,,
calibration_minutes,20260818_0116,t1,1,sleep,ok,45,46,5588,129.0,5785,1610,0.2783059636992221,4500,648,96.60466104119064,3.5910000801086426,100,3.4631204934904325,35,,7.742056846618652,,,,,,,,,,,,,,,,,,,,
calibration_minutes,20260818_0117,t1,1,sleep,ok,53,54,6467,130.0,5936,1224,0.20619946091644206,5300,839,108.96010244318346,0.9070000648498535,100,2.470442704690474,41,,5.87982177734375,,,,,,,,,,,,,,,,,,,,
calibration_minutes,20260818_0118,t1,1,sleep,ok,42,43,5934,131.0,5888,1493,0.25356657608695654,4200,307,100.78980891719745,2.263000011444092,100,1.343449803590952,19,,4.608665466308594,,,,,,,,,,,,,,,,,,,,
calibration_minutes,20260818_0119,t1,1,sleep,ok,53,55,6017,111.0,5867,1388,0.23657746718936423,5300,1033,102.57415600402301,2.453000068664551,100,4.3626668368791375,45,,6.431140422821045,,,,,,,,,,,,,,,,,,,,
calibration_minutes,20260818_0120,t1,1,sleep,ok,47,48,6088,129.0,5898,1411,0.23923363852153273,4700,575,103.22843178097826,2.0450000762939453,100,3.516192795113934,34,,5.002187728881836,,,,,,,,,,,,,,,,,,,,
calibration_minutes,20260818_0121,t1,1,sleep,ok,54,56,6417,130.0,5861,1089,0.18580447022692373,5400,780,109.495776775216,1.7209999561309814,100,2.8793626179889937,47,,13.208470344543455,,,,,,,,,,,,,,,,,,,,
calibration_minutes,20260818_0122,t1,1,sleep,ok,49,51,6410,131.0,5858,1096,0.18709457152611814,4900,406,109.43795665296885,2.422999858856201,100,2.891306568858309,41,,,,,,,,,,,,,,,,,,,,,,
calibration_minutes,20260818_0123,t1,1,sleep,ok,48,50,6074,131.0,5861,1455,0.24825115168060058,4800,683,103.64480266230771,3.551999807357788,100,5.276701534371977,38,,4.862505912780762,,,,,,,,,,,,,,,,,,,,
calibration_minutes,20260818_0124,t1,1,sleep,ok,57,58,6734,131.0,5846,934,0.15976736229900787,5700,919,115.20169706845485,0.6359999179840088,100,4.962292658754967,55,,4.701137065887451,,,,,,,,,,,,,,,,,,,,
calibration_minutes,20260818_0125,t1,1,sleep,ok,45,45,5443,121.0,5883,1865,0.3170151283358831,4500,782,92.53025956890538,2.3379998207092285,100,4.16244900401087,29,,4.676553249359131,,,,,,,,,,,,,,,,,,,,
calibration_minutes,20260818_0126,t1,1,sleep,ok,41,42,5947,131.0,5945,1567,0.26358284272497895,4100,356,100.04878789937288,2.122999906539917,100,2.2201605851800044,22,,5.90091609954834,,,,,,,,,,,,,,,,,,,,
calibration_minutes,20260818_0127,t1,1,sleep,ok,56,58,7000,132.0,5860,582,0.09931740614334471,5600,461,119.4580018784933,1.3489999771118164,100,1.8934236744676478,52,,,,,,,,,,,,,,,,,,,,,,
calibration_minutes,20260818_0128,t1,1,sleep,ok,56,58,7316,132.0,5859,568,0.09694487113841953,5600,482,124.87198731167804,0.9800000190734863,100,2.84166195225834,52,,4.869274616241455,,,,,,,,,,,,,,,,,,,,
calibration_minutes,20260818_0129,t1,1,sleep,ok,53,54,6342,131.0,5945,1281,0.21547518923465098,5300,906,106.6958276227257,1.875999927520752,100,3.4856833177274194,45,,4.72276496887207,,,,,,,,,,,,,,,,,,,,
calibration_minutes,20260818_0130,t1,1,sleep,ok,40,42,5431,131.0,5859,1833,0.3128520225294419,4000,577,92.70607522878414,2.5199999809265137,100,4.688926887563786,24,,13.39143180847168,,,,,,,,,,,,,,,,,,,,
calibration_minutes,20260818_0131,t1,1,sleep,ok,46,46,5740,131.0,5828,1531,0.26269732326698697,4600,557,98.49849874028868,2.2889997959136963,100,3.829708138420652,32,,4.558849811553955,,,,,,,,,,,,,,,,,,,,
calibration_minutes,20260818_0132,t1,1,sleep,ok,53,53,5439,100.0,5880,1857,0.31581632653061226,5300,1423,92.50157349207414,2.4589998722076416,100,4.613988312026173,46,,5.0045166015625,,,,,,,,,,,,,,,,,,,,
calibration_minutes,20260818_0133,t1,1,sleep,ok,46,48,6102,132.0,5851,1334,0.22799521449324903,4600,410,104.29699553019972,2.305999994277954,100,4.896650918396586,33,,4.986059188842773,,,,,,,,,,,,,,,,,,,,
calibration_minutes,20260818_0134,t1,1,sleep,ok,44,45,5648,131.0,5902,1725,0.29227380548966453,4400,671,95.69961724845673,2.50600004196167,100,2.67789255505241,29,,13.11027717590332,,,,,,,,,,,,,,,,,,,,
calibration_minutes,20260818_0135,t1,1,sleep,ok,56,58,6398,131.0,5860,1019,0.17389078498293514,5600,905,109.18461371694288,1.5880000591278076,100,3.8782583039062204,52,,4.577824592590332,,,,,,,,,,,,,,,,,,,,
calibration_minutes,20260818_0136,t1,1,sleep,ok,57,58,7576,132.0,5997,462,0.07703851925962982,5700,283,126.34879295231804,1.7669999599456787,100,2.7729722276626125,54,,5.089061737060547,,,,,,,,,,,,,,,,,,,,
calibration_minutes,20260818_0137,t1,1,sleep,ok,50,50,6414,132.0,5816,1160,0.19944979367262725,5000,606,110.28956573447337,2.049999952316284,100,4.10121998524229,38,,4.627713680267334,,,,,,,,,,,,,,,,,,,,
calibration_minutes,20260818_0138,t1,1,sleep,ok,38,40,5497,132.0,5885,1863,0.3165675446049278,3800,378,93.41172890492791,2.4809999465942383,100,4.351118277013535,18,,4.741331100463867,,,,,,,,,,,,,,,,,,,,
calibration_minutes,20260818_0139,t1,1,sleep,ok,49,51,5371,109.0,5819,1867,0.3208455061007046,4900,1122,92.30108294766768,3.4650001525878906,100,3.0260822364954274,39,,10.022789001464844,,,,,,,,,,,,,,,,,,,,
calibration_minutes,20260818_0140,t1,1,sleep,ok,49,50,6499,132.0,5833,1102,0.18892508143322476,4900,597,111.42352571319047,0.7820000648498535,100,4.83326097890516,35,,4.743929862976074,,,,,,,,,,,,,,,,,,,,
calibration_minutes,20260818_0141,t1,1,sleep,ok,54,55,6311,122.0,5907,1244,0.2105975960724564,5400,998,106.84115186288324,0.7610001564025879,100,2.2809215520585315,44,,4.598073482513428,,,,,,,,,,,,,,,,,,,,
calibration_minutes,20260818_0142,t1,1,sleep,ok,46,48,5904,131.5,5998,1636,0.272757585861954,4600,544,98.44101685565485,2.447000026702881,100,3.742134159312857,29,,4.775565147399902,,,,,,,,,,,,,,,,,,,,
calibration_minutes,20260818_0143,t1,1,sleep,ok,46,48,5594,122.5,5841,1699,0.2908748501968841,4600,744,95.77619110361648,3.180000066757202,100,2.398907486089461,32,,7.161590576171875,,,,,,,,,,,,,,,,,,,,
calibration_minutes,20260818_0144,t1,1,sleep,ok,51,53,6074,118.0,5889,1463,0.24842927491934114,5100,981,103.15020804931166,1.7630000114440918,100,5.015480377912738,41,,4.996125221252441,,,,,,,,,,,,,,,,,,,,
calibration_minutes,20260818_0145,t1,1,sleep,ok,40,42,5498,132.0,5973,1935,0.32395781014565544,4000,376,92.06296043814564,2.2279999256134033,100,1.6832927015976984,19,,4.768150329589844,,,,,,,,,,,,,,,,,,,,
calibration_minutes,20260818_0146,t1,1,sleep,ok,50,52,6612,132.0,5824,934,0.16037087912087913,5000,380,113.5321694698866,2.378999948501587,100,3.2272751082980906,41,,4.89642333984375,,,,,,,,,,,,,,,,,,,,
calibration_minutes,20260818_0147,t1,1,sleep,ok,51,53,6843,132.0,5786,834,0.14414103007258902,5100,416,118.28254384039957,3.1080000400543213,100,2.341627631892577,45,,4.784305572509766,,,,,,,,,,,,,,,,,,,,
calibration_minutes,20260818_0148,t1,1,sleep,ok,38,40,5091,129.0,5822,2125,0.36499484713156993,3800,561,87.44567945187717,3.3350000381469727,100,7.510877165105353,18,,4.53172492980957,,,,,,,,,,,,,,,,,,,,
calibration_minutes,20260818_0149,t1,1,sleep,ok,43,45,5434,105.0,5997,2103,0.3506753376688344,4300,901,90.62103931041827,2.4819998741149902,100,5.566107846149773,29,,5.083398342132568,,,,,,,,,,,,,,,,,,,,
calibration_minutes,20260818_0150,t1,1,sleep,ok,46,47,6066,132.0,5783,1366,0.2362095798028705,4600,505,104.89728146913735,2.447000026702881,100,5.663038696899543,35,,4.540135383605957,,,,,,,,,,,,,,,,,,,,
calibration_minutes,20260818_0151,t1,1,sleep,ok,54,56,6949,132.0,5994,979,0.16332999666333,5400,620,115.95000918829106,2.000999927520752,100,3.3437669735685325,50,,4.608351707458496,,,,,,,,,,,,,,,,,,,,
calibration_minutes,20260818_0152,t1,1,sleep,ok,48,50,6277,132.0,5921,1297,0.21905083600743117,4800,536,106.02145102759556,2.9730000495910645,100,3.279333403290736,32,,4.776877403259277,,,,,,,,,,,,,,,,,,,,
calibration_minutes,20260818_0153,t1,1,sleep,ok,56,58,7286,132.0,5859,450,0.07680491551459294,5600,384,124.35993706299702,0.5959999561309814,100,3.491835984374342,52,,4.337930202484131,,,,,,,,,,,,,,,,,,,,
calibration_minutes,20260818_0154,t1,1,sleep,ok,53,54,6708,132.0,5844,889,0.15212183436002738,5300,548,114.8001096826656,1.2650001049041748,100,3.0796985903630123,46,,4.641457557678223,,,,,,,,,,,,,,,,,,,,
calibration_minutes,20260818_0155,t1,1,sleep,ok,52,53,6197,129.0,5940,1394,0.23468013468013468,5200,905,104.32835582017627,1.4900000095367432,100,2.1472890759560572,43,,4.841314792633057,,,,,,,,,,,,,,,,,,,,
calibration_minutes,20260818_0156,t1,1,sleep,ok,51,53,6243,129.0,5878,1333,0.2267778155835318,5100,792,106.22043773600875,2.7360000610351562,100,2.237258061843897,41,,7.427706718444824,,,,,,,,,,,,,,,,,,,,
calibration_minutes,20260818_0157,t1,1,sleep,ok,44,46,5990,131.5,5952,1549,0.2602486559139785,4400,431,100.6485865871326,2.0239999294281006,100,6.358236384234305,27,,13.756397247314451,,,,,,,,,,,,,,,,,,,,
calibration_minutes,20260818_0158,t1,1,sleep,ok,43,44,5799,132.0,5810,1526,0.26265060240963856,4300,436,99.82613471971672,2.506999969482422,100,3.536872310577161,25,,4.504318714141846,,,,,,,,,,,,,,,,,,,,
calibration_minutes,20260818_0159,t1,1,sleep,ok,57,59,7283,132.0,5861,346,0.059034294488995054,5700,327,124.26631168138475,0.15399980545043945,100,2.6812314981398946,55,,,,,,,,,,,,,,,,,,,,,,
calibration_minutes,20260818_0200,t1,1,sleep,ok,50,52,6841,131.0,5860,922,0.15733788395904436,5000,450,116.75854637481237,0.7230000495910645,100,3.7399944241681515,36,,4.685274124145508,,,,,,,,,,,,,,,,,,,,
calibration_minutes,20260818_0201,t1,1,sleep,ok,48,50,6635,132.0,5854,1063,0.18158524086094976,4800,432,113.34130516439404,1.8519999980926514,100,3.011037896211154,37,,4.768802642822266,,,,,,,,,,,,,,,,,,,,
calibration_minutes,20260818_0202,t1,1,sleep,ok,46,47,6328,132.0,5881,1202,0.20438700901207277,4600,337,107.61538758428738,2.1050000190734863,100,3.163292559911815,32,,5.213936805725098,,,,,,,,,,,,,,,,,,,,
calibration_minutes,20260818_0203,t1,1,sleep,ok,51,53,6151,125.0,5842,1348,0.23074289626840122,5100,845,105.29108696552252,1.9049999713897705,100,2.9898001535179692,43,,7.263906478881836,,,,,,,,,,,,,,,,,,,,
calibration_minutes,20260818_0204,t1,1,sleep,ok,54,56,6895,132.0,5861,743,0.12677017573792868,5400,500,117.652077429502,0.9249999523162842,100,3.053344272628217,46,,4.427985191345215,,,,,,,,,,,,,,,,,,,,
calibration_minutes,20260818_0205,t1,1,sleep,ok,56,58,7511,132.0,5860,420,0.07167235494880546,5600,358,128.18062331438387,0.5120000839233398,100,1.9019648054730622,52,,4.71889591217041,,,,,,,,,,,,,,,,,,,,
calibration_minutes,20260818_0206,t1,1,sleep,ok,49,51,6600,132.0,5872,984,0.167574931880109,4900,436,112.41505005636873,1.1779999732971191,100,3.6420463379125234,33,,4.67156457901001,,,,,,,,,,,,,,,,,,,,
calibration_minutes,20260818_0207,t1,1,sleep,ok,50,52,5885,126.5,5862,1598,0.27260320709655406,5000,953,100.39578281306363,3.441999912261963,100,3.480995174464174,42,,4.583440780639648,,,,,,,,,,,,,,,,,,,,
calibration_minutes,20260818_0208,t1,1,sleep,ok,40,42,5736,131.0,5896,1666,0.28256445047489825,4000,367,97.2895960748565,2.007000207901001,100,3.286030069741848,23,,4.659425258636475,,,,,,,,,,,,,,,,,,,,
calibration_minutes,20260818_0209,t1,1,sleep,ok,57,59,7401,132.0,5858,335,0.05718675315807443,5700,321,126.35083267775516,0.21700000762939453,100,1.6324722941492056,55,,4.219127178192139,,,,,,,,,,,,,,,,,,,,
calibration_minutes,20260818_0210,t1,1,sleep,ok,53,54,7091,131.0,5860,635,0.1083617747440273,5300,305,121.00889098397026,1.2730000019073486,100,1.411835058565984,44,,4.565678596496582,,,,,,,,,,,,,,,,,,,,
calibration_minutes,20260818_0211,t1,1,sleep,ok,39,41,5476,132.0,5954,1903,0.31961706415854885,3900,350,91.98568791667682,2.55400013923645,100,2.0123968340572294,20,,4.829086780548096,,,,,,,,,,,,,,,,,,,,
calibration_minutes,20260818_0212,t1,1,sleep,ok,51,53,6057,124.0,5978,1453,0.24305787888926061,5100,866,101.32320707196591,2.1510000228881836,100,2.407177205582915,41,,4.736021041870117,,,,,,,,,,,,,,,,,,,,
calibration_minutes,20260818_0213,t1,1,sleep,ok,51,53,6229,131.0,5841,1151,0.197055298750214,5100,727,106.65000189674336,2.077000141143799,100,3.5562330989945257,40,,4.661013126373291,,,,,,,,,,,,,,,,,,,,
calibration_minutes,20260818_0214,t1,1,sleep,ok,47,49,6609,131.0,5859,1020,0.1740911418330773,4700,405,112.8123717656697,1.3100001811981201,100,1.7881347392945615,31,,4.575666427612305,,,,,,,,,,,,,,,,,,,,
calibration_minutes,20260818_0215,t1,1,sleep,ok,42,43,5522,126.0,5920,1843,0.31131756756756757,4200,553,93.28017845653616,2.9160001277923584,100,2.3213368586966854,26,,5.566357612609863,,,,,,,,,,,,,,,,,,,,
calibration_minutes,20260818_0216,t1,1,sleep,ok,52,54,6598,131.0,5859,917,0.15651135005973715,5200,507,112.61691802657897,2.7249999046325684,100,2.6522936879298125,45,,4.577515125274658,,,,,,,,,,,,,,,,,,,,
calibration_minutes,20260818_0217,t1,1,sleep,ok,53,54,6401,130.0,5839,1146,0.19626648398698407,5300,803,109.63620158089927,1.9560000896453857,100,5.712609855375899,47,,4.601849555969238,,,,,,,,,,,,,,,,,,,,
calibration_minutes,20260818_0218,t1,1,sleep,ok,48,49,6022,126.5,5860,1542,0.26313993174061434,4800,775,102.78029034777373,3.118000030517578,100,2.1696073975477876,38,,4.64105224609375,,,,,,,,,,,,,,,,,,,,
calibration_minutes,20260818_0219,t1,1,sleep,ok,49,50,6567,131.0,5885,1010,0.17162276975361088,4900,466,111.59637026978254,1.1140000820159912,100,4.90128724372994,32,,4.639516830444336,,,,,,,,,,,,,,,,,,,,
calibration_minutes,20260818_0220,t1,1,sleep,ok,46,47,5486,118.5,5860,1843,0.3145051194539249,4600,840,93.63372564793697,2.444999933242798,100,5.436808983050781,36,,4.865887641906738,,,,,,,,,,,,,,,,,,,,
calibration_minutes,20260818_0221,t1,1,sleep,ok,50,52,6430,130.0,5874,1160,0.19748042219952333,5000,712,109.47848731743507,1.4780001640319824,100,3.463758302414136,38,,5.22968339920044,,,,,,,,,,,,,,,,,,,,
calibration_minutes,20260818_0222,t1,1,sleep,ok,56,57,6348,120.5,5810,1143,0.19672977624784854,5600,1061,109.26930023020536,0.7139999866485596,100,4.652054196500657,52,,5.130045413970947,,,,,,,,,,,,,,,,,,,,
calibration_minutes,20260818_0223,t1,1,sleep,ok,48,49,5766,130.0,5928,1624,0.2739541160593792,4800,718,97.2819757674512,2.8309998512268066,100,3.5956089371845885,38,,5.089433193206787,,,,,,,,,,,,,,,,,,,,
calibration_minutes,20260818_0224,t1,1,sleep,ok,45,46,5888,131.0,5996,1624,0.27084723148765844,4500,511,98.21026498543172,2.2070000171661377,100,5.499768146242484,28,,4.73018217086792,,,,,,,,,,,,,,,,,,,,
calibration_minutes,20260818_0225,t1,1,sleep,ok,47,49,5370,129.0,5840,1773,0.3035958904109589,4700,937,91.95677885993891,2.3309998512268066,100,4.438484116833194,35,,5.0719804763793945,,,,,,,,,,,,,,,,,,,,
calibration_minutes,20260818_0226,t1,1,sleep,ok,55,56,7168,131.0,5923,712,0.12020935336822557,5500,467,121.02792726697963,1.0279998779296875,100,3.1198352537281853,51,,4.672821998596191,,,,,,,,,,,,,,,,,,,,
calibration_minutes,20260818_0227,t1,1,sleep,ok,50,52,6703,131.0,5859,1001,0.17084826762246116,5000,544,114.4208118199419,1.3379998207092285,100,3.239511734833294,38,,4.929354667663574,,,,,,,,,,,,,,,,,,,,
calibration_minutes,20260818_0228,t1,1,sleep,ok,47,48,6377,132.0,5996,1256,0.209472981987992,4700,353,106.37020237589874,2.181999921798706,100,3.761156774195599,28,,4.909514427185059,,,,,,,,,,,,,,,,,,,,
calibration_minutes,20260818_0229,t1,1,sleep,ok,39,39,5141,130.0,5847,2058,0.35197537198563367,3900,502,87.9404720603034,2.1089999675750732,100,2.704038424971114,24,,4.723569869995117,,,,,,,,,,,,,,,,,,,,
calibration_minutes,20260818_0230,t1,1,sleep,ok,54,56,6579,131.0,5859,913,0.15582863969960745,5400,664,112.29645268633858,0.9679999351501465,100,3.2218911582001866,47,,4.410544395446777,,,,,,,,,,,,,,,,,,,,
calibration_minutes,20260818_0231,t1,1,sleep,ok,53,55,6929,131.0,5849,764,0.13062061890921525,5300,466,118.4808998780295,1.6770000457763672,100,2.6458346619360036,45,,15.613740921020508,,,,,,,,,,,,,,,,,,,,
calibration_minutes,20260818_0232,t1,1,sleep,ok,50,52,6409,131.0,5995,1202,0.20050041701417848,5000,654,106.90932149352639,1.0509998798370361,100,2.634676255727035,34,,13.017988204956056,,,,,,,,,,,,,,,,,,,,
calibration_minutes,20260818_0233,t1,1,sleep,ok,41,42,5806,131.0,5898,1593,0.27009155645981686,4100,226,98.44515658964968,2.31499981880188,100,2.7293765409003443,20,,11.878314971923828,,,,,,,,,,,,,,,,,,,,
calibration_minutes,20260818_0234,t1,1,sleep,ok,53,55,6666,131.0,5858,854,0.14578354387162853,5300,599,113.79698896031782,0.814000129699707,100,2.595096962903687,45,,10.765016555786133,,,,,,,,,,,,,,,,,,,,
calibration_minutes,20260818_0235,t1,1,sleep,ok,50,52,6811,132.0,5859,931,0.15890083632019117,5000,453,116.2524747922142,0.8659999370574951,100,5.022025966584733,40,,4.4130072593688965,,,,,,,,,,,,,,,,,,,,
calibration_minutes,20260818_0236,t1,1,sleep,ok,49,50,6439,132.0,5933,1180,0.19888757795381762,4900,448,108.52856916029113,1.809000015258789,100,2.4440269157322705,37,,7.530353546142578,,,,,,,,,,,,,,,,,,,,
calibration_minutes,20260818_0237,t1,1,sleep,ok,45,47,5778,131.0,5823,1524,0.26172076249356,4500,655,99.23401904642027,2.440000057220459,100,3.8105771711143204,29,,4.981035232543945,,,,,,,,,,,,,,,,,,,,
calibration_minutes,20260818_0238,t1,1,sleep,ok,49,50,5829,124.0,5866,1546,0.2635526764405046,4900,853,99.38449468423845,2.13700008392334,100,6.07830052169648,35,,4.865553855895996,,,,,,,,,,,,,,,,,,,,
calibration_minutes,20260818_0239,t1,1,sleep,ok,55,57,6959,131.0,5840,563,0.0964041095890411,5500,434,119.16503989473459,0.7960000038146973,100,2.509278771372621,51,,4.410544395446777,,,,,,,,,,,,,,,,,,,,
calibration_minutes,20260818_0240,t1,1,sleep,ok,52,54,6828,132.0,5860,879,0.15,5200,483,116.5366692950181,1.7690000534057617,100,2.6117053398078647,43,,4.474753856658936,,,,,,,,,,,,,,,,,,,,
calibration_minutes,20260818_0241,t1,1,sleep,ok,42,43,5892,132.0,5998,1632,0.2720906968989663,4200,289,98.24748635690618,3.188999891281128,100,5.103601387859129,21,,4.63919734954834,,,,,,,,,,,,,,,,,,,,
calibration_minutes,20260818_0242,t1,1,sleep,ok,51,51,6179,125.0,5878,1372,0.23341272541680844,5100,868,105.12615487713421,2.235999822616577,100,2.6634261054227744,41,,4.607184410095215,,,,,,,,,,,,,,,,,,,,
calibration_minutes,20260818_0243,t1,1,sleep,ok,46,48,6297,131.0,5983,1344,0.2246364699983286,4600,464,105.26227846420508,2.0909998416900635,100,2.3783014557225286,34,,4.671036720275879,,,,,,,,,,,,,,,,,,,,
calibration_minutes,20260818_0244,t1,1,sleep,ok,51,53,5904,116.0,5862,1511,0.25776185602183554,5100,1030,100.72678868084063,2.309000015258789,100,4.66317093416981,41,,4.90416431427002,,,,,,,,,,,,,,,,,,,,
calibration_minutes,20260818_0245,t1,1,sleep,ok,43,43,5869,132.0,5835,1515,0.2596401028277635,4300,400,100.59303465333798,2.0389997959136963,100,4.633514209339672,26,,4.61208438873291,,,,,,,,,,,,,,,,,,,,
calibration_minutes,20260818_0246,t1,1,sleep,ok,57,59,7508,132.0,5816,150,0.02579092159559835,5700,139,129.0943793796588,0.1099998950958252,100,1.5650211365172586,55,,,,,,,,,,,,,,,,,,,,,,
calibration_minutes,20260818_0247,t1,1,sleep,ok,51,53,6663,132.0,5859,986,0.16828810377197473,5100,478,113.73218439493603,2.1480000019073486,100,3.045306110204427,43,,4.777106285095215,,,,,,,,,,,,,,,,,,,,
calibration_minutes,20260818_0248,t1,1,sleep,ok,41,43,5574,132.0,5893,1803,0.30595621924316985,4100,462,94.5932184233415,2.3550000190734863,100,3.5439271272586024,23,,5.183725357055664,,,,,,,,,,,,,,,,,,,,
calibration_minutes,20260818_0249,t1,1,sleep,ok,50,52,5925,114.0,5875,1529,0.2602553191489362,5000,951,100.86823287432833,3.575000047683716,100,2.8425381385068214,41,,5.119637966156006,,,,,,,,,,,,,,,,,,,,
calibration_minutes,20260818_0250,t1,1,sleep,ok,42,43,6025,132.0,5819,1388,0.2385289568654408,4200,326,103.55792356629019,2.4079999923706055,100,1.9734662323158227,22,,4.546090126037598,,,,,,,,,,,,,,,,,,,,
calibration_minutes,20260818_0251,t1,1,sleep,ok,49,50,5610,126.0,5686,1560,0.27435807245867044,4900,948,98.67726729381926,3.445000171661377,100,4.279442814213116,38,,12.960472106933594,,,,,,,,,,,,,,,,,,,,
calibration_minutes,20260818_0252,t1,1,sleep,ok,46,48,6319,133.0,5876,1231,0.20949625595643295,4600,377,107.54097233157647,2.3259999752044678,100,2.450366674478114,28,,9.667200088500977,,,,,,,,,,,,,,,,,,,,
calibration_minutes,20260818_0253,t1,1,sleep,ok,57,59,7382,132.0,5854,297,0.05073454048513837,5700,254,126.10396531775555,0.34800004959106445,100,2.3508705611270315,55,,4.325152397155762,,,,,,,,,,,,,,,,,,,,
calibration_minutes,20260818_0254,t1,1,sleep,ok,48,49,6601,132.0,5801,1039,0.179107050508533,4800,450,113.80642028488056,0.867999792098999,100,2.6617318034441073,36,,5.019632339477539,,,,,,,,,,,,,,,,,,,,
calibration_minutes,20260818_0255,t1,1,sleep,ok,49,50,6368,132.0,5866,1179,0.20098874872144562,4900,513,108.57444925749081,1.005000114440918,100,4.366927664330557,35,,11.307743072509766,,,,,,,,,,,,,,,,,,,,
calibration_minutes,20260818_0256,t1,1,sleep,ok,53,54,6042,115.0,5842,1393,0.23844573776104075,5300,1103,103.43056716382725,0.8529999256134033,100,3.623320798878064,48,,4.741973400115967,,,,,,,,,,,,,,,,,,,,
calibration_minutes,20260818_0257,t1,1,sleep,ok,39,41,5684,131.0,5857,1747,0.2982755676967731,3900,387,97.05289761091605,2.492000102996826,100,2.307670054139836,24,,9.206844329833984,,,,,,,,,,,,,,,,,,,,
calibration_minutes,20260818_0258,t1,1,sleep,ok,52,53,6601,126.0,5998,1191,0.19856618872957651,5200,704,110.06986718294938,1.9100000858306885,100,3.6296201392172502,41,,6.556620597839356,,,,,,,,,,,,,,,,,,,,
calibration_minutes,20260818_0259,t1,1,sleep,ok,41,43,5844,132.0,5863,1553,0.26488146000341123,4100,363,99.67933447625792,4.11899995803833,100,2.301393331353702,20,,7.824914455413818,,,,,,,,,,,,,,,,,,,,
calibration_minutes,20260818_0300,t1,1,sleep,ok,51,53,6774,132.0,5764,799,0.13861901457321305,5100,392,117.53274921698412,1.7599999904632568,100,2.5671985383952887,44,,,,,,,,,,,,,,,,,,,,,,
calibration_minutes,20260818_0301,t1,1,sleep,ok,47,48,6134,132.0,5820,1319,0.22663230240549828,4700,514,105.40243297728301,2.118000030517578,100,3.1527353816642747,36,,4.699313163757324,,,,,,,,,,,,,,,,,,,,
calibration_minutes,20260818_0302,t1,1,sleep,ok,57,59,7090,132.0,5860,597,0.10187713310580204,5700,583,120.98976128905261,0.4399998188018799,100,2.0025492854214177,55,,4.570351600646973,,,,,,,,,,,,,,,,,,,,
calibration_minutes,20260818_0303,t1,1,sleep,ok,54,55,6963,132.0,5924,815,0.137575962187711,5400,579,117.55866955525488,0.8819999694824219,100,2.8090233733296737,44,,5.009604454040527,,,,,,,,,,,,,,,,,,,,
calibration_minutes,20260818_0304,t1,1,sleep,ok,54,56,7173,132.0,5859,502,0.08568015019627923,5400,289,122.43957371389753,0.9019999504089355,100,3.09851016835447,48,,4.982027053833008,,,,,,,,,,,,,,,,,,,,
calibration_minutes,20260818_0305,t1,1,sleep,ok,55,57,7368,132.0,5859,535,0.09131251066734938,5500,333,125.75739476145765,2.005000114440918,100,2.443686472659131,51,,4.87189531326294,,,,,,,,,,,,,,,,,,,,
calibration_minutes,20260818_0306,t1,1,sleep,ok,41,43,5768,132.0,5860,1608,0.2744027303754266,4100,374,98.44683367431652,2.26200008392334,100,3.4980220110117513,26,,4.66940975189209,,,,,,,,,,,,,,,,,,,,
calibration_minutes,20260818_0307,t1,1,sleep,ok,54,56,6095,103.5,5796,1282,0.22118702553485162,5400,1173,105.16961728959502,0.9879999160766602,100,2.541227884083795,48,,4.74666166305542,,,,,,,,,,,,,,,,,,,,
calibration_minutes,20260818_0308,t1,1,sleep,ok,42,43,5965,131.0,5821,1421,0.2441161312489263,4200,350,102.48964798785734,1.5420000553131104,100,5.011241322245127,25,,4.619307518005371,,,,,,,,,,,,,,,,,,,,
calibration_minutes,20260818_0309,t1,1,sleep,ok,53,55,6271,124.0,5861,1349,0.23016550076778708,5300,1032,107.00817334346769,1.9619998931884766,100,3.539809400712705,47,,4.766094207763672,,,,,,,,,,,,,,,,,,,,
calibration_minutes,20260818_0310,t1,1,sleep,ok,45,47,5694,128.0,5887,1719,0.29199932053677596,4500,684,96.7281619785024,3.4800000190734863,100,7.655520694507878,32,,4.807087421417236,,,,,,,,,,,,,,,,,,,,
calibration_minutes,20260818_0311,t1,1,sleep,ok,49,51,5932,115.0,5862,1442,0.2459911293074036,4900,889,101.20449025317524,1.0829999446868896,100,1.891412597900015,37,,4.9726243019104,,,,,,,,,,,,,,,,,,,,
calibration_minutes,20260818_0312,t1,1,sleep,ok,54,56,6663,131.0,5853,910,0.15547582436357424,5400,703,113.84683725855608,1.4149999618530273,100,4.161177554883467,48,,4.207554817199707,,,,,,,,,,,,,,,,,,,,
calibration_minutes,20260818_0313,t1,1,sleep,ok,53,55,6771,131.0,5841,967,0.1655538435199452,5300,625,115.93781044740727,1.9809999465942383,100,2.9983536651292075,45,,11.818344116210938,,,,,,,,,,,,,,,,,,,,
calibration_minutes,20260818_0314,t1,1,sleep,ok,51,52,6746,132.0,5998,1100,0.1833944648216072,5100,454,112.48770247177345,2.871999979019165,100,3.8664494036128962,42,,4.967628002166748,,,,,,,,,,,,,,,,,,,,
calibration_minutes,20260818_0315,t1,1,sleep,ok,46,48,6018,131.0,5861,1458,0.24876300972530285,4600,508,102.6839799499441,3.2300000190734863,100,7.455521829669731,31,,7.370200157165527,,,,,,,,,,,,,,,,,,,,
calibration_minutes,20260818_0316,t1,1,sleep,ok,46,48,5908,116.5,5871,1604,0.2732072900698348,4600,787,100.64221578265928,2.2909998893737793,100,2.509901503579096,35,,12.20858669281006,,,,,,,,,,,,,,,,,,,,
calibration_minutes,20260818_0317,t1,1,sleep,ok,42,43,5996,131.0,5928,1518,0.2560728744939271,4200,373,101.15221763949333,2.0820000171661377,100,2.1052963583589244,23,,4.820847511291504,,,,,,,,,,,,,,,,,,,,
calibration_minutes,20260818_0318,t1,1,sleep,ok,52,54,5446,104.0,5861,1872,0.319399419894216,5200,1453,92.93356757464039,2.930999994277954,100,3.950492943350035,44,,7.450363636016846,,,,,,,,,,,,,,,,,,,,
calibration_minutes,20260818_0319,t1,1,sleep,ok,49,51,6277,129.0,5994,1361,0.22706039372706038,4900,715,104.72488244177634,2.007999897003174,100,2.5941333634240014,35,,4.591220855712891,,,,,,,,,,,,,,,,,,,,
calibration_minutes,20260818_0320,t1,1,sleep,ok,55,55,6561,129.0,5860,1027,0.17525597269624574,5500,839,111.9758334145993,0.6700000762939453,100,3.0519507724611947,47,,4.983029842376709,,,,,,,,,,,,,,,,,,,,
calibration_minutes,20260818_0321,t1,1,sleep,ok,41,42,5650,131.0,5924,1778,0.300135043889264,4100,495,95.39084920109005,2.203000068664551,100,2.615662628216998,27,,10.701361656188965,,,,,,,,,,,,,,,,,,,,
calibration_minutes,20260818_0322,t1,1,sleep,ok,57,59,7320,132.0,5860,353,0.060238907849829354,5700,312,124.9274667606094,0.4479999542236328,100,2.0697616809423134,55,,4.594954967498779,,,,,,,,,,,,,,,,,,,,
calibration_minutes,20260818_0323,t1,1,sleep,ok,53,55,7116,132.0,5887,668,0.11347035841685069,5300,367,120.88677480416435,2.060999870300293,100,1.9034452240842612,45,,4.663469314575195,,,,,,,,,,,,,,,,,,,,
calibration_minutes,20260818_0324,t1,1,sleep,ok,44,44,6059,131.0,5939,1423,0.23960262670483246,4400,325,102.03600471057071,4.291999816894531,100,2.0484256941378782,24,,5.041772842407227,,,,,,,,,,,,,,,,,,,,
calibration_minutes,20260818_0325,t1,1,sleep,ok,57,58,7252,131.0,5815,412,0.0708512467755804,5700,400,124.7140961850961,0.8680000305175781,100,2.14366624480137,55,,4.433574199676514,,,,,,,,,,,,,,,,,,,,
calibration_minutes,20260818_0326,t1,1,sleep,ok,52,54,6958,132.0,5856,779,0.133025956284153,5200,431,118.83048098258813,1.9760000705718994,100,2.1121765359002005,42,,4.68402099609375,,,,,,,,,,,,,,,,,,,,
calibration_minutes,20260818_0327,t1,1,sleep,ok,49,49,6078,130.0,5996,1481,0.24699799866577718,4900,539,101.36926881345421,2.1579999923706055,100,3.348550998141544,35,,5.232700824737549,,,,,,,,,,,,,,,,,,,,
calibration_minutes,20260818_0328,t1,1,sleep,ok,49,51,6350,131.0,5862,1173,0.2001023541453429,4900,522,108.3414375012773,2.2890000343322754,100,3.2392262404709435,37,,5.128734588623047,,,,,,,,,,,,,,,,,,,,
calibration_minutes,20260818_0329,t1,1,sleep,ok,56,57,7487,132.0,5794,415,0.07162581981360028,5600,309,129.22657361128256,0.6540000438690186,100,2.314251304730157,52,,12.378515243530272,,,,,,,,,,,,,,,,,,,,
calibration_minutes,20260818_0330,t1,1,sleep,ok,52,54,6787,131.0,5859,991,0.16914149172213688,5200,629,115.84678940322405,2.3389999866485596,100,4.053982210908918,44,,5.352103233337402,,,,,,,,,,,,,,,,,,,,
calibration_minutes,20260818_0331,t1,1,sleep,ok,43,44,5950,131.0,5997,1595,0.26596631649157915,4300,345,99.22454779482217,2.1600000858306885,100,4.094406766048559,27,,4.823559284210205,,,,,,,,,,,,,,,,,,,,
calibration_minutes,20260818_0332,t1,1,sleep,ok,48,49,5468,98.5,5934,1895,0.31934614088304686,4800,1115,92.14694991420687,3.1549999713897705,100,2.9165891257459937,36,,4.986716747283936,,,,,,,,,,,,,,,,,,,,
calibration_minutes,20260818_0333,t1,1,sleep,ok,42,44,5848,131.0,5975,1620,0.2711297071129707,4200,427,97.88758310598723,2.3519999980926514,100,4.418389952060735,28,,4.765089988708496,,,,,,,,,,,,,,,,,,,,
calibration_minutes,20260818_0334,t1,1,sleep,ok,56,58,6097,122.5,5860,1255,0.21416382252559726,5600,1140,104.04614417279181,1.249000072479248,100,2.5879181539238347,52,,4.571619987487793,,,,,,,,,,,,,,,,,,,,
calibration_minutes,20260818_0335,t1,1,sleep,ok,40,42,5515,130.0,5859,1799,0.3070489844683393,4000,381,94.13672435621693,2.373000144958496,100,3.4006950690422766,23,,4.530792236328125,,,,,,,,,,,,,,,,,,,,
calibration_minutes,20260818_0336,t1,1,sleep,ok,47,49,5820,120.0,5860,1622,0.2767918088737201,4700,917,99.32927152461025,2.245000123977661,100,2.824153639892777,33,,5.125682830810547,,,,,,,,,,,,,,,,,,,,
calibration_minutes,20260818_0337,t1,1,sleep,ok,54,56,6998,131.0,5862,605,0.1032070965540771,5400,346,119.39330882261419,1.568000078201294,100,2.811064634006938,46,,4.34605073928833,,,,,,,,,,,,,,,,,,,,
calibration_minutes,20260818_0338,t1,1,sleep,ok,55,57,7176,131.0,5859,728,0.12425328554360812,5500,582,122.49496428761795,0.7619998455047607,100,2.9131661128735202,51,,10.405282974243164,,,,,,,,,,,,,,,,,,,,
calibration_minutes,20260818_0339,t1,1,sleep,ok,50,51,6510,131.0,5996,1223,0.20396931287525016,5000,514,108.58686923995258,3.4760000705718994,100,1.4989756666795184,38,,4.7214460372924805,,,,,,,,,,,,,,,,,,,,
calibration_minutes,20260818_0340,t1,1,sleep,ok,40,41,5682,131.0,5975,1766,0.2955648535564854,4000,374,95.11056068673938,2.2239999771118164,100,2.8927356771211934,17,,4.541386604309082,,,,,,,,,,,,,,,,,,,,
calibration_minutes,20260818_0341,t1,1,sleep,ok,56,57,7123,131.5,5767,422,0.07317496098491416,5600,334,123.51309207602766,1.2079999446868896,100,1.4614026357838916,52,,4.048201560974121,,,,,,,,,,,,,,,,,,,,
calibration_minutes,20260818_0342,t1,1,sleep,ok,50,52,6814,131.5,5861,864,0.14741511687425354,5000,407,116.26597483092762,1.3289999961853027,100,2.103303135220844,38,,4.8490824699401855,,,,,,,,,,,,,,,,,,,,
calibration_minutes,20260818_0343,t1,1,sleep,ok,47,48,6086,131.0,5710,1315,0.23029772329246936,4700,525,106.6017413756304,3.186000108718872,100,2.129262636307728,36,,4.720807552337647,,,,,,,,,,,,,,,,,,,,
calibration_minutes,20260818_0344,t1,1,sleep,ok,49,51,6154,131.0,5977,1439,0.24075623222352352,4900,655,102.97685795829636,3.944999933242798,100,3.421654014255263,39,,4.531412601470947,,,,,,,,,,,,,,,,,,,,
calibration_minutes,20260818_0345,t1,1,sleep,ok,47,49,5980,130.0,5860,1423,0.24283276450511945,4700,656,102.04952306926276,1.0479998588562012,100,4.0724925469894,32,,11.245019912719728,,,,,,,,,,,,,,,,,,,,
calibration_minutes,20260818_0346,t1,1,sleep,ok,43,43,5448,126.0,5758,1768,0.3070510593956235,4300,702,94.62440287430233,2.2220001220703125,100,7.109262291181244,27,,13.97144889831543,,,,,,,,,,,,,,,,,,,,
calibration_minutes,20260818_0347,t1,1,sleep,ok,41,43,5789,131.0,5989,1711,0.2856904324595091,4100,303,96.6653863424035,3.4509999752044678,100,4.3579064899795235,24,,13.838356018066406,,,,,,,,,,,,,,,,,,,,
calibration_minutes,20260818_0348,t1,1,sleep,ok,53,54,6722,131.0,5767,752,0.1303970868735911,5300,462,116.57186452548943,0.7979998588562012,100,2.745006675119547,45,,4.2337422370910645,,,,,,,,,,,,,,,,,,,,
calibration_minutes,20260818_0349,t1,1,sleep,ok,43,44,5876,131.0,5843,1574,0.26938216669519083,4300,394,100.56994190008513,3.547999858856201,100,3.0724583181796508,29,,12.031501770019531,,,,,,,,,,,,,,,,,,,,
calibration_minutes,20260818_0350,t1,1,sleep,ok,46,47,5931,128.5,5822,1462,0.2511164548265201,4600,634,101.87395891358936,2.002000093460083,100,2.5447125519165597,30,,7.091119766235352,,,,,,,,,,,,,,,,,,,,
calibration_minutes,20260818_0351,t1,1,sleep,ok,42,43,5958,132.0,5932,1528,0.25758597437626435,4200,434,100.45184819782253,2.00600004196167,100,4.218710609265961,24,,8.682601928710938,,,,,,,,,,,,,,,,,,,,
calibration_minutes,20260818_0352,t1,1,sleep,ok,57,59,7213,132.0,5854,422,0.07208746156474205,5700,405,123.23384160660859,0.24900007247924805,100,2.2206264650454366,55,,4.322921276092529,,,,,,,,,,,,,,,,,,,,
calibration_minutes,20260818_0353,t1,1,sleep,ok,56,58,7337,132.0,5859,504,0.08602150537634409,5600,406,125.2282852015221,0.5490000247955322,100,2.680392810871697,52,,5.215322971343994,,,,,,,,,,,,,,,,,,,,
calibration_minutes,20260818_0354,t1,1,sleep,ok,44,46,6045,132.0,5894,1468,0.2490668476416695,4400,436,102.56366770984587,2.202000141143799,100,7.42438502252279,28,,4.663783550262451,,,,,,,,,,,,,,,,,,,,
calibration_minutes,20260818_0355,t1,1,sleep,ok,49,49,5497,103.0,5895,1931,0.3275657336726039,4900,1214,93.256425586997,2.2300000190734863,100,3.2839599776305564,41,,4.8037190437316895,,,,,,,,,,,,,,,,,,,,
calibration_minutes,20260818_0356,t1,1,sleep,ok,46,47,5996,132.0,5862,1440,0.24564994882292732,4600,535,102.30161604727118,2.318000078201294,100,3.967963261710736,30,,10.831812858581545,,,,,,,,,,,,,,,,,,,,
calibration_minutes,20260818_0358,t1,1,sleep,ok,51,52,6867,132.0,5948,926,0.15568258238063215,5100,361,115.46998481076807,2.4029998779296875,100,2.991005725875955,45,,5.063918113708496,,,,,,,,,,,,,,,,,,,,
calibration_minutes,20260818_0359,t1,1,sleep,ok,45,46,6177,131.0,5918,1380,0.2331868874619804,4500,418,104.38176986365956,2.2669999599456787,100,1.7956096819657024,27,,4.495913505554199,,,,,,,,,,,,,,,,,,,,
calibration_minutes,20260818_0400,t1,1,sleep,ok,44,46,5350,103.0,5860,1951,0.33293515358361775,4400,1024,91.31095244074058,3.3530001640319824,100,4.356014869066011,29,,16.047138214111328,,,,,,,,,,,,,,,,,,,,
calibration_minutes,20260818_0401,t1,1,sleep,ok,52,53,6293,130.0,5918,1337,0.2259209192294694,5200,907,106.34917934961734,1.9019999504089355,100,3.3365045721883586,39,,4.727607727050781,,,,,,,,,,,,,,,,,,,,
calibration_minutes,20260818_0402,t1,1,sleep,ok,43,44,6137,132.0,5902,1395,0.23636055574381565,4300,318,103.98698645089887,2.4830000400543213,100,2.8009799678111533,21,,5.48626708984375,,,,,,,,,,,,,,,,,,,,
calibration_minutes,20260818_0403,t1,1,sleep,ok,46,47,6091,132.0,5912,1434,0.2425575101488498,4600,428,103.02948298048494,2.9800000190734863,100,4.8638498446953,30,,6.422102451324463,,,,,,,,,,,,,,,,,,,,
calibration_minutes,20260818_0404,t1,1,sleep,ok,56,56,6764,131.0,5861,812,0.13854291076608088,5600,678,115.4167732752939,0.9700000286102295,100,2.446931362288971,52,,5.063918113708496,,,,,,,,,,,,,,,,,,,,
calibration_minutes,20260818_0405,t1,1,sleep,ok,53,55,7026,132.0,5859,788,0.13449394094555384,5300,487,119.93035667291723,1.251999855041504,100,2.4590544270854995,46,,4.558530807495117,,,,,,,,,,,,,,,,,,,,
calibration_minutes,20260818_0406,t1,1,sleep,ok,46,48,6258,132.0,5857,1296,0.2212736896021854,4600,552,106.85198165135628,1.9049999713897705,100,5.642559380796443,32,,5.379624366760254,,,,,,,,,,,,,,,,,,,,
calibration_minutes,20260818_0407,t1,1,sleep,ok,39,41,5562,132.0,5885,1839,0.3124893797790994,3900,445,94.52110687547581,2.05400013923645,100,3.0779930047142416,18,,4.777860641479492,,,,,,,,,,,,,,,,,,,,
calibration_minutes,20260818_0408,t1,1,sleep,ok,55,57,6854,132.0,5857,664,0.1133686187467987,5500,543,117.02836037984024,0.5910000801086426,100,2.814783588287175,51,,4.271175384521484,,,,,,,,,,,,,,,,,,,,
calibration_minutes,20260818_0409,t1,1,sleep,ok,51,53,6834,132.0,5859,892,0.15224441030892644,5100,502,116.64703747671713,0.877000093460083,100,4.588027617827377,40,,5.0615973472595215,,,,,,,,,,,,,,,,,,,,
calibration_minutes,20260818_0410,t1,1,sleep,ok,51,52,6238,130.0,5819,1384,0.23784155353153463,5100,993,107.21344706517888,1.7129998207092285,100,2.7517775810142555,40,,11.668658256530762,,,,,,,,,,,,,,,,,,,,
calibration_minutes,20260818_0411,t1,1,sleep,ok,49,51,6329,131.0,5878,1197,0.2036406941136441,4900,576,107.68916659337492,2.4790000915527344,100,3.141093257112943,36,,4.800692081451416,,,,,,,,,,,,,,,,,,,,
calibration_minutes,20260818_0412,t1,1,sleep,ok,49,51,6377,131.0,5858,1164,0.198702628883578,4900,626,108.86897131555652,1.6750001907348633,100,3.045085580360734,35,,4.83131742477417,,,,,,,,,,,,,,,,,,,,
calibration_minutes,20260818_0413,t1,1,sleep,ok,50,52,5882,110.5,5858,1483,0.2531580744281325,5000,1045,100.41998176452397,1.0759999752044678,100,3.8805689854062857,38,,4.704323768615723,,,,,,,,,,,,,,,,,,,,
calibration_minutes,20260818_0414,t1,1,sleep,ok,49,51,6502,132.0,5864,1063,0.1812755798090041,4900,480,110.89129162295296,1.6639997959136963,100,2.812730665463131,35,,4.959877967834473,,,,,,,,,,,,,,,,,,,,
calibration_minutes,20260818_0415,t1,1,sleep,ok,43,45,5739,132.0,5867,1614,0.2750980057951253,4300,417,97.82164044588566,3.496000051498413,100,1.2928169359732604,26,,4.72210693359375,,,,,,,,,,,,,,,,,,,,
calibration_minutes,20260818_0416,t1,1,sleep,ok,55,57,6729,132.0,5859,828,0.141321044546851,5500,665,114.85875263297682,1.2620000839233398,100,2.556892936629412,49,,4.778987407684326,,,,,,,,,,,,,,,,,,,,
calibration_minutes,20260818_0417,t1,1,sleep,ok,56,58,7496,132.0,5859,354,0.06041986687147977,5600,282,127.95739301839244,0.8090000152587891,100,4.019816117251819,52,,11.701879501342772,,,,,,,,,,,,,,,,,,,,
calibration_minutes,20260818_0418,t1,1,sleep,ok,52,54,6927,132.0,5860,914,0.1559726962457338,5200,488,118.22231337645623,1.6549999713897705,100,3.602791194423629,42,,5.252527236938477,,,,,,,,,,,,,,,,,,,,
calibration_minutes,20260818_0419,t1,1,sleep,ok,53,55,7023,132.0,5894,757,0.12843569731930776,5300,448,119.16518161376929,1.996999979019165,100,1.6133824394489455,46,,4.713705062866211,,,,,,,,,,,,,,,,,,,,
calibration_minutes,20260818_0420,t1,1,sleep,ok,39,41,5324,131.0,5858,1953,0.3333902355752817,3900,526,90.88581232774035,3.6530001163482666,100,1.1369535073933437,19,,4.704000473022461,,,,,,,,,,,,,,,,,,,,
calibration_minutes,20260818_0421,t1,1,sleep,ok,51,53,6614,131.0,5852,951,0.16250854408749146,5100,511,113.02891556639618,1.489999771118164,100,1.8963320429623076,41,,4.120285987854004,,,,,,,,,,,,,,,,,,,,
calibration_minutes,20260818_0422,t1,1,sleep,ok,47,49,6598,131.0,5860,1202,0.20511945392491468,4700,515,112.60730770663548,2.0899999141693115,100,3.692128231019399,38,,4.807096004486084,,,,,,,,,,,,,,,,,,,,
calibration_minutes,20260818_0423,t1,1,sleep,ok,50,51,6670,131.5,5910,1062,0.17969543147208122,5000,436,112.86719921739835,1.9089999198913574,100,2.580765340456761,35,,13.149577140808104,,,,,,,,,,,,,,,,,,,,
calibration_minutes,20260818_0424,t1,1,sleep,ok,39,40,5678,132.0,5914,1728,0.29218802840716945,3900,284,96.0208341703734,2.8420000076293945,100,4.1682740434024605,15,,12.549786567687988,,,,,,,,,,,,,,,,,,,,
calibration_minutes,20260818_0425,t1,1,sleep,ok,45,46,5636,130.0,5945,1793,0.30159798149705636,4500,762,94.81032898190381,2.2280001640319824,100,5.837564573260218,26,,14.552063941955566,,,,,,,,,,,,,,,,,,,,
calibration_minutes,20260818_0426,t1,1,sleep,ok,51,52,5603,102.0,5938,1733,0.2918491074435837,5100,1249,94.36631578947369,1.7799999713897705,100,6.324641779318531,41,,11.372929573059082,,,,,,,,,,,,,,,,,,,,
calibration_minutes,20260818_0427,t1,1,sleep,ok,53,55,6705,132.0,5859,848,0.14473459634749958,5300,569,114.44323058020794,1.566999912261963,100,2.976455929436569,44,,11.05470848083496,,,,,,,,,,,,,,,,,,,,
calibration_minutes,20260818_0428,t1,1,sleep,ok,49,51,6232,132.0,5875,1290,0.2195744680851064,4900,668,106.08923610919452,1.992999792098999,100,8.008970627921835,37,,9.403635025024414,,,,,,,,,,,,,,,,,,,,
calibration_minutes,20260818_0429,t1,1,sleep,ok,55,57,7233,132.0,5851,457,0.07810630661425397,5500,331,123.6220067377484,0.6059999465942383,100,2.1544140127370963,51,,4.3765716552734375,,,,,,,,,,,,,,,,,,,,
calibration_minutes,20260818_0430,t1,1,sleep,ok,55,57,6896,132.0,5860,938,0.16006825938566552,5500,746,117.68721423241898,1.5250000953674316,100,2.689668749609806,49,,10.302783012390137,,,,,,,,,,,,,,,,,,,,
calibration_minutes,20260818_0431,t1,1,sleep,ok,48,50,6584,132.0,5859,1063,0.18143027820447175,4800,464,112.37796124386117,1.435999870300293,100,3.6185335815082724,37,,11.825536727905272,,,,,,,,,,,,,,,,,,,,
calibration_minutes,20260818_0432,t1,1,sleep,ok,49,51,6742,132.0,5854,895,0.15288691492996243,4900,372,115.17108245863295,0.9859998226165771,100,2.763715358030378,32,,9.785881996154783,,,,,,,,,,,,,,,,,,,,
calibration_minutes,20260818_0433,t1,1,sleep,ok,45,46,5527,124.0,5680,1604,0.2823943661971831,4500,759,97.31490435030305,2.7070000171661377,100,4.683021667211636,36,,11.780248641967772,,,,,,,,,,,,,,,,,,,,
calibration_minutes,20260818_0434,t1,1,sleep,ok,46,47,6126,132.0,5901,1395,0.2364006100660905,4600,475,103.81467222738301,1.9470000267028809,100,2.928268118674014,29,,4.484989166259766,,,,,,,,,,,,,,,,,,,,
calibration_minutes,20260818_0435,t1,1,sleep,ok,55,57,7035,132.0,5858,710,0.12120177534994879,5500,540,120.09218178836304,1.9749999046325684,100,3.2175467106771443,49,,4.622066020965576,,,,,,,,,,,,,,,,,,,,
calibration_minutes,20260818_0436,t1,1,sleep,ok,50,51,6496,131.0,5996,1204,0.2008005336891261,5000,556,108.35154191716995,1.9470000267028809,100,2.6319181846354684,34,,12.389368057250977,,,,,,,,,,,,,,,,,,,,
calibration_minutes,20260818_0437,t1,1,sleep,ok,55,56,6169,109.0,5899,1397,0.23681979996609595,5500,1143,104.58059238900788,2.0129997730255127,100,4.009814441151548,49,,13.160046577453612,,,,,,,,,,,,,,,,,,,,
calibration_minutes,20260818_0438,t1,1,sleep,ok,46,48,6234,131.0,5886,1308,0.2222222222222222,4600,510,105.92133205300672,1.9300000667572021,100,2.694179024584261,31,,8.605091094970703,,,,,,,,,,,,,,,,,,,,
calibration_minutes,20260818_0439,t1,1,sleep,ok,45,47,6222,131.0,5862,1249,0.21306721255544184,4500,389,106.14124892778747,1.9749999046325684,100,2.1640840265208943,24,,13.651742935180664,,,,,,,,,,,,,,,,,,,,
calibration_minutes,20260818_0441,t1,1,sleep,ok,56,57,7462,132.0,5861,422,0.07200136495478587,5600,313,127.32701983741029,0.8840000629425049,100,2.5999389459479647,52,,10.622464179992676,,,,,,,,,,,,,,,,,,,,
calibration_minutes,20260818_0442,t1,1,sleep,ok,54,55,7063,131.0,5936,804,0.13544474393530997,5400,527,119.00188705059607,1.6119999885559082,100,3.100329642892306,46,,8.949223518371582,,,,,,,,,,,,,,,,,,,,
calibration_minutes,20260818_0443,t1,1,sleep,ok,43,44,5688,130.0,5996,1793,0.29903268845897263,4300,503,94.87115348574922,2.2130000591278076,100,4.615039677988261,22,,6.374686241149902,,,,,,,,,,,,,,,,,,,,
calibration_minutes,20260818_0444,t1,1,sleep,ok,41,43,5726,131.0,5972,1722,0.2883456128600134,4100,376,95.88880529565775,3.309999942779541,100,5.568857370725122,21,,7.662072658538818,,,,,,,,,,,,,,,,,,,,
calibration_minutes,20260818_0445,t1,1,sleep,ok,54,56,5617,104.0,5853,1562,0.2668716897317615,5400,1299,95.97607883348121,2.388000011444092,100,3.9275655672287115,48,,8.692967414855957,,,,,,,,,,,,,,,,,,,,
calibration_minutes,20260818_0446,t1,1,sleep,ok,49,50,6453,131.0,5905,1158,0.19610499576629975,4900,555,109.2969290159836,1.809000015258789,100,2.5906686714455724,33,,10.942572593688965,,,,,,,,,,,,,,,,,,,,
calibration_minutes,20260818_0447,t1,1,sleep,ok,51,53,6450,131.0,5996,1225,0.2043028685790527,5100,660,107.58247990810278,1.7979998588562012,100,3.6084576389520686,37,,6.284012794494629,,,,,,,,,,,,,,,,,,,,
calibration_minutes,20260818_0448,t1,1,sleep,ok,39,41,5169,130.0,5861,1984,0.33850878689643404,3900,395,88.19765575959805,3.871999979019165,100,3.711470250757653,18,,4.541078090667725,,,,,,,,,,,,,,,,,,,,
calibration_minutes,20260818_0450,t1,1,sleep,ok,55,56,7154,132.0,5850,621,0.10615384615384615,5500,428,122.29686996881703,0.998999834060669,100,3.974346575606078,49,,8.513117790222168,,,,,,,,,,,,,,,,,,,,
calibration_minutes,20260818_0451,t1,1,sleep,ok,47,48,6043,131.0,5858,1464,0.2499146466370775,4700,606,103.17392548815951,2.5360000133514404,100,5.348218429405666,38,,5.107589721679688,,,,,,,,,,,,,,,,,,,,
calibration_minutes,20260818_0452,t1,1,sleep,ok,55,57,6911,131.0,5953,810,0.13606584915168823,5500,588,116.10052792096215,1.0199999809265137,100,5.219721201303424,47,,4.668779850006104,,,,,,,,,,,,,,,,,,,,
calibration_minutes,20260818_0453,t1,1,sleep,ok,48,50,5398,103.0,5865,1847,0.31491901108269393,4800,981,92.0532058380497,2.257999897003174,100,4.0439021877625505,36,,12.314455032348633,,,,,,,,,,,,,,,,,,,,
calibration_minutes,20260818_0454,t1,1,sleep,ok,52,54,6260,123.5,5860,1230,0.2098976109215017,5200,857,106.83505413334626,2.13100004196167,100,4.87741405018488,42,,9.049154281616213,,,,,,,,,,,,,,,,,,,,
calibration_minutes,20260818_0455,t1,1,sleep,ok,49,51,6210,131.0,5946,1355,0.22788429196098217,4900,601,104.45049955256917,2.690000057220459,100,3.103722020316583,36,,4.72210693359375,,,,,,,,,,,,,,,,,,,,
calibration_minutes,20260818_0456,t1,1,sleep,ok,49,50,6136,131.0,5906,1337,0.22637995259058585,4900,525,103.90490077396127,2.441999912261963,100,3.227954504356529,37,,4.636767387390137,,,,,,,,,,,,,,,,,,,,
calibration_minutes,20260818_0457,t1,1,sleep,ok,53,55,6931,131.0,5859,641,0.10940433521078682,5300,374,118.30269487139691,0.6699998378753662,100,1.6761077707941956,44,,,,,,,,,,,,,,,,,,,,,,
calibration_minutes,20260818_0458,t1,1,sleep,ok,57,59,7365,132.0,5860,530,0.09044368600682594,5700,520,125.6997542162921,0.6899998188018799,100,3.2014393021448324,55,,4.8263115882873535,,,,,,,,,,,,,,,,,,,,
calibration_minutes,20260818_0459,t1,1,sleep,ok,55,57,7102,131.0,5859,709,0.12101041133299198,5500,593,121.22143159656316,0.7780001163482666,100,2.4970914652886362,49,,8.179947853088379,,,,,,,,,,,,,,,,,,,,
calibration_minutes,20260818_0500,t1,1,sleep,ok,45,46,5920,131.0,5998,1630,0.2717572524174725,4500,524,98.70944079533264,2.634999990463257,100,2.5001134342548745,29,,6.047822952270508,,,,,,,,,,,,,,,,,,,,
calibration_minutes,20260818_0501,t1,1,sleep,ok,53,55,6569,130.0,5863,1125,0.19188128944226504,5300,838,112.06072988923529,0.7739999294281006,100,2.3791012164925807,45,,6.298572540283203,,,,,,,,,,,,,,,,,,,,
calibration_minutes,20260818_0502,t1,1,sleep,ok,40,42,5775,131.5,5976,1718,0.28748326639892907,4000,334,96.6478670187647,2.2279999256134033,100,2.2239164023071,22,,4.974300861358643,,,,,,,,,,,,,,,,,,,,
calibration_minutes,20260818_0503,t1,1,sleep,ok,43,44,5763,131.0,5858,1598,0.2727893479003073,4300,456,98.39172296272379,2.2060000896453857,100,3.7310816447609056,26,,11.0300931930542,,,,,,,,,,,,,,,,,,,,
calibration_minutes,20260818_0504,t1,1,sleep,ok,56,57,6786,132.0,5822,695,0.11937478529714875,5600,566,116.57390202463499,0.8689999580383301,100,3.890633962907083,52,,11.567559242248535,,,,,,,,,,,,,,,,,,,,
calibration_minutes,20260818_0505,t1,1,sleep,ok,56,57,7312,131.5,5889,581,0.09865851587705893,5600,436,124.17634708562561,0.6959998607635498,100,2.5152286145915603,50,,8.824006080627441,,,,,,,,,,,,,,,,,,,,
calibration_minutes,20260818_0506,t1,1,sleep,ok,52,53,6872,131.0,5897,822,0.1393929116499915,5200,425,116.54766536826132,0.8810000419616699,100,3.8091124768671536,40,,8.205302238464355,,,,,,,,,,,,,,,,,,,,
calibration_minutes,20260818_0507,t1,1,sleep,ok,49,51,5913,111.0,5859,1470,0.25089605734767023,4900,931,100.92854954195724,0.8689999580383301,100,3.047556531568412,37,,4.990260124206543,,,,,,,,,,,,,,,,,,,,
calibration_minutes,20260818_0508,t1,1,sleep,ok,52,53,6509,130.5,5857,1036,0.17688236298446303,5200,576,111.14526243580183,2.4160001277923584,100,3.537267582414869,42,,4.711752414703369,,,,,,,,,,,,,,,,,,,,
calibration_minutes,20260818_0509,t1,1,sleep,ok,39,40,5326,131.0,5932,1999,0.3369858395144976,3900,467,89.79027583400922,3.1610000133514404,100,5.658911113554835,20,,13.158695220947266,,,,,,,,,,,,,,,,,,,,
calibration_minutes,20260818_0510,t1,1,sleep,ok,53,54,5823,92.0,5997,1613,0.2689678172419543,5300,1247,97.10502643785964,0.9860000610351562,100,5.242985280352162,41,,12.462579727172852,,,,,,,,,,,,,,,,,,,,
calibration_minutes,20260818_0511,t1,1,sleep,ok,43,45,5506,132.0,5844,1753,0.29996577686516085,4300,478,94.22112696725468,3.069000005722046,100,3.899837033419168,28,,7.050021171569824,,,,,,,,,,,,,,,,,,,,
calibration_minutes,20260818_0512,t1,1,sleep,ok,49,51,5407,104.0,5974,1867,0.31252092400401743,4900,1097,90.51038708642693,4.0980000495910645,100,4.520766806591446,37,,10.477684020996094,,,,,,,,,,,,,,,,,,,,
calibration_minutes,20260818_0513,t1,1,sleep,ok,42,44,5386,131.0,5846,1850,0.31645569620253167,4200,600,92.14240490091326,2.4880001544952393,100,8.65940408530804,22,,5.121316909790039,,,,,,,,,,,,,,,,,,,,
calibration_minutes,20260818_0514,t1,1,sleep,ok,57,57,6410,126.0,5835,1065,0.18251928020565553,5700,965,109.86750779227827,1.560999870300293,100,2.72942884133814,53,,5.186194896697998,,,,,,,,,,,,,,,,,,,,
calibration_minutes,20260818_0515,t1,1,sleep,ok,51,53,7065,133.0,5861,702,0.119774782460331,5100,361,120.54668296429813,0.6380000114440918,100,1.74431236967564,39,,5.006218433380127,,,,,,,,,,,,,,,,,,,,
calibration_minutes,20260818_0516,t1,1,sleep,ok,56,58,6500,118.0,5887,1214,0.20621708850008494,5600,1122,110.41840105582166,0.6670000553131104,100,2.3243646444616157,52,,4.660374164581299,,,,,,,,,,,,,,,,,,,,
calibration_minutes,20260818_0517,t1,1,sleep,ok,45,47,6040,132.0,5996,1548,0.2581721147431621,4500,472,100.73718278748602,3.5399999618530273,100,2.2220840199488423,32,,5.086765766143799,,,,,,,,,,,,,,,,,,,,
calibration_minutes,20260818_0518,t1,1,sleep,ok,50,52,5500,104.5,5854,1726,0.29484113426716774,5000,1183,93.96408864600976,1.9859998226165771,100,3.3869323839209926,40,,4.919987201690674,,,,,,,,,,,,,,,,,,,,
calibration_minutes,20260818_0519,t1,1,sleep,ok,40,42,5659,132.0,5977,1803,0.3016563493391333,4000,274,94.68594178847196,3.750999927520752,100,4.733612344415416,18,,4.804386138916016,,,,,,,,,,,,,,,,,,,,
calibration_minutes,20260818_0520,t1,1,sleep,ok,56,57,7372,132.0,5859,347,0.05922512374125277,5600,221,125.82781444254928,0.6730000972747803,100,3.780621750352993,53,,,,,,,,,,,,,,,,,,,,,,
calibration_minutes,20260818_0521,t1,1,sleep,ok,51,53,6954,132.0,5896,817,0.1385685210312076,5100,420,117.96437649491128,1.6589999198913574,100,2.1184598277831714,41,,9.815547943115234,,,,,,,,,,,,,,,,,,,,
calibration_minutes,20260818_0522,t1,1,sleep,ok,45,47,5683,131.0,5758,1584,0.2750955192775269,4500,582,98.70089258436812,2.389000177383423,100,3.370372371729918,29,,9.387434005737305,,,,,,,,,,,,,,,,,,,,
calibration_minutes,20260818_0523,t1,1,sleep,ok,57,59,7375,132.0,5862,352,0.06004776526782668,5700,324,125.82747562683377,0.3970000743865967,100,3.5758289805583106,55,,,,,,,,,,,,,,,,,,,,,,
calibration_minutes,20260818_0524,t1,1,sleep,ok,55,56,7341,133.0,5841,591,0.10118130457113508,5500,474,125.68914174409906,0.5539999008178711,100,4.463793416039515,49,,10.679120063781738,,,,,,,,,,,,,,,,,,,,
calibration_minutes,20260818_0525,t1,1,sleep,ok,52,54,6672,132.0,5876,1018,0.17324710687542547,5200,631,113.54856265172943,1.1050000190734863,100,3.3765332073066716,44,,6.936921119689941,,,,,,,,,,,,,,,,,,,,
calibration_minutes,20260818_0526,t1,1,sleep,ok,46,46,6267,132.0,5931,1327,0.22373967290507504,4600,413,105.66871275244856,2.1000001430511475,100,1.828971396734524,30,,4.304857730865479,,,,,,,,,,,,,,,,,,,,
calibration_minutes,20260818_0527,t1,1,sleep,ok,51,53,6204,128.0,5782,1192,0.20615703908682118,5100,839,107.30222451817204,1.13100004196167,100,3.994488281192126,40,,4.468163967132568,,,,,,,,,,,,,,,,,,,,
calibration_minutes,20260818_0528,t1,1,sleep,ok,50,52,6776,132.0,5862,1068,0.18219037871033777,5000,517,115.60378050497563,1.4620001316070557,100,2.890645488353007,42,,13.10426902770996,,,,,,,,,,,,,,,,,,,,
calibration_minutes,20260818_0529,t1,1,sleep,ok,53,55,7031,132.0,5860,771,0.13156996587030717,5300,499,119.99317342037662,0.753000020980835,100,5.163174811328791,45,,9.125675201416016,,,,,,,,,,,,,,,,,,,,
calibration_minutes,20260818_0530,t1,1,sleep,ok,47,48,6048,132.0,5902,1464,0.24805150796340222,4700,488,102.48589291896941,3.8510000705718994,100,1.883213285259648,35,,6.99254035949707,,,,,,,,,,,,,,,,,,,,
calibration_minutes,20260818_0531,t1,1,sleep,ok,45,47,5427,115.0,5860,1824,0.31126279863481227,4500,901,92.61250157919403,2.313999891281128,100,1.8957748352207588,30,,5.211230278015137,,,,,,,,,,,,,,,,,,,,
calibration_minutes,20260818_0532,t1,1,sleep,ok,45,47,5480,123.0,5861,1785,0.3045555365978502,4500,744,93.51057086943118,4.375,100,4.154034085808301,29,,4.696246147155762,,,,,,,,,,,,,,,,,,,,
calibration_minutes,20260818_0533,t1,1,sleep,ok,55,57,6844,132.0,5788,661,0.11420179682100898,5500,589,118.25281651411423,0.559999942779541,100,2.444805315664476,51,,,,,,,,,,,,,,,,,,,,,,
calibration_minutes,20260818_0534,t1,1,sleep,ok,47,48,6274,132.0,5863,1252,0.21354255500596964,4700,464,107.02101515152833,1.9060001373291016,100,6.581881655072133,34,,4.815495491027832,,,,,,,,,,,,,,,,,,,,
calibration_minutes,20260818_0535,t1,1,sleep,ok,45,47,5515,117.0,5859,1804,0.30790237241850144,4500,899,94.14315207252353,2.4519999027252197,100,3.2465076812476763,26,,5.242586135864258,,,,,,,,,,,,,,,,,,,,
calibration_minutes,20260818_0536,t1,1,sleep,ok,58,59,7519,132.0,5857,188,0.032098343862045416,5800,169,128.3938394514964,0.11999988555908203,100,2.170938540677476,56,,,,,,,,,,,,,,,,,,,,,,
calibration_minutes,20260818_0537,t1,1,sleep,ok,46,47,6090,131.0,5969,1458,0.2442620204389345,4600,468,102.04252610686638,2.9750001430511475,100,3.9232507179190916,33,,4.483138084411621,,,,,,,,,,,,,,,,,,,,
calibration_minutes,20260818_0538,t1,1,sleep,ok,54,56,5738,105.5,5841,1579,0.27033042287279574,5400,1285,98.23828533050961,2.015000104904175,100,2.3897947730939313,48,,5.219618797302246,,,,,,,,,,,,,,,,,,,,
calibration_minutes,20260818_0539,t1,1,sleep,ok,46,48,6369,132.0,5988,1299,0.21693386773547094,4600,418,106.36805476925953,1.812000036239624,100,2.0216885491267202,25,,5.028347492218018,,,,,,,,,,,,,,,,,,,,
calibration_minutes,20260818_0540,t1,1,sleep,ok,51,52,5470,101.0,5823,1690,0.2902284046024386,5100,1202,93.95235403242125,1.9609999656677246,100,3.4743077678355165,39,,4.777860641479492,,,,,,,,,,,,,,,,,,,,
calibration_minutes,20260818_0541,t1,1,sleep,ok,47,48,5779,127.0,5901,1670,0.2830028808676496,4700,732,97.9441722953926,2.5249998569488525,100,6.116587164852259,36,,4.978658676147461,,,,,,,,,,,,,,,,,,,,
calibration_minutes,20260818_0542,t1,1,sleep,ok,43,45,5455,131.0,5861,1780,0.3037024398566798,4300,726,93.08238330963847,2.180000066757202,100,3.145395413956191,31,,4.574089050292969,,,,,,,,,,,,,,,,,,,,
calibration_minutes,20260818_0543,t1,1,sleep,ok,55,57,7018,132.0,5860,766,0.13071672354948805,5500,561,119.77948815354965,1.2609999179840088,100,3.2170544374255163,49,,12.299717903137209,,,,,,,,,,,,,,,,,,,,
calibration_minutes,20260818_0544,t1,1,sleep,ok,45,47,5980,131.0,5949,1521,0.2556732223903177,4500,462,100.53461572670389,2.1549999713897705,100,5.556633937844549,24,,4.745057582855225,,,,,,,,,,,,,,,,,,,,
calibration_minutes,20260818_0545,t1,1,sleep,ok,48,50,6029,131.0,5874,1453,0.2473612529792305,4800,660,102.64923218797279,2.2210001945495605,100,3.2319405566510313,36,,6.924678802490234,,,,,,,,,,,,,,,,,,,,
calibration_minutes,20260818_0546,t1,1,sleep,ok,57,59,7513,132.0,5860,201,0.03430034129692833,5700,159,128.22350806948398,0.18199992179870605,100,2.0020958208815136,55,,,,,,,,,,,,,,,,,,,,,,
calibration_minutes,20260818_0547,t1,1,sleep,ok,56,57,7168,131.0,5858,733,0.12512803004438375,5600,643,122.36258124505845,0.6150000095367432,100,2.499889842311462,52,,8.291866302490234,,,,,,,,,,,,,,,,,,,,
calibration_minutes,20260818_0548,t1,1,sleep,ok,41,42,5609,132.0,5807,1705,0.2936111589460995,4100,468,96.60030289802579,3.5230000019073486,100,1.96003664112041,21,,7.625278949737549,,,,,,,,,,,,,,,,,,,,
calibration_minutes,20260818_0549,t1,1,sleep,ok,47,48,5990,131.0,5782,1328,0.2296783120027672,4700,540,103.60095500706811,2.11899995803833,100,4.811860115995038,30,,4.830986976623535,,,,,,,,,,,,,,,,,,,,
calibration_minutes,20260818_0550,t1,1,sleep,ok,45,46,5490,129.0,5793,1671,0.28845157949249095,4500,754,94.78263883340021,1.877000093460083,100,4.234751425695935,28,,,,,,,,,,,,,,,,,,,,,,
calibration_minutes,20260818_0551,t1,1,sleep,ok,58,58,7271,131.0,5825,550,0.0944206008583691,5800,547,124.83046341646862,0.6090002059936523,100,2.067517456635777,56,,7.778736114501953,,,,,,,,,,,,,,,,,,,,
calibration_minutes,20260818_0552,t1,1,sleep,ok,47,49,6532,131.0,5855,1037,0.1771135781383433,4700,430,111.56467227849654,1.7139999866485596,100,3.949108316822575,30,,13.91221809387207,,,,,,,,,,,,,,,,,,,,
calibration_minutes,20260818_0553,t1,1,sleep,ok,46,47,6209,131.0,5999,1385,0.23087181196866144,4600,388,103.51266185175584,1.928999900817871,100,2.445265580239309,28,,15.147527694702148,,,,,,,,,,,,,,,,,,,,
calibration_minutes,20260818_0554,t1,1,sleep,ok,55,57,6350,127.0,5820,1004,0.1725085910652921,5500,803,109.10652956718933,1.0820000171661377,100,2.630520033573342,53,,6.904603958129883,,,,,,,,,,,,,,,,,,,,
calibration_minutes,20260818_0555,t1,1,sleep,ok,50,52,6770,131.0,5862,1056,0.18014329580348004,5000,493,115.50141635214659,2.131999969482422,100,3.249093023122775,44,,6.7976484298706055,,,,,,,,,,,,,,,,,,,,
calibration_minutes,20260818_0556,t1,1,sleep,ok,49,50,6698,131.0,5998,1085,0.18089363121040347,4900,354,111.67986678867231,1.9210000038146973,100,2.0419833143943684,33,,5.788542747497559,,,,,,,,,,,,,,,,,,,,
calibration_minutes,20260818_0557,t1,1,sleep,ok,41,43,5801,130.0,5862,1574,0.26850904128283865,4100,480,98.96952932546688,2.0799999237060547,100,6.671363507846019,23,,4.942440032958984,,,,,,,,,,,,,,,,,,,,
calibration_minutes,20260818_0558,t1,1,sleep,ok,57,59,7110,131.0,5859,434,0.07407407407407407,5700,422,121.35798066059759,0.6119999885559082,100,2.6354614453445264,55,,4.409583568572998,,,,,,,,,,,,,,,,,,,,
calibration_minutes,20260818_0559,t1,1,sleep,ok,49,51,6358,131.0,5860,1238,0.2112627986348123,4900,580,108.51310757735034,3.4580001831054688,100,3.450229140898673,42,,4.773828506469727,,,,,,,,,,,,,,,,,,,,
calibration_minutes,20260818_0600,t1,1,sleep,ok,42,44,5831,131.0,5975,1652,0.27648535564853555,4200,337,97.59159137268632,2.174999952316284,100,8.23467704806037,25,,20.5545597076416,,,,,,,,,,,,,,,,,,,,
calibration_minutes,20260818_0601,t1,1,sleep,ok,53,55,6712,131.0,5860,886,0.15119453924914675,5300,585,114.55293307099382,1.5920000076293945,100,6.205301320910483,45,,12.321824073791504,,,,,,,,,,,,,,,,,,,,
calibration_minutes,20260818_0602,t1,1,sleep,ok,50,52,6602,132.0,5859,1015,0.17323775388291518,5000,444,112.68903840284148,2.2880001068115234,100,5.7705471189973885,38,,4.756872177124023,,,,,,,,,,,,,,,,,,,,
calibration_minutes,20260818_0603,t1,1,sleep,ok,48,50,6014,130.0,5830,1374,0.23567753001715266,4800,668,103.1684765198395,2.2289998531341553,100,3.68426081964041,33,,13.378186225891112,,,,,,,,,,,,,,,,,,,,
calibration_minutes,20260818_0604,t1,1,sleep,ok,54,56,6475,131.0,5861,1006,0.17164306432349427,5400,742,110.48733857560204,1.875,100,2.9434147493304144,49,,8.679886817932129,,,,,,,,,,,,,,,,,,,,
calibration_minutes,20260818_0605,t1,1,sleep,ok,52,53,6781,130.5,5859,990,0.16897081413210446,5200,568,115.73647397053664,1.815999984741211,100,4.88746384597307,44,,4.916568279266357,,,,,,,,,,,,,,,,,,,,
calibration_minutes,20260818_0606,t1,1,sleep,ok,51,53,6693,131.0,5862,995,0.16973729102695326,5100,592,114.19163313496928,1.8329999446868896,100,3.067708845879863,39,,9.472138404846191,,,,,,,,,,,,,,,,,,,,
calibration_minutes,20260818_0607,t1,1,sleep,ok,41,43,5508,131.0,5964,1881,0.3153923541247485,4100,456,92.3556730263357,2.2070000171661377,100,3.1754215430497954,25,,5.404088497161865,,,,,,,,,,,,,,,,,,,,
calibration_minutes,20260818_0608,t1,1,sleep,ok,41,43,5769,131.0,5839,1566,0.2681966090083919,4100,276,98.81301040745711,4.034999847412109,100,4.131325491275846,31,,11.388854026794434,,,,,,,,,,,,,,,,,,,,
calibration_minutes,20260818_0609,t1,1,sleep,ok,56,58,7474,132.0,5856,464,0.07923497267759563,5600,386,127.64285979881632,0.6710000038146973,100,3.0323104300506243,52,,8.432310104370117,,,,,,,,,,,,,,,,,,,,
calibration_minutes,20260818_0610,t1,1,sleep,ok,51,53,6863,131.0,5861,913,0.15577546493772393,5100,532,117.10604893381758,0.9050002098083496,100,3.8993063941399826,41,,10.750246047973633,,,,,,,,,,,,,,,,,,,,
calibration_minutes,20260818_0611,t1,1,sleep,ok,44,45,5839,131.0,5910,1601,0.2708967851099831,4400,482,98.80366197092297,3.8970000743865967,100,3.600244625766971,27,,4.776825428009033,,,,,,,,,,,,,,,,,,,,
calibration_minutes,20260818_0612,t1,1,sleep,ok,43,44,5576,131.0,5582,1483,0.26567538516660694,4300,591,99.89430121335747,2.010999917984009,100,3.4519170287892837,25,,4.604301452636719,,,,,,,,,,,,,,,,,,,,
calibration_minutes,20260818_0613,t1,1,sleep,ok,51,52,6333,127.0,5860,1226,0.2092150170648464,5100,696,108.0864281672475,2.4519999027252197,100,3.3241404769653418,40,,4.998796463012695,,,,,,,,,,,,,,,,,,,,
calibration_minutes,20260818_0614,t1,1,sleep,ok,50,51,6406,131.0,5859,1163,0.19849803720771464,5000,653,109.34352878988979,1.9829998016357422,100,6.550714355436712,37,,4.737613677978516,,,,,,,,,,,,,,,,,,,,
calibration_minutes,20260818_0615,t1,1,sleep,ok,48,50,5705,120.5,5866,1644,0.2802591203545857,4800,954,97.25537018138411,2.2720000743865967,100,5.412053495522305,33,,5.128189086914063,,,,,,,,,,,,,,,,,,,,
calibration_minutes,20260818_0616,t1,1,sleep,ok,47,48,5909,129.0,5785,1397,0.2414866032843561,4700,565,102.14877196544043,3.878000020980835,100,3.057113647577193,33,,4.867857933044434,,,,,,,,,,,,,,,,,,,,
calibration_minutes,20260818_0617,t1,1,sleep,ok,49,50,5962,128.0,5996,1563,0.2606737825216811,4900,850,99.44290623443548,2.0200002193450928,100,3.791237606785047,37,,5.1203203201293945,,,,,,,,,,,,,,,,,,,,
calibration_minutes,20260818_0618,t1,1,sleep,ok,46,47,5766,131.0,5814,1506,0.2590299277605779,4600,604,99.18293628529943,2.2139999866485596,100,2.6139533628987186,34,,4.847376823425293,,,,,,,,,,,,,,,,,,,,
calibration_minutes,20260818_0619,t1,1,sleep,ok,53,54,6142,131.0,5707,1052,0.18433502715962852,5300,798,107.63542056850616,1.6019999980926514,100,2.493599981689518,49,,,,,,,,,,,,,,,,,,,,,,
calibration_minutes,20260818_0620,t1,1,sleep,ok,44,45,6140,132.0,5898,1360,0.23058663953882672,4400,298,104.11014637569095,1.9530000686645508,100,3.1841949284103737,22,,6.438247680664063,,,,,,,,,,,,,,,,,,,,
calibration_minutes,20260818_0621,t1,1,sleep,ok,48,49,5217,106.5,5860,1997,0.3407849829351536,4800,1209,89.02730389915197,2.2309999465942383,100,4.676474776334102,35,,4.764441013336182,,,,,,,,,,,,,,,,,,,,
calibration_minutes,20260818_0622,t1,1,sleep,ok,54,56,6515,127.5,5858,1178,0.20109252304540798,5400,988,111.22872321874664,0.8029999732971191,100,1.5782140054904426,46,,4.695597171783447,,,,,,,,,,,,,,,,,,,,
calibration_minutes,20260818_0623,t1,1,sleep,ok,50,51,6437,130.0,5942,1217,0.20481319421070346,5000,604,108.34511513793039,2.1060001850128174,100,3.822088622282405,36,,4.782227516174316,,,,,,,,,,,,,,,,,,,,
calibration_minutes,20260818_0624,t1,1,sleep,ok,44,45,5940,132.0,5996,1628,0.2715143428952635,4400,433,99.07265313093926,2.5850000381469727,100,2.1994810226208603,25,,4.673779010772705,,,,,,,,,,,,,,,,,,,,
calibration_minutes,20260818_0625,t1,1,sleep,ok,48,50,6324,132.0,5840,1194,0.20445205479452055,4800,538,108.29323454567108,2.00600004196167,100,2.664725794520623,36,,5.024656295776367,,,,,,,,,,,,,,,,,,,,
calibration_minutes,20260818_0626,t1,1,sleep,ok,56,58,7310,132.5,5978,756,0.12646370023419204,5600,577,122.29397362521101,0.8910000324249268,100,3.5540624519430333,51,,4.577602386474609,,,,,,,,,,,,,,,,,,,,
calibration_minutes,20260818_0627,t1,1,sleep,ok,49,51,6290,130.0,5891,1301,0.22084535732473265,4900,652,106.78935837347049,1.9229998588562012,100,2.9404958112223127,37,,4.905955791473389,,,,,,,,,,,,,,,,,,,,
calibration_minutes,20260818_0628,t1,1,sleep,ok,48,50,6488,131.0,5962,1197,0.20077155317007717,4800,528,108.83532087272006,1.8389999866485596,100,3.6993004061535486,30,,5.012908458709717,,,,,,,,,,,,,,,,,,,,
calibration_minutes,20260818_0629,t1,1,sleep,ok,49,51,6484,131.0,5859,1129,0.19269499914661206,4900,525,110.68435141219267,1.9729998111724854,100,2.2941153758911184,36,,4.594336032867432,,,,,,,,,,,,,,,,,,,,
calibration_minutes,20260818_0630,t1,1,sleep,ok,52,54,6711,132.0,5876,1009,0.171715452688904,5200,649,114.21812278642078,0.8899998664855957,100,5.924908709822409,42,,5.011902809143066,,,,,,,,,,,,,,,,,,,,
calibration_minutes,20260818_0631,t1,1,sleep,ok,49,50,6184,131.0,5919,1346,0.2274032775806724,4900,670,104.48240316646556,2.121999979019165,100,3.580473909883926,32,,4.704323768615723,,,,,,,,,,,,,,,,,,,,
calibration_minutes,20260818_0632,t1,1,sleep,ok,41,42,5426,132.0,5495,1510,0.2747952684258417,4100,457,98.75150129591992,2.2990000247955322,100,3.8946322625776926,27,,5.571767807006836,,,,,,,,,,,,,,,,,,,,
calibration_minutes,20260818_0633,t1,1,sleep,ok,51,53,5496,118.0,5860,1711,0.29197952218430034,5100,1259,93.7963989643564,2.0869998931884766,100,4.44961416472529,41,,4.880624771118164,,,,,,,,,,,,,,,,,,,,
calibration_minutes,20260818_0635,t1,1,sleep,ok,53,55,7107,133.0,5849,768,0.13130449649512738,5300,412,121.51418266265357,1.7829999923706055,100,3.6897228148057524,45,,4.789642333984375,,,,,,,,,,,,,,,,,,,,
calibration_minutes,20260818_0636,t1,1,sleep,ok,42,43,5833,132.0,5872,1598,0.2721389645776567,4200,267,99.35105863315134,3.2240002155303955,100,3.877463352128175,24,,4.868200778961182,,,,,,,,,,,,,,,,,,,,
calibration_minutes,20260818_0637,t1,1,sleep,ok,41,43,5037,118.0,5863,2095,0.35732560122804025,4100,836,85.91164950795029,3.23799991607666,100,4.196771797956208,22,,4.616556644439697,,,,,,,,,,,,,,,,,,,,
calibration_minutes,20260818_0638,t1,1,sleep,ok,55,56,7064,133.0,5842,558,0.09551523450872988,5500,425,120.93198409742816,0.8680000305175781,100,3.959934678816021,51,,4.451634883880615,,,,,,,,,,,,,,,,,,,,
calibration_minutes,20260818_0639,t1,1,sleep,ok,50,52,6965,131.5,5890,981,0.16655348047538202,5000,483,118.26131254360567,2.0850000381469727,100,2.5178232742618816,42,,4.888687610626221,,,,,,,,,,,,,,,,,,,,
calibration_minutes,20260818_0640,t1,1,sleep,ok,48,50,6493,132.0,5972,1232,0.20629604822505024,4800,473,108.73497004809205,2.442000150680542,100,3.8163746569849475,34,,12.077837944030762,,,,,,,,,,,,,,,,,,,,
calibration_minutes,20260818_0641,t1,1,sleep,ok,52,53,5538,110.0,5863,1694,0.28893058161350843,5200,1295,94.46481876332622,0.7529997825622559,100,5.235573076892064,40,,13.758264541625977,,,,,,,,,,,,,,,,,,,,
calibration_minutes,20260818_0642,t1,1,sleep,ok,53,54,5886,128.0,5848,1439,0.24606703146374828,5300,1139,100.65323724284777,1.0939998626708984,100,2.9043988450593745,45,,4.668779850006104,,,,,,,,,,,,,,,,,,,,
calibration_minutes,20260818_0643,t1,1,sleep,ok,46,48,6231,131.0,5862,1353,0.2308085977482088,4600,537,106.29659333083782,1.931999921798706,100,4.799143999766521,30,,6.447518348693848,,,,,,,,,,,,,,,,,,,,
calibration_minutes,20260818_0644,t1,1,sleep,ok,46,48,5783,127.0,5859,1512,0.25806451612903225,4600,812,98.70958937952625,1.8370001316070557,100,2.941149120489149,30,,4.8285675048828125,,,,,,,,,,,,,,,,,,,,
calibration_minutes,20260818_0645,t1,1,sleep,ok,57,58,7326,132.0,5996,707,0.11791194129419613,5700,519,122.19979655101682,1.9270000457763672,100,1.8992046545418244,53,,6.467103004455566,,,,,,,,,,,,,,,,,,,,
calibration_minutes,20260818_0646,t1,1,sleep,ok,52,52,6444,131.0,5978,1227,0.20525259284041486,5200,666,107.80787311653042,2.247999906539917,100,5.590526510903492,40,,8.687596321105957,,,,,,,,,,,,,,,,,,,,
calibration_minutes,20260818_0647,t1,1,sleep,ok,44,46,5263,129.0,5820,1880,0.3230240549828179,4400,795,90.43887685126481,2.325000047683716,100,8.254449242485103,29,,8.507709503173828,,,,,,,,,,,,,,,,,,,,
calibration_minutes,20260818_0648,t1,1,sleep,ok,55,56,6669,131.0,5682,692,0.12178810278071102,5500,603,117.37890738156611,1.0449998378753662,100,5.283830299382944,51,,,,,,,,,,,,,,,,,,,,,,
calibration_minutes,20260818_0649,t1,1,sleep,ok,52,53,6778,132.0,5828,990,0.16986959505833904,5200,568,116.31858013277228,1.6040000915527344,100,2.875333493063901,44,,4.822917461395264,,,,,,,,,,,,,,,,,,,,
calibration_minutes,20260818_0650,t1,1,sleep,ok,43,45,6019,132.0,5873,1461,0.24876553720415462,4300,402,102.49118804290167,2.93999981880188,100,2.3449537223258012,24,,4.834392547607422,,,,,,,,,,,,,,,,,,,,
calibration_minutes,20260818_0651,t1,1,sleep,ok,41,42,5526,132.0,5864,1787,0.3047407912687585,4100,428,94.25048175956563,2.375,100,1.5689051704850636,24,,5.922004699707031,,,,,,,,,,,,,,,,,,,,
calibration_minutes,20260818_0653,t1,1,sleep,ok,52,53,6898,132.0,5858,932,0.1590986684875384,5200,510,117.75550966129845,1.0270001888275146,100,1.3628682368387885,40,,5.007538318634033,,,,,,,,,,,,,,,,,,,,
calibration_minutes,20260818_0654,t1,1,sleep,ok,51,52,6590,132.0,5992,1118,0.18658210947930573,5100,574,109.98180893972466,1.1110000610351562,100,4.103341378028672,37,,4.731974124908447,,,,,,,,,,,,,,,,,,,,
calibration_minutes,20260818_0655,t1,1,sleep,ok,48,49,6034,129.5,5811,1395,0.24006195147134746,4800,660,103.84291029160319,2.6019999980926514,100,2.5602271305159925,39,,4.47221565246582,,,,,,,,,,,,,,,,,,,,
calibration_minutes,20260818_0656,t1,1,sleep,ok,46,47,6092,131.0,5858,1466,0.2502560600887675,4600,513,104.00341434128435,2.6660001277923584,100,1.401886586329991,30,,6.216431140899658,,,,,,,,,,,,,,,,,,,,
calibration_minutes,20260818_0657,t1,1,sleep,ok,56,58,7035,132.0,5859,564,0.09626216077828981,5600,484,120.07783318527483,0.6719999313354492,100,1.516332003023523,52,,4.328526496887207,,,,,,,,,,,,,,,,,,,,
calibration_minutes,20260818_0658,t1,1,sleep,ok,54,56,7186,132.0,5854,673,0.11496412709258627,5400,495,122.76206092594215,0.5859999656677246,100,2.5218219768749104,47,,4.524249076843262,,,,,,,,,,,,,,,,,,,,
calibration_minutes,20260818_0659,t1,1,sleep,ok,42,44,5750,131.0,5951,1740,0.2923878339774828,4200,482,96.63053545046681,2.4549999237060547,100,3.646894138646119,26,,4.900130748748779,,,,,,,,,,,,,,,,,,,,
calibration_minutes,20260818_0700,t1,1,sleep,ok,45,47,6124,131.0,5965,1433,0.2402347024308466,4500,488,102.66899141302599,1.9869999885559082,100,2.566694515910668,26,,4.644847869873047,,,,,,,,,,,,,,,,,,,,
calibration_minutes,20260818_0702,t1,1,sleep,ok,53,54,7066,131.0,5913,835,0.14121427363436495,5300,490,119.49940833443695,1.7929999828338623,100,2.589273021397964,45,,4.72210693359375,,,,,,,,,,,,,,,,,,,,
calibration_minutes,20260818_0703,t1,1,sleep,ok,48,49,6121,131.0,5984,1441,0.24080882352941177,4800,612,102.30482510452515,3.0439999103546143,100,2.804120380603407,35,,5.05553674697876,,,,,,,,,,,,,,,,,,,,
calibration_minutes,20260818_0704,t1,1,sleep,ok,47,48,5136,103.0,5848,2005,0.34285225718194257,4700,1142,87.83691321107061,3.4560000896453857,100,3.4423188152847306,38,,4.928647994995117,,,,,,,,,,,,,,,,,,,,
calibration_minutes,20260818_0705,t1,1,sleep,ok,57,59,6777,131.0,5858,753,0.12854216456128373,5700,723,115.70572495109276,0.4590001106262207,100,2.4706516815245054,55,,,,,,,,,,,,,,,,,,,,,,
calibration_minutes,20260818_0706,t1,1,sleep,ok,45,47,6233,131.0,5860,1248,0.2129692832764505,4500,428,106.3797105268362,2.013000011444092,100,3.23937080128085,29,,4.760075092315674,,,,,,,,,,,,,,,,,,,,
calibration_minutes,20260818_0707,t1,1,sleep,ok,54,55,6323,129.0,5859,1091,0.18620925072537975,5400,820,107.9231245195197,1.9279999732971191,100,1.7842821318506554,48,,5.015301704406738,,,,,,,,,,,,,,,,,,,,
calibration_minutes,20260818_0708,t1,1,sleep,ok,48,50,6522,131.0,5860,1113,0.18993174061433446,4800,412,111.30642540857578,2.191999912261963,100,2.726080315404561,38,,4.820370197296143,,,,,,,,,,,,,,,,,,,,
calibration_minutes,20260818_0709,t1,1,sleep,ok,50,52,6611,131.0,5883,1133,0.19258881523032467,5000,587,112.38610113712579,1.312999963760376,100,2.2396813412835415,39,,4.85846471786499,,,,,,,,,,,,,,,,,,,,
calibration_minutes,20260818_0710,t1,1,sleep,ok,38,40,5413,131.0,5859,1875,0.3200204813108039,3800,398,92.39566435905752,2.202000141143799,100,1.3017110993910235,20,,4.937104225158691,,,,,,,,,,,,,,,,,,,,
calibration_minutes,20260818_0712,t1,1,sleep,ok,55,57,7254,131.0,5858,634,0.10822806418572892,5500,443,123.85180090045124,1.7390000820159912,100,1.8899543020499967,51,,4.8873701095581055,,,,,,,,,,,,,,,,,,,,
calibration_minutes,20260818_0713,t1,1,sleep,ok,50,52,6464,131.0,5916,1116,0.18864097363083165,5000,541,109.27594521471326,1.9150002002716064,100,2.120542020599738,37,,4.392438888549805,,,,,,,,,,,,,,,,,,,,
calibration_minutes,20260818_0714,t1,1,sleep,ok,45,46,5464,123.0,5776,1719,0.2976108033240997,4500,808,94.61308002112463,2.1679999828338623,100,2.483274929931763,30,,4.481255054473877,,,,,,,,,,,,,,,,,,,,
calibration_minutes,20260818_0715,t1,1,sleep,ok,55,57,6256,131.0,5858,1135,0.19375213383407305,5500,934,106.80141998744801,1.3240001201629639,100,1.7811770389217219,49,,4.608981132507324,,,,,,,,,,,,,,,,,,,,
calibration_minutes,20260818_0716,t1,1,sleep,ok,56,58,6964,130.5,5862,867,0.14790174002047082,5600,741,118.80917851858649,0.9100000858306885,100,2.3445487509148517,52,,4.701264381408691,,,,,,,,,,,,,,,,,,,,
calibration_minutes,20260818_0717,t1,1,sleep,ok,41,42,5710,131.0,5933,1737,0.2927692566998146,4100,397,96.2413619980218,3.686999797821045,100,1.8921590734080862,22,,5.009899616241455,,,,,,,,,,,,,,,,,,,,
calibration_minutes,20260818_0718,t1,1,sleep,ok,48,49,5011,92.5,5584,1780,0.31876790830945556,4800,1277,89.75300445906498,2.3380000591278076,100,4.156965680152651,39,,4.596525192260742,,,,,,,,,,,,,,,,,,,,
calibration_minutes,20260818_0719,t1,1,sleep,ok,55,57,6410,126.0,5861,1087,0.18546323153045555,5500,937,109.37446643286219,0.8199999332427979,100,2.23696395755152,49,,4.751347541809082,,,,,,,,,,,,,,,,,,,,
calibration_minutes,20260818_0720,t1,1,sleep,ok,51,53,6554,131.0,5859,1083,0.18484383000512034,5100,647,111.87545885646313,1.068000078201294,100,3.9439661698057265,40,,4.621119022369385,,,,,,,,,,,,,,,,,,,,
calibration_minutes,20260818_0721,t1,1,sleep,ok,44,46,6093,129.5,5861,1416,0.24159699709947108,4400,591,103.96723825641126,2.0950000286102295,100,4.0281982933829665,32,,4.425470352172852,,,,,,,,,,,,,,,,,,,,
calibration_minutes,20260818_0722,t1,1,sleep,ok,50,51,6566,131.0,5827,1078,0.18500085807448086,5000,465,112.69007648278641,2.11899995803833,100,4.173374993340237,39,,4.852476596832275,,,,,,,,,,,,,,,,,,,,
calibration_minutes,20260818_0723,t1,1,sleep,ok,56,58,7425,132.0,5859,288,0.04915514592933948,5600,169,126.74541664375185,1.3519999980926514,100,3.1917436563947996,52,,,,,,,,,,,,,,,,,,,,,,
calibration_minutes,20260818_0724,t1,1,sleep,ok,50,51,6836,132.0,5858,916,0.15636736087401842,5000,381,116.70707163248655,1.6710000038146973,100,3.7693321395713113,40,,4.8232421875,,,,,,,,,,,,,,,,,,,,
calibration_minutes,20260818_0725,t1,1,sleep,ok,39,39,4950,130.0,5974,2322,0.38868429862738535,3900,549,82.86183010736954,3.615000009536743,100,5.041834921744088,23,,4.560384750366211,,,,,,,,,,,,,,,,,,,,
calibration_minutes,20260818_0726,t1,1,sleep,ok,41,42,5441,131.0,5802,1798,0.3098931402964495,4100,520,93.78770612892777,2.4709999561309814,100,1.5599054100602632,24,,4.638247966766357,,,,,,,,,,,,,,,,,,,,
calibration_minutes,20260818_0727,t1,1,sleep,ok,55,57,6738,132.0,5860,794,0.13549488054607509,5500,584,114.99863461091327,1.190000057220459,100,1.7013902984532001,50,,4.4896674156188965,,,,,,,,,,,,,,,,,,,,
calibration_minutes,20260818_0728,t1,1,sleep,ok,54,55,7085,132.0,5925,771,0.130126582278481,5400,462,119.59218852629569,2.0769999027252197,100,2.161178731504918,47,,4.859913349151611,,,,,,,,,,,,,,,,,,,,
calibration_minutes,20260818_0729,t1,1,sleep,ok,43,45,6084,132.0,5881,1431,0.24332596497194356,4300,458,103.45355300075539,2.009000062942505,100,4.777134970883869,24,,4.443238258361816,,,,,,,,,,,,,,,,,,,,
calibration_minutes,20260818_0730,t1,1,sleep,ok,53,55,5583,98.0,5858,1694,0.2891771935814271,5300,1372,95.30719200333854,0.9800000190734863,100,3.013739819703968,45,,5.003844261169434,,,,,,,,,,,,,,,,,,,,
calibration_minutes,20260818_0731,t1,1,sleep,ok,45,46,6176,132.0,5940,1384,0.232996632996633,4500,422,103.9818166846249,2.5970001220703125,100,2.5434660939181266,26,,4.889020442962647,,,,,,,,,,,,,,,,,,,,
calibration_minutes,20260818_0732,t1,1,sleep,ok,47,49,5965,122.0,5862,1473,0.25127942681678606,4700,777,101.76575960128783,2.1039998531341553,100,2.7930463135194685,32,,5.466907024383545,,,,,,,,,,,,,,,,,,,,
calibration_minutes,20260818_0733,t1,1,sleep,ok,50,51,6528,131.0,5755,883,0.1534317984361425,5000,280,113.43376943452274,2.8350000381469727,100,1.6943834909043523,42,,,,,,,,,,,,,,,,,,,,,,
calibration_minutes,20260818_0734,t1,1,sleep,ok,57,59,7582,132.0,5860,476,0.08122866894197953,5700,419,129.38566573957644,0.4549999237060547,100,1.5564493175838183,55,,4.7805914878845215,,,,,,,,,,,,,,,,,,,,
calibration_minutes,20260818_0735,t1,1,sleep,ok,51,52,6852,131.0,5811,887,0.15264154190328688,5100,463,117.91835883659496,1.3240001201629639,100,2.2568756836916215,41,,4.387449264526367,,,,,,,,,,,,,,,,,,,,
calibration_minutes,20260818_0736,t1,1,sleep,ok,47,49,6343,132.0,5945,1283,0.21581160639192598,4700,409,106.71265131046187,2.2260000705718994,100,4.387746812263707,32,,4.696246147155762,,,,,,,,,,,,,,,,,,,,
calibration_minutes,20260818_0737,t1,1,sleep,ok,46,48,5055,103.5,5744,1978,0.34435933147632314,4600,1113,88.00793905061762,2.6540000438690186,100,2.2711745987582024,34,,4.554803848266602,,,,,,,,,,,,,,,,,,,,
calibration_minutes,20260818_0738,t1,1,sleep,ok,45,45,5732,132.0,5811,1578,0.2715539494062984,4500,579,98.64560188788026,3.3379998207092285,100,3.0349314284745486,30,,,,,,,,,,,,,,,,,,,,,,
calibration_minutes,20260818_0739,t1,1,sleep,ok,51,52,6776,131.0,5799,964,0.16623555785480254,5100,565,116.86586996156173,1.686999797821045,100,4.194522972514977,42,,10.829564094543455,,,,,,,,,,,,,,,,,,,,
calibration_minutes,20260818_0740,t1,1,sleep,ok,50,51,5956,124.0,5847,1498,0.25619976056097143,5000,941,101.87988579562047,1.9619998931884766,100,5.083039399706529,38,,4.819856643676758,,,,,,,,,,,,,,,,,,,,
calibration_minutes,20260818_0741,t1,1,sleep,ok,50,52,6475,131.5,5855,1071,0.18292058070025619,5000,572,110.58924005590616,1.0810000896453857,100,3.13063361565673,38,,4.715801239013672,,,,,,,,,,,,,,,,,,,,
calibration_minutes,20260818_0742,t1,1,sleep,ok,51,53,6120,131.0,5858,1356,0.2314783202458177,5100,935,104.47608347391915,1.7720000743865967,100,4.570555241063818,44,,4.687449455261231,,,,,,,,,,,,,,,,,,,,
calibration_minutes,20260818_0743,t1,1,sleep,ok,38,39,5508,132.0,5941,1915,0.3223363070190204,3800,357,92.72415077940624,2.507999897003174,100,5.1236331389331475,21,,4.860232830047607,,,,,,,,,,,,,,,,,,,,
calibration_minutes,20260818_0744,t1,1,sleep,ok,57,57,6935,132.0,5827,718,0.12321949545220526,5700,632,119.02718672361738,0.8659999370574951,100,4.127281918234918,55,,,,,,,,,,,,,,,,,,,,,,
calibration_minutes,20260818_0745,t1,1,sleep,ok,54,56,7087,131.0,5861,840,0.14332025251663538,5400,641,120.9261851424454,0.7749998569488525,100,1.8500219607927306,46,,4.727607727050781,,,,,,,,,,,,,,,,,,,,
calibration_minutes,20260818_0746,t1,1,sleep,ok,52,53,6842,132.0,5903,1029,0.17431814331695747,5200,589,115.9150204544932,2.1459999084472656,100,5.026486825258807,41,,4.876713275909424,,,,,,,,,,,,,,,,,,,,
calibration_minutes,20260818_0747,t1,1,sleep,ok,45,46,6347,132.0,5825,1194,0.2049785407725322,4500,436,108.98008239973703,1.878000020980835,100,4.311402820012307,25,,4.734217643737793,,,,,,,,,,,,,,,,,,,,
calibration_minutes,20260818_0748,t1,1,sleep,ok,51,53,4881,75.0,5874,2141,0.3644875723527409,5100,1709,83.10206842435817,1.8900001049041748,100,4.776955720185766,42,,4.748467922210693,,,,,,,,,,,,,,,,,,,,
calibration_minutes,20260818_0749,t1,1,sleep,ok,43,45,5842,132.0,5993,1698,0.28333055231102955,4300,477,97.48364708655544,2.115999937057495,100,5.916645302975646,23,,4.792386054992676,,,,,,,,,,,,,,,,,,,,
calibration_minutes,20260818_0750,t1,1,sleep,ok,57,58,6787,132.0,5823,672,0.11540443070582174,5700,623,116.57105537030907,0.6099998950958252,100,4.816685361764227,55,,4.682826995849609,,,,,,,,,,,,,,,,,,,,
calibration_minutes,20260818_0751,t1,1,sleep,ok,51,52,6903,133.0,5842,896,0.1533721328312222,5100,459,118.179794874632,1.997999906539917,100,3.5729112066627406,41,,4.529871463775635,,,,,,,,,,,,,,,,,,,,
calibration_minutes,20260818_0752,t1,1,sleep,ok,49,51,6304,132.0,5979,1330,0.22244522495400568,4900,548,105.43745498971538,1.999000072479248,100,3.7341375750967405,38,,5.487524032592773,,,,,,,,,,,,,,,,,,,,
calibration_minutes,20260818_0753,t1,1,sleep,ok,44,45,5545,130.0,5859,1760,0.3003925584570746,4400,677,94.6488008259697,2.434999942779541,100,3.4801452529196606,25,,4.737283229827881,,,,,,,,,,,,,,,,,,,,
calibration_minutes,20260818_0754,t1,1,sleep,ok,53,54,6977,132.0,5697,504,0.08846761453396525,5300,315,122.47226475815624,0.5580000877380371,100,4.331985685716575,47,,,,,,,,,,,,,,,,,,,,,,
calibration_minutes,20260818_0755,t1,1,sleep,ok,52,54,6928,131.5,5878,858,0.14596801633208575,5200,478,117.86722900211562,0.7279999256134033,100,4.13346472080293,42,,11.633330345153809,,,,,,,,,,,,,,,,,,,,
calibration_minutes,20260818_0756,t1,1,sleep,ok,47,49,6506,131.0,5989,1176,0.19635999332108867,4700,394,108.63430647915435,2.2259998321533203,100,3.260199856517839,30,,4.755679130554199,,,,,,,,,,,,,,,,,,,,
calibration_minutes,20260818_0757,t1,1,sleep,ok,52,53,5280,93.5,5967,1980,0.33182503770739064,5200,1450,88.49409207032232,1.6170001029968262,100,3.539625730861678,42,,4.701457500457764,,,,,,,,,,,,,,,,,,,,
calibration_minutes,20260818_0758,t1,1,sleep,ok,42,43,5537,131.0,5734,1674,0.29194279734914547,4200,507,96.56772113241065,2.128999948501587,100,3.4667605039849336,21,,4.175216197967529,,,,,,,,,,,,,,,,,,,,
calibration_minutes,20260818_0759,t1,1,sleep,ok,43,45,5987,132.0,5891,1494,0.25360719741979293,4300,435,101.64340777971215,2.305999994277954,100,3.601794654469132,28,,4.78206729888916,,,,,,,,,,,,,,,,,,,,
calibration_minutes,20260818_0800,t1,1,sleep,ok,56,58,6339,129.0,5858,1079,0.18419255718675315,5600,1010,108.2146879813153,0.7929999828338623,100,3.0654060514839596,52,,5.382623195648193,,,,,,,,,,,,,,,,,,,,
calibration_minutes,20260818_0801,t1,1,sleep,ok,53,55,7154,132.0,5886,809,0.13744478423377507,5300,486,121.5529691221062,2.0470001697540283,100,3.407450207019231,47,,10.768990516662598,,,,,,,,,,,,,,,,,,,,
calibration_minutes,20260818_0802,t1,1,sleep,ok,48,49,6251,131.0,5879,1270,0.21602313318591598,4800,471,106.32760680483206,2.182000160217285,100,4.178371383489221,32,,6.053612232208252,,,,,,,,,,,,,,,,,,,,
calibration_minutes,20260818_0803,t1,1,sleep,ok,44,46,6196,131.0,5860,1278,0.21808873720136518,4400,407,105.73739752152173,1.8179998397827148,100,3.9858093494709976,27,,,,,,,,,,,,,,,,,,,,,,
calibration_minutes,20260818_0804,t1,1,sleep,ok,57,59,7387,132.0,5859,277,0.04727769243898276,5700,251,126.09029606878957,0.4830000400543213,100,3.4106473091691516,55,,4.246095657348633,,,,,,,,,,,,,,,,,,,,
calibration_minutes,20260818_0805,t1,1,sleep,ok,56,58,7519,132.0,5859,507,0.08653353814644137,5600,436,128.33248013338223,0.5920000076293945,100,1.8498977742044782,52,,8.703575134277344,,,,,,,,,,,,,,,,,,,,
calibration_minutes,20260818_0806,t1,1,sleep,ok,51,51,6459,132.0,5949,1208,0.20305933770381576,5100,553,108.57469433164347,3.319999933242798,100,3.0717380435992006,43,,4.910178184509277,,,,,,,,,,,,,,,,,,,,
calibration_minutes,20260818_0807,t1,1,sleep,ok,40,40,5618,131.0,5914,1737,0.29370984105512343,4000,272,94.99813992547655,2.3389999866485596,100,2.690070513822767,15,,4.494659423828125,,,,,,,,,,,,,,,,,,,,
calibration_minutes,20260818_0808,t1,1,sleep,ok,57,59,6358,130.0,5833,1018,0.1745242585290588,5700,1005,109.01546581202588,0.6979999542236328,100,3.341120613646588,55,,4.423016548156738,,,,,,,,,,,,,,,,,,,,
calibration_minutes,20260818_0809,t1,1,sleep,ok,51,53,6785,131.0,5862,974,0.16615489593995222,5100,569,115.75140297316432,2.015000104904175,100,2.5585983876148664,45,,4.642926692962647,,,,,,,,,,,,,,,,,,,,
calibration_minutes,20260818_0810,t1,1,sleep,ok,45,47,5833,132.0,5848,1560,0.2667578659370725,4500,645,99.76056092262404,2.7320001125335693,100,2.51356718196422,29,,4.967953681945801,,,,,,,,,,,,,,,,,,,,
calibration_minutes,20260818_0811,t1,1,sleep,ok,53,54,6654,131.0,5860,934,0.15938566552901023,5300,590,113.55723948702376,1.9860000610351562,100,5.113394586178488,45,,4.335397720336914,,,,,,,,,,,,,,,,,,,,
calibration_minutes,20260818_0812,t1,1,sleep,ok,49,50,6327,131.0,5706,1124,0.19698562916228532,4900,607,110.88716727314272,1.818000078201294,100,3.988312407931737,41,,4.763134002685547,,,,,,,,,,,,,,,,,,,,
calibration_minutes,20260818_0813,t1,1,sleep,ok,55,57,6486,124.0,5864,1270,0.2165757162346521,5500,1131,110.61086665190079,0.806999921798706,100,3.0367745721716886,49,,4.914981842041016,,,,,,,,,,,,,,,,,,,,
calibration_minutes,20260818_0814,t1,1,sleep,ok,52,53,6474,131.0,5912,1127,0.19062922868741541,5200,649,109.51349900015316,2.2380001544952393,100,4.341065536100283,42,,4.700216770172119,,,,,,,,,,,,,,,,,,,,
calibration_minutes,20260818_0815,t1,1,sleep,ok,48,50,6354,131.0,5843,1124,0.19236693479377032,4800,523,108.75853714034872,1.1040000915527344,100,3.4120559422125223,36,,4.583748817443848,,,,,,,,,,,,,,,,,,,,
calibration_minutes,20260818_0816,t1,1,sleep,ok,55,56,6367,130.0,5859,1054,0.17989417989417988,5500,786,108.68526165262868,1.7970001697540283,100,2.488073362312932,49,,4.124359130859375,,,,,,,,,,,,,,,,,,,,
calibration_minutes,20260818_0817,t1,1,sleep,ok,44,46,5990,131.0,5959,1529,0.2565866756167142,4400,445,100.52865687896342,2.1499998569488525,100,4.633059470497635,26,,4.495004177093506,,,,,,,,,,,,,,,,,,,,
calibration_minutes,20260818_0818,t1,1,sleep,ok,57,59,7190,132.0,5854,416,0.07106252135292108,5700,398,122.82200212991609,0.10799980163574219,100,2.5116168070959874,55,,4.259006500244141,,,,,,,,,,,,,,,,,,,,
calibration_minutes,20260818_0819,t1,1,sleep,ok,53,54,6958,131.0,5906,816,0.1381645783948527,5300,419,117.8243643391823,1.9100000858306885,100,2.892309745641992,46,,4.55664587020874,,,,,,,,,,,,,,,,,,,,
calibration_minutes,20260818_0820,t1,1,sleep,ok,47,49,6125,131.0,5850,1323,0.22615384615384615,4700,486,104.71159442667407,3.76200008392334,100,1.9840818978802897,35,,4.8497467041015625,,,,,,,,,,,,,,,,,,,,
calibration_minutes,20260818_0821,t1,1,sleep,ok,50,52,5155,89.0,5852,1932,0.33014354066985646,5000,1347,88.09255288822874,2.057000160217285,100,3.7502271359145736,37,,4.979341506958008,,,,,,,,,,,,,,,,,,,,
calibration_minutes,20260818_0822,t1,1,sleep,ok,54,55,5836,109.0,5911,1568,0.2652681441380477,5400,1304,98.7361905092359,0.6790001392364502,100,4.07597215881448,46,,5.278020858764648,,,,,,,,,,,,,,,,,,,,
calibration_minutes,20260818_0823,t1,1,sleep,ok,50,52,6349,129.5,5862,1121,0.1912316615489594,5000,712,108.3151359154092,1.0789999961853027,100,3.501798783640015,36,,4.901449203491211,,,,,,,,,,,,,,,,,,,,
calibration_minutes,20260818_0824,t1,1,sleep,ok,49,51,6476,131.0,5958,1150,0.19301779120510237,4900,423,108.6996661559618,1.6700000762939453,100,2.1489111665791154,35,,13.757556915283203,,,,,,,,,,,,,,,,,,,,
calibration_minutes,20260818_0825,t1,1,sleep,ok,52,54,5309,97.5,5834,1820,0.3119643469317792,5200,1384,91.01506903431998,2.2899999618530273,100,7.121346995793608,46,,4.38870906829834,,,,,,,,,,,,,,,,,,,,
calibration_minutes,20260818_0827,t1,1,sleep,ok,43,44,5582,127.0,5898,1754,0.2973889454052221,4300,594,94.658300785006,3.4000000953674316,100,2.352456368322409,28,,4.623995304107666,,,,,,,,,,,,,,,,,,,,
calibration_minutes,20260818_0828,t1,1,sleep,ok,38,40,5694,131.5,5998,1786,0.2977659219739913,3800,231,94.93639228672787,2.1540000438690186,100,2.2404330481603716,14,,5.38468599319458,,,,,,,,,,,,,,,,,,,,
calibration_minutes,20260818_0829,t1,1,sleep,ok,54,56,6927,131.0,5840,642,0.10993150684931507,5400,457,118.62926436415287,0.9900000095367432,100,2.844388996219256,48,,,,,,,,,,,,,,,,,,,,,,
calibration_minutes,20260818_0830,t1,1,sleep,ok,57,59,7371,131.0,5862,600,0.1023541453428864,5700,585,125.75923021632431,0.4739999771118164,100,2.6153440907497676,55,,4.916226387023926,,,,,,,,,,,,,,,,,,,,
calibration_minutes,20260818_0831,t1,1,sleep,ok,53,54,7002,131.0,5864,835,0.14239427012278308,5300,566,119.42284083170446,1.0789999961853027,100,2.1854100244076378,42,,7.26109504699707,,,,,,,,,,,,,,,,,,,,
calibration_minutes,20260818_0832,t1,1,sleep,ok,44,45,6274,131.0,5996,1351,0.2253168779186124,4400,372,104.6434050073254,2.2160000801086426,100,2.354511213013468,25,,4.642288684844971,,,,,,,,,,,,,,,,,,,,
calibration_minutes,20260818_0833,t1,1,sleep,ok,48,49,6001,131.0,5841,1395,0.23882896764252695,4800,490,102.7462929474702,4.4730000495910645,100,2.1146522264696306,39,,4.19761848449707,,,,,,,,,,,,,,,,,,,,
calibration_minutes,20260818_0834,t1,1,sleep,ok,50,52,6159,130.0,5764,1298,0.22519083969465647,5000,798,106.85844147044577,2.427000045776367,100,1.8647456903333897,38,,4.729209899902344,,,,,,,,,,,,,,,,,,,,
calibration_minutes,20260818_0835,t1,1,sleep,ok,48,50,5960,125.5,5859,1521,0.25960061443932414,4800,828,101.72905270564861,1.6329998970031738,100,3.5043244275265124,34,,7.100810527801514,,,,,,,,,,,,,,,,,,,,
calibration_minutes,20260818_0836,t1,1,sleep,ok,48,49,6067,126.0,5973,1513,0.2533065461242257,4800,673,101.59075681670237,1.9110000133514404,100,3.716064001681427,33,,4.806442737579346,,,,,,,,,,,,,,,,,,,,
calibration_minutes,20260818_0837,t1,1,sleep,ok,53,54,5982,122.0,5694,1272,0.22339304531085352,5300,1069,105.06718197966089,0.9849998950958252,100,4.761230060821214,45,,4.575666427612305,,,,,,,,,,,,,,,,,,,,
calibration_minutes,20260818_0838,t1,1,sleep,ok,47,49,5975,130.0,5878,1474,0.2507655665192242,4700,590,101.65886881399264,2.197999954223633,100,4.613531966778497,32,,4.521764755249023,,,,,,,,,,,,,,,,,,,,
calibration_minutes,20260818_0839,t1,1,sleep,ok,53,55,6038,119.0,5861,1343,0.22914178467838253,5300,1043,103.02347795306895,1.553999900817871,100,3.929484115833866,47,,4.879960060119629,,,,,,,,,,,,,,,,,,,,
calibration_minutes,20260818_0840,t1,1,sleep,ok,45,47,5908,131.0,5933,1602,0.27001516939153886,4500,579,99.58534205018493,3.368000030517578,100,2.6894526446636573,28,,4.781569004058838,,,,,,,,,,,,,,,,,,,,
calibration_minutes,20260818_0841,t1,1,sleep,ok,55,57,5777,96.0,5886,1587,0.26962283384301733,5500,1392,98.15815432113502,1.2409999370574951,100,2.719816530542939,49,,4.77090311050415,,,,,,,,,,,,,,,,,,,,
calibration_minutes,20260818_0842,t1,1,sleep,ok,46,48,6265,132.0,5886,1259,0.21389738362215427,4600,313,106.44985880745955,2.690000057220459,100,8.513927048284852,28,,8.926579475402832,,,,,,,,,,,,,,,,,,,,
calibration_minutes,20260818_0843,t1,1,sleep,ok,55,57,6596,131.0,5857,1001,0.17090660747823117,5500,816,112.62122691647089,1.805999994277954,100,2.253149737735747,49,,4.84704065322876,,,,,,,,,,,,,,,,,,,,
calibration_minutes,20260818_0844,t1,1,sleep,ok,52,54,6898,131.0,5842,865,0.14806573091407052,5200,548,118.08408629330587,0.8270001411437988,100,3.554959522825855,40,,4.716764450073242,,,,,,,,,,,,,,,,,,,,
calibration_minutes,20260818_0845,t1,1,sleep,ok,46,48,5502,127.5,5856,1791,0.30584016393442626,4600,923,93.95652245711739,2.188000202178955,100,4.681048101709607,29,,5.046473026275635,,,,,,,,,,,,,,,,,,,,
calibration_minutes,20260818_0846,t1,1,sleep,ok,56,58,6882,131.0,5856,738,0.1260245901639344,5600,657,117.53855589315991,0.619999885559082,100,1.9983754348100338,52,,4.531101703643799,,,,,,,,,,,,,,,,,,,,
calibration_minutes,20260818_0847,t1,1,sleep,ok,47,48,6310,131.0,5858,1333,0.22755206555138272,4700,594,107.71778283021067,2.3480000495910645,100,2.2279373015367367,35,,4.805150508880615,,,,,,,,,,,,,,,,,,,,
calibration_minutes,20260818_0848,t1,1,sleep,ok,56,58,7494,133.0,5860,267,0.04556313993174062,5600,141,127.89268901649476,1.244999885559082,100,2.593522844301302,52,,,,,,,,,,,,,,,,,,,,,,
calibration_minutes,20260818_0849,t1,1,sleep,ok,56,58,7475,133.0,5976,607,0.10157295850066934,5600,463,125.09204137785655,0.8289999961853027,100,4.122267453407613,50,,4.961338520050049,,,,,,,,,,,,,,,,,,,,
calibration_minutes,20260818_0850,t1,1,sleep,ok,47,49,6333,132.0,5972,1328,0.22237106496985934,4700,420,106.05908379100235,3.015000104904175,100,2.6916872233784264,35,,4.9726409912109375,,,,,,,,,,,,,,,,,,,,
calibration_minutes,20260818_0851,t1,1,sleep,ok,50,51,6043,127.0,5861,1458,0.24876300972530285,5000,827,103.1175879676905,2.2269999980926514,100,2.22217022414817,39,,4.924996376037598,,,,,,,,,,,,,,,,,,,,
calibration_minutes,20260818_0852,t1,1,sleep,ok,39,41,5998,132.0,5871,1468,0.25004258218361436,3900,244,102.16665540728955,2.378999948501587,100,5.129020634380041,20,,4.640744209289551,,,,,,,,,,,,,,,,,,,,
calibration_minutes,20260818_0853,t1,1,sleep,ok,55,57,7117,132.0,5861,555,0.09469373826991981,5500,428,121.44429432075579,0.6029999256134033,100,2.7753906132387454,49,,4.147967338562012,,,,,,,,,,,,,,,,,,,,
calibration_minutes,20260818_0854,t1,1,sleep,ok,51,53,6870,132.0,5991,981,0.16374561842764146,5100,497,114.68540785363925,1.2130000591278076,100,4.320685120564592,39,,4.725816249847412,,,,,,,,,,,,,,,,,,,,
calibration_minutes,20260818_0855,t1,1,sleep,ok,52,54,6610,128.5,5831,980,0.16806722689075632,5200,602,113.37323985090633,2.0209999084472656,100,2.886567498445379,44,,4.567898750305176,,,,,,,,,,,,,,,,,,,,
calibration_minutes,20260818_0856,t1,1,sleep,ok,55,56,6969,132.0,5862,846,0.14431934493346982,5500,727,118.9025949521892,0.81600022315979,100,3.517340721726063,49,,4.9726409912109375,,,,,,,,,,,,,,,,,,,,
calibration_minutes,20260818_0857,t1,1,sleep,ok,43,45,5679,132.0,5861,1643,0.28032758914860945,4300,535,96.89638115548564,3.753000020980835,100,4.1293606203272075,28,,4.976349353790283,,,,,,,,,,,,,,,,,,,,
calibration_minutes,20260818_0858,t1,1,sleep,ok,55,55,6710,131.0,5861,866,0.14775635557072173,5500,639,114.48948941124422,1.6089999675750732,100,3.1632158382458146,49,,4.3292107582092285,,,,,,,,,,,,,,,,,,,,
calibration_minutes,20260818_0859,t1,1,sleep,ok,55,57,7335,133.0,5857,462,0.07887997268226055,5500,337,125.2347619661998,0.5769999027252197,100,3.026658964503487,50,,4.646655559539795,,,,,,,,,,,,,,,,,,,,
calibration_minutes,20260818_0900,t1,1,sleep,ok,53,55,7269,133.0,5859,649,0.11076975593104625,5300,356,124.06977525541112,1.1449999809265137,100,4.493672501598824,43,,4.594938278198242,,,,,,,,,,,,,,,,,,,,
calibration_minutes,20260818_0901,t1,1,sleep,ok,51,52,6497,132.0,5922,1200,0.20263424518743667,5100,692,109.72252703819005,2.0139999389648438,100,2.126906598812574,43,,4.845381259918213,,,,,,,,,,,,,,,,,,,,
calibration_minutes,20260818_0902,t1,1,sleep,ok,45,47,5914,130.0,5721,1369,0.2392938297500437,4500,599,103.38618591509245,2.3959999084472656,100,8.010283092265489,31,,4.597483158111572,,,,,,,,,,,,,,,,,,,,
calibration_minutes,20260818_0903,t1,1,sleep,ok,51,53,6380,132.0,5861,1137,0.19399419894216005,5100,603,108.87000444025209,2.015000104904175,100,5.651358702530924,42,,,,,,,,,,,,,,,,,,,,,,
calibration_minutes,20260818_0904,t1,1,sleep,ok,48,50,6598,132.0,5861,1173,0.20013649547858728,4800,473,112.58809290266787,2.4089999198913574,100,2.0940261196737064,37,,5.192453384399414,,,,,,,,,,,,,,,,,,,,
calibration_minutes,20260818_0905,t1,1,sleep,ok,56,58,7117,132.0,5852,781,0.13345864661654136,5600,663,121.62693304692517,1.8479998111724854,100,3.5225980316365746,52,,4.7933526039123535,,,,,,,,,,,,,,,,,,,,
calibration_minutes,20260818_0906,t1,1,sleep,ok,42,44,5651,131.5,5877,1734,0.295048494129658,4200,467,96.16268208694126,3.4760000705718994,100,5.436828050949037,24,,4.834711074829102,,,,,,,,,,,,,,,,,,,,
calibration_minutes,20260818_0907,t1,1,sleep,ok,51,53,5160,91.0,5862,1955,0.33350392357557146,5100,1487,88.03057159398016,1.2910001277923584,100,4.640894639593866,38,,4.786445140838623,,,,,,,,,,,,,,,,,,,,
calibration_minutes,20260818_0908,t1,1,sleep,ok,41,43,5545,131.0,5668,1576,0.27805222300635146,4100,449,97.83510057909672,2.2689998149871826,100,6.830102663621313,26,,4.823567867279053,,,,,,,,,,,,,,,,,,,,
calibration_minutes,20260818_0909,t1,1,sleep,ok,52,54,6193,125.5,5820,1204,0.20687285223367696,5200,770,106.42539227069345,2.0380001068115234,100,4.008981960411452,43,,4.536397933959961,,,,,,,,,,,,,,,,,,,,
calibration_minutes,20260818_0910,t1,1,sleep,ok,54,55,6704,132.0,5943,1155,0.19434628975265017,5400,773,112.80877705815978,2.0320000648498535,100,5.301508911322998,48,,8.169289588928223,,,,,,,,,,,,,,,,,,,,
calibration_minutes,20260818_0911,t1,1,sleep,ok,47,48,6043,132.0,5759,1285,0.22312901545407188,4700,555,104.9478129176885,2.199000120162964,100,3.4462602290305866,34,,7.476032257080078,,,,,,,,,,,,,,,,,,,,
calibration_minutes,20260818_0912,t1,1,sleep,ok,50,51,6576,133.0,5770,976,0.16915077989601388,5000,420,113.98263252495083,2.1659998893737793,100,2.7139118528283106,39,,7.602116584777832,,,,,,,,,,,,,,,,,,,,
calibration_minutes,20260818_0913,t1,1,sleep,ok,51,52,6734,133.0,5997,1164,0.19409704852426213,5100,560,112.29509562164618,1.8919999599456787,100,3.558974307141085,40,,4.899804592132568,,,,,,,,,,,,,,,,,,,,
calibration_minutes,20260818_0914,t1,1,sleep,ok,50,52,6303,131.5,5836,1224,0.20973269362577107,5000,633,108.00945928042236,2.184999942779541,100,3.919231320833867,42,,4.4538421630859375,,,,,,,,,,,,,,,,,,,,
calibration_minutes,20260818_0915,t1,1,sleep,ok,50,51,6455,133.0,5923,1207,0.2037818672969779,5000,588,108.9966564231999,3.547999858856201,100,4.683636787182237,42,,4.7712225914001465,,,,,,,,,,,,,,,,,,,,
calibration_minutes,20260818_0916,t1,1,sleep,ok,55,57,6479,118.0,5832,1013,0.17369684499314128,5500,857,111.09967905172489,0.8689999580383301,100,4.253062277743515,50,,5.2397780418396,,,,,,,,,,,,,,,,,,,,
calibration_minutes,20260818_0917,t1,1,sleep,ok,51,52,6290,133.0,5902,1344,0.2277194171467299,5100,741,106.58307234144497,2.1489999294281006,100,3.133401773497946,41,,8.068219184875488,,,,,,,,,,,,,,,,,,,,
calibration_minutes,20260818_0918,t1,1,sleep,ok,48,49,6203,130.0,5938,1374,0.2313910407544628,4800,643,104.47509785349312,2.065000057220459,100,6.967842715663141,34,,4.589970111846924,,,,,,,,,,,,,,,,,,,,
calibration_minutes,20260818_0919,t1,1,sleep,ok,40,42,5294,124.0,5866,1918,0.3269689737470167,4000,559,90.25812384561095,2.5269999504089355,100,6.1199593557862375,24,,4.538895606994629,,,,,,,,,,,,,,,,,,,,
calibration_minutes,20260818_0920,t1,1,sleep,ok,55,57,5495,93.0,5857,1544,0.2636161857606283,5500,1376,93.83057567748212,0.6889998912811279,100,4.205772811002602,50,,4.460063934326172,,,,,,,,,,,,,,,,,,,,
calibration_minutes,20260818_0921,t1,1,sleep,ok,50,52,6383,133.0,5954,1253,0.21044675848169297,5000,654,107.21064222817962,1.9140000343322754,100,6.297548739695177,35,,4.984044551849365,,,,,,,,,,,,,,,,,,,,
calibration_minutes,20260818_0922,t1,1,sleep,ok,50,50,5792,117.5,5901,1577,0.26724284019657685,5000,864,98.16283650354603,2.361999988555908,100,9.407659604473073,33,,4.547001838684082,,,,,,,,,,,,,,,,,,,,
calibration_minutes,20260818_0923,t1,1,sleep,ok,44,45,5097,105.5,5840,2009,0.3440068493150685,4400,929,87.28935440959228,2.315999984741211,100,5.421646543711637,26,,4.382153034210205,,,,,,,,,,,,,,,,,,,,
calibration_minutes,20260818_0924,t1,1,sleep,ok,53,55,6529,123.0,5852,1218,0.20813397129186603,5300,903,111.57822760480181,0.9130001068115234,100,5.7034145763003785,43,,4.729524612426758,,,,,,,,,,,,,,,,,,,,
calibration_minutes,20260818_0925,t1,1,sleep,ok,55,57,6124,117.0,5993,1531,0.2554647088269648,5500,1236,102.19611503681318,1.1610000133514404,100,9.437854982188249,47,,4.73018217086792,,,,,,,,,,,,,,,,,,,,
calibration_minutes,20260818_0926,t1,1,sleep,ok,48,50,5728,132.5,5884,1590,0.270224337185588,4800,773,97.35205129752518,2.38100004196167,100,5.8182686926176554,38,,4.848117351531982,,,,,,,,,,,,,,,,,,,,
calibration_minutes,20260818_0927,t1,1,sleep,ok,45,47,5713,132.0,5892,1700,0.28852681602172436,4500,754,96.97679548310536,2.009999990463257,100,5.2414127572682885,30,,5.029355049133301,,,,,,,,,,,,,,,,,,,,
calibration_minutes,20260818_0928,t1,1,sleep,ok,48,50,5390,109.0,5861,1781,0.30387305920491386,4800,1028,91.97481331865585,3.805000066757202,100,4.922057904324806,35,,9.154947280883787,,,,,,,,,,,,,,,,,,,,
calibration_minutes,20260818_0929,t1,1,sleep,ok,47,48,5553,131.0,5773,1673,0.28979733240949246,4700,969,96.20248758283726,1.6549999713897705,100,3.978798287985618,31,,4.5572686195373535,,,,,,,,,,,,,,,,,,,,
calibration_minutes,20260818_0930,t1,1,sleep,ok,43,44,5441,132.0,5906,1898,0.3213681002370471,4300,733,92.1406917597305,2.25,100,7.226602121226779,27,,4.762820720672607,,,,,,,,,,,,,,,,,,,,
calibration_minutes,20260818_0931,t1,1,sleep,ok,46,48,5276,126.5,5863,1927,0.32867132867132864,4600,926,89.99573560767591,2.2170000076293945,100,4.046298954430439,31,,4.883656978607178,,,,,,,,,,,,,,,,,,,,
calibration_minutes,20260818_0932,t1,1,sleep,ok,56,57,5115,96.5,5782,1841,0.31840193704600483,5600,1734,88.47797115394604,0.7030000686645508,100,5.913605748535906,52,,4.596843719482422,,,,,,,,,,,,,,,,,,,,
calibration_minutes,20260818_0933,t1,1,sleep,ok,54,56,6123,127.5,5841,1383,0.23677452491011813,5400,1154,104.83152994110056,0.9950001239776611,100,4.674544544688453,46,,5.017948150634766,,,,,,,,,,,,,,,,,,,,
calibration_minutes,20260818_0934,t1,1,sleep,ok,43,44,5208,115.0,5824,1979,0.3398008241758242,4300,913,89.42614800482401,2.0190000534057617,100,8.011946111799825,30,,4.986059188842773,,,,,,,,,,,,,,,,,,,,
calibration_minutes,20260818_0935,t1,1,sleep,ok,49,50,4944,91.0,5802,2034,0.3505687693898656,4900,1394,85.22080850972596,1.9099998474121094,100,7.768670364088318,37,,4.999814033508301,,,,,,,,,,,,,,,,,,,,
calibration_minutes,20260818_0936,t1,1,sleep,ok,49,50,5200,120.0,5826,1941,0.3331616889804325,4900,1210,89.26272441964782,2.7850000858306885,100,5.567518124702781,35,,5.087422847747803,,,,,,,,,,,,,,,,,,,,
calibration_minutes,20260818_0937,t1,1,sleep,ok,54,56,5854,120.0,5860,1444,0.24641638225255974,5400,1163,99.90784022084802,1.998000144958496,100,6.176432003373721,48,,4.811130523681641,,,,,,,,,,,,,,,,,,,,
calibration_minutes,20260818_0938,t1,1,sleep,ok,54,56,6119,132.5,5861,1423,0.24279133253710972,5400,1153,104.40732358154004,1.0420000553131104,100,5.781157242303537,46,,10.673456192016602,,,,,,,,,,,,,,,,,,,,
calibration_minutes,20260818_0939,t1,1,sleep,ok,44,46,5595,133.0,5858,1744,0.297712529873677,4400,847,95.51204357131992,1.7090001106262207,100,3.6326107582387763,24,,4.816010475158691,,,,,,,,,,,,,,,,,,,,
calibration_minutes,20260818_0940,t1,1,sleep,ok,52,54,5821,123.0,5861,1510,0.25763521583347554,5200,1079,99.32091175303317,1.4909999370574951,100,5.162635520849183,44,,13.388461112976074,,,,,,,,,,,,,,,,,,,,
calibration_minutes,20260818_0941,t1,1,sleep,ok,48,50,5300,114.5,5861,1948,0.3323664903600068,4800,1214,90.44214288459946,1.761000156402588,100,5.059706883757813,34,,4.665695667266846,,,,,,,,,,,,,,,,,,,,
calibration_minutes,20260818_0942,t1,1,sleep,ok,54,56,6064,132.0,5856,1246,0.21277322404371585,5400,1051,103.56959829625391,1.245999813079834,100,3.9858880552081493,48,,,,,,,,,,,,,,,,,,,,,,
calibration_minutes,20260818_0943,t1,1,sleep,ok,57,59,6335,126.0,5993,1302,0.21725346237276824,5700,1219,105.71547734395283,1.133000135421753,100,6.853723491526873,53,,5.228775978088379,,,,,,,,,,,,,,,,,,,,
calibration_minutes,20260818_0944,t1,1,sleep,ok,50,52,5573,112.0,5891,1734,0.294347309455101,5000,1150,94.61317741018149,2.0810000896453857,100,6.380313006902444,36,,4.552593231201172,,,,,,,,,,,,,,,,,,,,
calibration_minutes,20260818_0945,t1,1,sleep,ok,51,52,4471,70.0,5949,2522,0.4239367961001849,5100,1970,75.16812371496775,1.433000087738037,100,6.3732772986268085,37,,12.392044067382812,,,,,,,,,,,,,,,,,,,,
calibration_minutes,20260818_0946,t1,1,sleep,ok,39,40,4932,127.0,5933,2314,0.3900219113433339,3900,761,83.1310678649515,3.7830002307891846,100,3.8743777687841083,21,,4.561628818511963,,,,,,,,,,,,,,,,,,,,
calibration_minutes,20260818_0947,t1,1,sleep,ok,45,47,5116,124.0,5779,1949,0.3372555805502682,4500,937,88.5320228638743,2.4240000247955322,100,5.513297812156772,26,,4.988451957702637,,,,,,,,,,,,,,,,,,,,
calibration_minutes,20260818_0948,t1,1,sleep,ok,46,48,5108,118.5,5730,1890,0.3298429319371728,4600,1068,89.15107511274637,2.2960000038146973,100,6.789959846232755,37,,4.47221565246582,,,,,,,,,,,,,,,,,,,,
calibration_minutes,20260818_0949,t1,1,sleep,ok,48,49,5869,131.5,5899,1579,0.26767248686218004,4800,895,99.49312569868913,1.6459999084472656,100,5.668791247284583,30,,4.835354328155518,,,,,,,,,,,,,,,,,,,,
calibration_minutes,20260818_0950,t1,1,sleep,ok,38,39,4859,130.5,5940,2348,0.3952861952861953,3800,702,81.8123653568989,3.117000102996826,100,2.8891692763615464,20,,4.615817070007324,,,,,,,,,,,,,,,,,,,,
calibration_minutes,20260818_0951,t1,1,sleep,ok,57,59,5057,76.0,5854,1922,0.32832251451998634,5700,1863,86.38980482614483,0.36500000953674316,100,3.522809135233989,55,,4.905811309814453,,,,,,,,,,,,,,,,,,,,
calibration_minutes,20260818_0952,t1,1,sleep,ok,54,55,5886,119.5,5996,1702,0.28385590393595733,5400,1272,98.1818181037252,1.9860000610351562,100,7.262673031490672,45,,4.994776248931885,,,,,,,,,,,,,,,,,,,,
calibration_minutes,20260818_0953,t1,1,sleep,ok,53,54,5732,122.0,5907,1694,0.28677839851024206,5300,1268,97.05055698220386,2.136000156402588,100,5.246793997601394,43,,4.725491523742676,,,,,,,,,,,,,,,,,,,,
calibration_minutes,20260818_0954,t1,1,sleep,ok,49,50,5373,112.0,5932,1920,0.32366824005394473,4900,1206,90.57806098352481,1.1380000114440918,100,6.463955052774885,30,,4.636443138122559,,,,,,,,,,,,,,,,,,,,
calibration_minutes,20260818_0955,t1,1,sleep,ok,48,50,5328,110.0,5862,1912,0.3261685431593313,4800,1251,90.90133564151598,2.0820000171661377,100,8.289637381185475,34,,4.906145095825195,,,,,,,,,,,,,,,,,,,,
calibration_minutes,20260818_0956,t1,1,sleep,ok,56,56,6095,131.5,5746,1183,0.20588235294117646,5600,1120,106.09040752346466,0.8329999446868896,100,5.804884866137462,52,,,,,,,,,,,,,,,,,,,,,,
calibration_minutes,20260818_0957,t1,1,sleep,ok,47,49,5207,121.0,5952,2091,0.35131048387096775,4700,1036,87.48907851944305,2.444000005722046,100,9.241382412943373,36,,5.07500696182251,,,,,,,,,,,,,,,,,,,,
calibration_minutes,20260818_0958,t1,1,sleep,ok,56,58,5643,98.0,5859,1579,0.269499914661205,5600,1514,96.31665177689983,0.6689999103546143,100,6.338609339500779,54,,4.628689765930176,,,,,,,,,,,,,,,,,,,,
calibration_minutes,20260818_0959,t1,1,sleep,ok,49,51,6098,134.0,5953,1455,0.2444145808835881,4900,853,102.44607229402953,1.9690001010894775,100,6.50305498003632,33,,5.225994110107422,,,,,,,,,,,,,,,,,,,,
calibration_minutes,20260818_1000,t1,1,sleep,ok,48,50,4492,76.0,5861,2503,0.42706022862992665,4800,1597,76.65398192164609,3.3519999980926514,100,10.464947961010402,38,,4.719845771789551,,,,,,,,,,,,,,,,,,,,
calibration_minutes,20260818_1001,t1,1,sleep,ok,53,55,5914,125.0,5860,1458,0.24880546075085325,5300,1049,100.9335587279287,1.624000072479248,100,5.330834309645759,45,,4.576899528503418,,,,,,,,,,,,,,,,,,,,
calibration_minutes,20260818_1002,t1,1,sleep,ok,51,53,5629,117.0,5859,1749,0.29851510496671785,5100,1307,96.08753539228002,1.8640000820159912,100,4.5617121461525505,39,,10.615019798278809,,,,,,,,,,,,,,,,,,,,
calibration_minutes,20260818_1003,t1,1,sleep,ok,53,55,5414,113.0,5857,1845,0.3150076831142223,5300,1433,92.4427142268648,2.0799999237060547,100,6.7286100977905186,47,,5.041772842407227,,,,,,,,,,,,,,,,,,,,
calibration_minutes,20260818_1004,t1,1,sleep,ok,53,55,5388,99.0,5860,1868,0.31877133105802047,5300,1508,91.94853058876028,2.0199999809265137,100,9.052666176262939,46,,4.597805023193359,,,,,,,,,,,,,,,,,,,,
calibration_minutes,20260818_1005,t1,1,sleep,ok,55,57,5592,98.0,5859,1689,0.28827444956477216,5500,1541,95.45431277469359,0.9270000457763672,100,5.411315536168546,49,,4.925967216491699,,,,,,,,,,,,,,,,,,,,
calibration_minutes,20260818_1006,t1,1,sleep,ok,46,47,5482,129.0,5848,1834,0.3136114911080711,4600,946,93.75748242376564,1.7639999389648438,100,4.697682944861917,30,,4.910311698913574,,,,,,,,,,,,,,,,,,,,
calibration_minutes,20260818_1007,t1,1,sleep,ok,57,58,5904,132.0,5860,1402,0.2392491467576792,5700,1292,100.7560111900043,0.4330000877380371,100,3.3207704565875797,55,,4.061590671539307,,,,,,,,,,,,,,,,,,,,
calibration_minutes,20260818_1008,t1,1,sleep,ok,54,56,6385,134.0,5979,1337,0.22361598929586887,5400,1022,106.80651061034466,1.2170000076293945,100,4.8089835194607,46,,5.031038284301758,,,,,,,,,,,,,,,,,,,,
calibration_minutes,20260818_1009,t1,1,sleep,ok,49,50,5389,121.0,5857,1927,0.3290080245859655,4900,1207,92.01741645581356,2.0269999504089355,100,6.225719359027608,36,,4.609927654266357,,,,,,,,,,,,,,,,,,,,
calibration_minutes,20260818_1010,t1,1,sleep,ok,55,57,5032,91.0,5994,2215,0.3695362028695362,5500,1872,83.95481917609338,1.3680000305175781,100,7.1969319021571065,47,,4.774159908294678,,,,,,,,,,,,,,,,,,,,
calibration_minutes,20260818_1011,t1,1,sleep,ok,47,48,4588,91.0,5978,2501,0.41836734693877553,4700,1451,76.75064390026759,2.125,100,6.56700079017423,35,,8.198188781738281,,,,,,,,,,,,,,,,,,,,
calibration_minutes,20260818_1012,t1,1,sleep,ok,49,51,5178,100.0,5860,1934,0.33003412969283275,4900,1272,88.37233126364809,2.183000087738037,100,4.384911145275898,37,,4.459751129150391,,,,,,,,,,,,,,,,,,,,
calibration_minutes,20260818_1013,t1,1,sleep,ok,47,49,5496,113.0,5868,1827,0.3113496932515337,4700,972,93.67170574008668,2.001999855041504,100,5.424954651046235,35,,10.82606315612793,,,,,,,,,,,,,,,,,,,,
calibration_minutes,20260818_1014,t1,1,sleep,ok,52,54,6522,132.5,5827,1048,0.17985241118929124,5200,652,111.93876115858711,2.0369999408721924,100,4.2536482677480105,42,,4.535771369934082,,,,,,,,,,,,,,,,,,,,
calibration_minutes,20260818_1015,t1,1,sleep,ok,50,52,6069,128.0,5863,1388,0.23673887088521234,5000,907,103.5294522330179,1.8899998664855957,100,8.680402827752506,37,,9.442010879516602,,,,,,,,,,,,,,,,,,,,
calibration_minutes,20260818_1016,t1,1,sleep,ok,53,55,6331,129.0,5859,1111,0.18962280252602834,5300,781,108.05782657909722,1.4149999618530273,100,5.151334643928673,45,,4.898833274841309,,,,,,,,,,,,,,,,,,,,
calibration_minutes,20260818_1017,t1,1,sleep,ok,54,56,6924,133.0,5996,907,0.15126751167444963,5400,652,115.48854122227965,0.8899998664855957,100,3.61689763892297,44,,11.13864517211914,,,,,,,,,,,,,,,,,,,,
calibration_minutes,20260818_1018,t1,1,sleep,ok,44,46,5992,133.0,5870,1447,0.2465076660988075,4400,338,102.09227848697226,3.6670000553131104,100,2.1735057670320144,26,,4.7185821533203125,,,,,,,,,,,,,,,,,,,,
calibration_minutes,20260818_1019,t1,1,sleep,ok,57,59,6732,132.0,5861,805,0.13734857532844225,5700,780,114.8707447796095,0.48800015449523926,100,4.651173751762906,55,,4.752001762390137,,,,,,,,,,,,,,,,,,,,
calibration_minutes,20260818_1020,t1,1,sleep,ok,56,58,7132,132.0,5878,657,0.11177271180673698,5600,568,121.35236785336545,0.876000165939331,100,4.119177816114229,52,,4.653252601623535,,,,,,,,,,,,,,,,,,,,
calibration_minutes,20260818_1021,t1,1,sleep,ok,52,54,6657,127.0,5997,1079,0.17992329498082374,5200,587,111.0129076072182,2.0799999237060547,100,3.634998689261967,42,,4.769131183624268,,,,,,,,,,,,,,,,,,,,
calibration_minutes,20260818_1022,t1,1,sleep,ok,52,53,5799,115.5,5821,1471,0.2527057206665521,5200,1064,99.62376973889187,0.9200000762939453,100,3.9475211122088747,40,,4.667832374572754,,,,,,,,,,,,,,,,,,,,
calibration_minutes,20260818_1023,t1,1,sleep,ok,54,55,6565,132.0,5758,821,0.14258423063563738,5400,597,114.03508737927011,1.186000108718872,100,3.9653188150387866,48,,,,,,,,,,,,,,,,,,,,,,
calibration_minutes,20260818_1024,t1,1,sleep,ok,53,54,6704,133.0,5750,913,0.15878260869565217,5300,599,116.59536002812293,1.3660001754760742,100,3.7179215702363013,49,,4.951162815093994,,,,,,,,,,,,,,,,,,,,
calibration_minutes,20260818_1025,t1,1,sleep,ok,46,47,6397,133.5,5997,1244,0.20743705185926298,4600,326,106.67533808905118,2.2320001125335693,100,2.674636764744879,27,,4.715482711791992,,,,,,,,,,,,,,,,,,,,
calibration_minutes,20260818_1026,t1,1,sleep,ok,50,52,5870,120.0,5862,1525,0.26015011941316957,5000,852,100.15184852480279,3.4040000438690186,100,4.3298721478247355,40,,13.055577278137209,,,,,,,,,,,,,,,,,,,,
calibration_minutes,20260818_1027,t1,1,sleep,ok,56,58,6742,132.0,5834,719,0.12324305793623586,5600,637,115.56393572024224,0.8450000286102295,100,3.069745829459099,52,,,,,,,,,,,,,,,,,,,,,,
calibration_minutes,20260818_1028,t1,1,sleep,ok,57,59,7439,133.0,5859,519,0.08858166922683051,5700,507,126.98006309277416,0.4960000514984131,100,4.19958961031424,55,,4.778355598449707,,,,,,,,,,,,,,,,,,,,
calibration_minutes,20260818_1029,t1,1,sleep,ok,50,51,6599,134.0,5808,983,0.16924931129476584,5000,456,113.6211022991689,1.9179999828338623,100,5.634655956397857,38,,9.13778018951416,,,,,,,,,,,,,,,,,,,,
calibration_minutes,20260818_1030,t1,1,sleep,ok,45,47,5824,132.0,5860,1540,0.2627986348122867,4500,500,99.397539065177,2.4760000705718994,100,5.566634552958452,25,,4.814842224121094,,,,,,,,,,,,,,,,,,,,
calibration_minutes,20260818_1031,t1,1,sleep,ok,56,58,6645,131.5,5859,837,0.14285714285714285,5600,754,113.43268277822645,0.9819998741149902,100,6.122961392343866,52,,4.587783336639404,,,,,,,,,,,,,,,,,,,,
calibration_minutes,20260818_1032,t1,1,sleep,ok,53,55,7064,133.0,5862,775,0.1322074377345616,5300,523,120.51728288206256,0.6430001258850098,100,4.1295714602580125,43,,5.064945220947266,,,,,,,,,,,,,,,,,,,,
calibration_minutes,20260818_1033,t1,1,sleep,ok,50,52,6613,130.5,5885,1030,0.1750212404418012,5000,555,112.37998125218427,1.934000015258789,100,7.185782625361038,36,,4.892391204833984,,,,,,,,,,,,,,,,,,,,
calibration_minutes,20260818_1034,t1,1,sleep,ok,41,42,5666,133.0,5998,1843,0.3072690896965655,4100,360,94.47427222066803,2.9149999618530273,100,3.8744083093319786,24,,4.9279632568359375,,,,,,,,,,,,,,,,,,,,
calibration_minutes,20260818_1035,t1,1,sleep,ok,49,51,5748,128.0,5836,1553,0.2661069225496916,4900,833,98.50730909578503,2.1019999980926514,100,4.945850263867856,35,,4.77316951751709,,,,,,,,,,,,,,,,,,,,
calibration_minutes,20260818_1036,t1,1,sleep,ok,56,58,7318,133.0,5861,428,0.0730250810441904,5600,332,124.86989160683041,0.7390000820159912,100,4.607612924048435,54,,4.471594333648682,,,,,,,,,,,,,,,,,,,,
calibration_minutes,20260818_1037,t1,1,sleep,ok,46,48,6387,132.0,5867,1162,0.19805692858360321,4600,367,108.8761227412641,2.2070000171661377,100,3.5845035387595257,30,,4.859461307525635,,,,,,,,,,,,,,,,,,,,
calibration_minutes,20260818_1038,t1,1,sleep,ok,52,54,5947,108.0,5870,1411,0.2403747870528109,5200,1040,101.32211127918067,1.8989999294281006,100,4.894833284194086,42,,4.967261791229248,,,,,,,,,,,,,,,,,,,,
calibration_minutes,20260818_1039,t1,1,sleep,ok,48,50,5849,126.0,5996,1677,0.2796864576384256,4800,813,97.55812790426252,2.2740001678466797,100,6.659572592984999,38,,4.464430332183838,,,,,,,,,,,,,,,,,,,,
calibration_minutes,20260818_1040,t1,1,sleep,ok,43,45,5746,130.0,5990,1732,0.28914858096828044,4300,449,95.93134869632858,2.440999984741211,100,4.925580716976745,26,,4.633381843566895,,,,,,,,,,,,,,,,,,,,
calibration_minutes,20260818_1041,t1,1,sleep,ok,46,47,4852,90.5,5863,2073,0.3535732560122804,4600,1211,82.76756169589117,2.2210001945495605,100,7.5312009189223685,32,,4.92260217666626,,,,,,,,,,,,,,,,,,,,
calibration_minutes,20260818_1042,t1,1,sleep,ok,46,48,5880,132.0,5989,1628,0.2718316914342962,4600,696,98.1881940542105,2.1059999465942383,100,8.283751790156522,30,,15.017447471618652,,,,,,,,,,,,,,,,,,,,
calibration_minutes,20260818_1043,t1,1,sleep,ok,52,54,6560,130.5,5859,981,0.1674347158218126,5200,649,111.97787764699392,0.7020001411437988,100,4.894246835191627,43,,10.520875930786133,,,,,,,,,,,,,,,,,,,,
calibration_minutes,20260818_1044,t1,1,sleep,ok,54,56,6798,131.0,5858,724,0.12359166951177876,5400,507,116.05039420996708,0.565000057220459,100,3.029551087746695,46,,,,,,,,,,,,,,,,,,,,,,
calibration_minutes,20260818_1045,t1,1,sleep,ok,54,56,6971,132.0,5865,828,0.1411764705882353,5400,634,118.87181783634995,0.6029999256134033,100,5.73078571331653,48,,5.295131206512451,,,,,,,,,,,,,,,,,,,,
calibration_minutes,20260818_1046,t1,1,sleep,ok,49,50,6150,133.0,5645,1097,0.19433126660761735,4900,621,108.95369052138903,2.7880001068115234,100,5.937256298223991,41,,4.608981132507324,,,,,,,,,,,,,,,,,,,,
calibration_minutes,20260818_1047,t1,1,sleep,ok,52,54,6522,130.5,5882,1050,0.17851071064263857,5200,665,110.89385006748086,1.2309999465942383,100,3.8955559040902985,43,,4.916598796844482,,,,,,,,,,,,,,,,,,,,
calibration_minutes,20260818_1048,t1,1,sleep,ok,52,54,6109,122.5,5859,1256,0.2143710530807305,5200,844,104.27227902328983,1.6570000648498535,100,4.669080818936853,43,,5.033048629760742,,,,,,,,,,,,,,,,,,,,
calibration_minutes,20260818_1049,t1,1,sleep,ok,50,52,6401,127.0,5859,1212,0.20686123911930362,5000,732,109.26191430958568,1.432999849319458,100,3.520173827524734,36,,10.856143951416016,,,,,,,,,,,,,,,,,,,,
calibration_minutes,20260818_1050,t1,1,sleep,ok,45,46,5799,131.0,5919,1628,0.2750464605507687,4500,534,97.98256282956382,3.1610000133514404,100,4.119514173247657,30,,16.596065521240234,,,,,,,,,,,,,,,,,,,,
calibration_minutes,20260818_1051,t1,1,sleep,ok,45,46,5810,129.0,5862,1551,0.2645854657113613,4500,569,99.11800313545832,2.2849998474121094,100,3.9799943698661364,30,,10.796897888183594,,,,,,,,,,,,,,,,,,,,
calibration_minutes,20260818_1052,t1,1,sleep,ok,55,57,6014,127.0,5860,1215,0.20733788395904437,5500,1069,102.64024724209726,1.0260000228881836,100,3.7286176248621317,49,,4.517709732055664,,,,,,,,,,,,,,,,,,,,
calibration_minutes,20260818_1053,t1,1,sleep,ok,56,58,6865,132.0,5858,802,0.13690679412768864,5600,680,117.19216784934964,1.181999921798706,100,4.874577602147889,52,,9.446388244628906,,,,,,,,,,,,,,,,,,,,
train,20260906_1804,t,0,empty,ok,56,57,7287,134.0,5997,638,0.10638652659663166,5600,395,121.52696729562858,2.3980000019073486,100,4.9896355749781085,52,460.0,4.782397270202637,7.257456302642822,7.81362247467041,0.6910120844841003,0.6675635576248169,19.52217674255371,6.182733058929443,8.311306953430176,0.1443942189216613,0.0998409017920494,14.215052604675291,6.182497024536133,8.754608154296875,0.1334976404905319,0.0946387872099876,12.728882789611816,3.40809178352356,7.688152313232422,0.113837718963623,0.0504313372075557,14.215052604675291
train,20260906_1805,t,0,empty,ok,45,46,5922,132.0,5923,1585,0.26760087793347964,4500,469,99.9966226705174,2.803999900817871,100,5.825301492140854,27,500.0,5.374581336975098,7.262611865997314,7.835440635681152,0.688902735710144,0.6680809855461121,19.520368576049805,6.163093090057373,8.264443397521973,0.127465933561325,0.0990216955542564,14.207808494567873,6.160788536071777,8.677047729492188,0.1260572671890258,0.0930652022361755,12.690105438232422,3.395000457763672,7.655642509460449,0.1102665513753891,0.0497914925217628,14.207808494567873
train,20260906_1806,t,0,empty,ok,50,52,6973,133.0,5998,939,0.1565521840613538,5000,420,116.26317179863757,1.124000072479248,100,2.27859549450973,36,450.0,5.461484909057617,7.2524919509887695,7.783872604370117,0.688758373260498,0.66765296459198,19.519575119018555,6.148683071136475,8.258360862731934,0.1296611726284027,0.1004033833742141,14.203776359558104,6.156688213348389,8.650364875793457,0.1269157528877258,0.0937557891011238,12.66498851776123,3.387930393218994,7.657493591308594,0.1109156012535095,0.0504775643348693,14.203776359558104
train,20260906_1807,t,0,empty,ok,38,38,5034,135.0,5950,2271,0.38168067226890756,3800,320,84.61073005988104,11.361999988555908,100,4.655604253296173,28,300.0,4.975698947906494,7.249435424804687,7.774383068084717,0.6930384635925293,0.6699357032775879,19.519868850708008,6.140551567077637,8.246728897094727,0.1278532445430755,0.1002363935112953,14.201004028320312,6.161283493041992,8.651947021484375,0.1267681717872619,0.0938868001103401,12.643540382385254,3.38228702545166,7.654415130615234,0.1101517304778099,0.0502923093736171,14.201004028320312
train,20260906_1808,t,0,empty,ok,40,41,3923,96.0,5993,2986,0.4982479559486067,4000,1158,65.47062741997642,7.195000171661377,100,5.477943688622555,26,430.0,4.543561935424805,7.255253791809082,7.820257663726807,0.7003405094146729,0.669066309928894,19.525856018066406,6.137606143951416,8.27342414855957,0.1284563839435577,0.0998799577355384,14.20226764678955,6.180914402008057,8.583612442016602,0.1279605329036712,0.0925289914011955,12.631959915161133,3.3758723735809326,7.6561689376831055,0.1115758046507835,0.0505342260003089,14.20226764678955
train,20260906_1809,t,0,empty,ok,38,39,5279,134.0,5844,1989,0.34034907597535935,3800,264,90.33969376519687,6.667999982833862,100,5.556380787171976,20,230.0,4.573769092559815,7.257699966430664,7.815136909484863,0.6930438280105591,0.6673425436019897,19.53540802001953,6.135717868804932,8.295801162719727,0.1317252963781356,0.1012515053153038,14.205944061279297,6.199478149414063,8.57557487487793,0.1288334429264068,0.0935896337032318,12.636762619018556,3.369478225708008,7.607168197631836,0.1123503595590591,0.0509629920125007,14.205944061279297
train,20260906_1810,t,0,empty,ok,28,29,3934,133.5,5309,2409,0.45375776982482574,2800,156,74.10756328855648,13.592000007629395,100,3.078554681506856,17,360.0,4.839386463165283,7.24860954284668,7.785406112670898,0.6886786222457886,0.6670313477516174,19.54559898376465,6.1318793296813965,8.44334602355957,0.1494094580411911,0.1005701348185539,14.211454391479492,6.232049942016602,8.748810768127441,0.1342420578002929,0.0904035344719886,12.653651237487791,3.3598415851593018,7.596600532531738,0.1170066148042678,0.0508032813668251,14.211454391479492
train,20260906_1811,t,0,empty,ok,50,51,5936,119.5,5999,1654,0.27571261876979497,5000,937,98.95972264618501,4.398000240325928,100,5.266420254987953,41,530.0,4.897873878479004,7.242728233337402,7.762065887451172,0.6936283111572266,0.6677069664001465,19.54532241821289,6.1295928955078125,8.480267524719238,0.1268335878849029,0.1000490710139274,14.212176322937012,6.246667385101318,8.792724609375,0.1248727738857269,0.0902516692876815,12.669184684753418,3.360795021057129,7.58315372467041,0.1110283434391021,0.0504451096057891,14.212176322937012
train,20260906_1812,t,0,empty,ok,41,42,5454,132.0,5798,1831,0.3157985512245602,4100,439,94.08314640862963,9.224999904632568,100,3.3389361465580674,28,530.0,5.1773457527160645,7.251181602478027,7.792048454284668,0.6969916820526123,0.6670432686805725,19.55010032653809,6.138379096984863,8.481754302978516,0.1284030973911285,0.09999980032444,14.215950965881348,6.245936393737793,8.767436981201172,0.124539203941822,0.0907497182488441,12.6715087890625,3.367441415786743,7.560083389282227,0.108864739537239,0.0498978570103645,14.215950965881348
train,20260906_1813,t,0,empty,ok,36,37,4984,134.0,5993,2331,0.38895377940931086,3600,228,83.16924190109084,7.7779998779296875,100,4.182753637850636,19,250.0,4.53515100479126,7.253652572631836,7.803006172180176,0.6950019598007202,0.6694209575653076,19.551908493041992,6.145947456359863,8.48373794555664,0.129639133810997,0.1015611439943313,14.21815586090088,6.245732307434082,8.723664283752441,0.1274243593215942,0.0921636074781417,12.670588493347168,3.372483968734741,7.56826639175415,0.1140763089060783,0.0522128120064735,14.21815586090088
train,20260906_1814,t,0,empty,ok,35,35,4441,134.0,5999,2713,0.45224204034005666,3500,373,74.0364097492769,11.062999963760376,100,5.683980830432457,22,360.0,4.920958518981934,7.25708532333374,7.804786205291748,0.6941148042678833,0.6669394373893738,19.554723739624023,6.150733470916748,8.479578018188477,0.1285856068134308,0.10010626912117,14.220211029052734,6.243770599365234,8.711738586425781,0.1252281218767166,0.0915243029594421,12.670052528381348,3.378268241882324,7.605523109436035,0.1133573949337005,0.0505979992449283,14.220211029052734
train,20260906_1815,t,0,empty,ok,33,35,4345,133.0,5563,2343,0.42117562466295166,3300,262,78.10814694688332,17.93499994277954,100,6.072820122822401,23,130.0,4.977503776550293,7.249021053314209,7.776298522949219,0.703705906867981,0.6666082143783569,19.555156707763672,6.151633262634277,8.449737548828125,0.1309538185596466,0.0998222753405571,14.221668243408203,6.243295669555664,8.674345016479492,0.1256201714277267,0.0909448415040969,12.669940948486328,3.38369369506836,7.62404727935791,0.1108885034918785,0.0500815957784652,14.221668243408203
train,20260906_1816,t,0,empty,ok,32,32,3462,118.0,4437,1823,0.41086319585305386,3200,678,78.04152285198087,6.689000129699707,100,4.626728850065232,22,354.0,6.4798078536987305,7.25733470916748,7.782485008239746,0.6972407102584839,0.6671843528747559,19.56292533874512,6.163483142852783,8.436052322387695,0.1322008371353149,0.1001233533024787,14.229288101196287,6.246541976928711,8.63900089263916,0.1270842403173446,0.092255413532257,12.685040473937988,3.390707969665528,7.651623725891113,0.1129380166530609,0.0509021282196044,14.229288101196287
train,20260906_1818,t,0,empty,ok,47,48,6005,134.0,5927,1507,0.2542601653450312,4700,612,101.33310794476363,3.8910000324249268,100,3.435582003601928,33,560.0,5.188121795654297,7.267583847045898,7.803369522094727,0.6892821788787842,0.6652290225028992,19.55995178222656,6.181723117828369,8.450274467468262,0.1299377530813217,0.1005878821015358,14.226119995117188,6.253354549407959,8.667773246765137,0.125811219215393,0.0916661694645881,12.673160552978516,3.405116081237793,7.677144527435303,0.1121038943529129,0.0506921969354152,14.226119995117188
train,20260906_1819,t,0,empty,ok,47,48,6307,133.0,5886,1228,0.2086306489976215,4700,257,107.15984742717913,2.4629998207092285,100,3.5038736034689624,27,400.0,4.641362190246582,7.26835823059082,7.807590007781982,0.6889158487319946,0.6664020419120789,19.55953788757324,6.182738780975342,8.444375991821289,0.1275952011346817,0.0992445349693298,14.225822448730469,6.250493049621582,8.657175064086914,0.1245583072304725,0.0912431851029396,12.671091079711914,3.408827781677246,7.682850837707519,0.1123680174350738,0.0503069646656513,14.225822448730469
train,20260906_1820,t,0,empty,ok,42,43,4170,82.5,5926,2684,0.45291933850826865,4200,1215,70.37380826469969,6.829999923706055,100,2.5888998123164666,32,370.0,4.720468997955322,7.265908718109131,7.803788185119629,0.6868593692779541,0.665823757648468,19.563140869140625,6.182540893554688,8.43192195892334,0.1271723508834839,0.0991367474198341,14.230297088623049,6.246648788452148,8.662385940551758,0.1254166066646576,0.0911340713500976,12.682255744934082,3.408459186553955,7.691340446472168,0.1102947071194648,0.0499472692608833,14.230297088623049
train,20260906_1821,t,0,empty,ok,22,24,3329,132.5,4982,2511,0.5040144520272982,2200,146,66.82323647626032,12.424000024795532,100,3.2858193929718684,12,220.0,4.363791465759277,7.27048921585083,7.825172424316406,0.6959629058837891,0.6673195362091064,19.564897537231445,6.187798976898193,8.409324645996094,0.1265431195497512,0.1001827120780944,14.231993675231934,6.245930194854736,8.656795501708984,0.1247358843684196,0.0927346125245094,12.68414306640625,3.4122602939605717,7.723139762878418,0.1085833460092544,0.0490944758057594,14.231993675231934
train,20260906_1822,t,0,empty,ok,27,27,3646,134.0,4578,1890,0.41284403669724773,2700,207,79.65568456861585,3.4700000286102295,100,2.7031273820039567,10,130.0,4.9576191902160645,7.271999359130859,7.811202526092529,0.7011783123016357,0.6652300953865051,19.569881439208984,6.181350231170654,8.420161247253418,0.1314174681901931,0.09881442040205,14.237136840820312,6.2406392097473145,8.656893730163574,0.1248401626944542,0.090201236307621,12.69589138031006,3.408189535140991,7.750687599182129,0.1096114963293075,0.049039676785469,14.237136840820312
train,20260906_1823,t,0,empty,ok,31,32,4374,133.0,5255,2023,0.38496669838249287,3100,219,83.24610284113196,10.574999809265137,100,1.7937688778624519,18,220.0,4.762181758880615,7.285561084747314,7.8544487953186035,0.6936910152435303,0.667616605758667,19.56782913208008,6.187301158905029,8.418285369873047,0.1296000629663467,0.0992223173379898,14.235095024108888,6.235322952270508,8.648611068725586,0.1248859539628028,0.0909020900726318,12.69056510925293,3.4119198322296143,7.756773471832275,0.1103999465703964,0.0495317317545414,14.235095024108888
train,20260906_1824,t,0,empty,ok,55,56,6787,132.0,5662,608,0.10738255033557047,5500,546,119.87565550370363,0.6909997463226318,100,3.3257365811344246,51,20.0,,7.275920867919922,7.87168550491333,0.7548772096633911,0.6617943644523621,19.567302703857425,6.179055213928223,8.417750358581543,0.1392247974872589,0.0984837338328361,14.234820365905762,6.232608795166016,8.634542465209961,0.1279342919588089,0.0913404151797294,12.690489768981934,3.411285161972046,7.767560958862305,0.1086254194378852,0.0503025390207767,14.234820365905762
train,20260906_1825,t,0,empty,ok,52,53,6908,134.0,5999,939,0.1565260876812802,5200,465,115.16788348237382,2.244999885559082,100,3.88513185828474,39,460.0,4.7606072425842285,7.286004543304443,7.830698013305664,0.6909031867980957,0.6664208173751831,19.571117401123047,6.182805061340332,8.404394149780273,0.1279894262552261,0.0991596207022667,14.240196228027344,6.228459358215332,8.643033027648926,0.1253565996885299,0.0927694514393806,12.699646949768066,3.411968946456909,7.7554802894592285,0.1106238886713981,0.0501432754099369,14.240196228027344
train,20260906_1826,t,0,empty,ok,45,47,6111,132.0,5958,1467,0.24622356495468278,4500,525,102.57314080899978,2.7149999141693115,100,4.444562260648313,25,380.0,4.547307968139648,7.286243438720703,7.846367835998535,0.6961904764175415,0.6686097979545593,19.571748733520508,6.182109832763672,8.400461196899414,0.1278395056724548,0.1000383868813514,14.241425514221191,6.223872661590576,8.638561248779297,0.1239202469587326,0.0927642509341239,12.701302528381348,3.4120655059814453,7.751559257507324,0.1087327823042869,0.0499602630734443,14.241425514221191
train,20260906_1827,t,0,empty,ok,50,51,6241,122.0,5902,1360,0.2304303625889529,5000,689,105.74381568988315,3.6989998817443848,100,3.37733648621287,39,480.0,4.444512844085693,7.286208152770996,7.835143566131592,0.6921879053115845,0.666691780090332,19.571514129638672,6.179775238037109,8.389188766479492,0.1292569488286972,0.1000074446201324,14.241570472717283,6.220355033874512,8.619321823120117,0.1250749379396438,0.0925652831792831,12.69987678527832,3.411869764328003,7.748071670532227,0.1109046041965484,0.0503659173846244,14.241570472717283
train,20260906_1828,t,0,empty,ok,37,39,5243,134.0,5851,1983,0.3389164245428132,3700,249,89.62086751946987,6.67300009727478,100,4.795451664264598,21,330.0,4.856161117553711,7.282346248626709,7.835115909576416,0.688623309135437,0.668578565120697,19.572399139404297,6.180012226104736,8.389226913452148,0.1288942098617553,0.1004301533102989,14.243064880371094,6.216253757476807,8.602823257446289,0.1256643086671829,0.0933493375778198,12.700909614562988,3.4120190143585205,7.743411540985107,0.1126383244991302,0.0504352413117885,14.243064880371094
train,20260906_1829,t,0,empty,ok,39,41,5289,133.0,5773,1876,0.3249610254633639,3900,421,91.61773135608647,6.371999979019165,100,2.348444743385542,22,330.0,4.450839519500732,7.275721549987793,7.834306716918945,0.6976971626281738,0.6664379239082336,19.57482147216797,6.1761651039123535,8.372501373291016,0.1291175186634063,0.100149467587471,14.246580123901367,6.208868503570557,8.579019546508789,0.125105619430542,0.0919581279158592,12.709636688232422,3.4111645221710205,7.752532482147217,0.1124073266983032,0.0504374355077743,14.246580123901367
train,20260906_1830,t,0,empty,ok,42,43,5627,134.0,5597,1443,0.2578166875111667,4200,345,100.54857663196725,3.38700008392334,100,3.9215099583725426,26,300.0,4.316732406616211,7.274749755859375,7.814164161682129,0.6972071528434753,0.666962206363678,19.57353782653809,6.174959659576416,8.362616539001465,0.1297983080148697,0.1000464260578155,14.245718955993652,6.206806182861328,8.56518840789795,0.1249370947480201,0.0926766470074653,12.707063674926758,3.412297487258911,7.759718418121338,0.1100741401314735,0.0499323494732379,14.245718955993652
train,20260906_1831,t,0,empty,ok,33,34,4086,120.0,5884,2939,0.4994901427600272,3300,604,69.44845778717692,14.485999822616577,100,1.9164326821375304,25,380.0,4.710806846618652,7.278558731079102,7.840831279754639,0.6950626373291016,0.6683251857757568,19.57658195495605,6.178959846496582,8.365942001342773,0.1280427128076553,0.0989556834101677,14.250055313110352,6.2025146484375,8.555280685424805,0.1243973225355148,0.0914849564433097,12.71682357788086,3.412308692932129,7.757411003112793,0.1109262183308601,0.0495312921702861,14.250055313110352
train,20260906_1832,t,0,empty,ok,44,45,5775,133.0,5949,1704,0.28643469490670703,4400,565,97.08003431188315,4.283999919891357,100,3.761383235030687,30,400.0,4.609031200408936,7.274709224700928,7.827029228210449,0.6920954585075378,0.66817706823349,19.574432373046875,6.178319931030273,8.34947681427002,0.127887487411499,0.1000704616308212,14.248492240905762,6.200131416320801,8.540228843688965,0.1236567348241806,0.0924124494194984,12.711644172668455,3.4118826389312744,7.739926338195801,0.1118748039007186,0.0503909550607204,14.248492240905762
train,20260906_1833,t,0,empty,ok,44,45,5096,108.5,5797,2063,0.35587372779023635,4400,849,87.91360476689088,6.174000024795532,100,4.607071674979645,28,540.0,4.901912212371826,7.264400482177734,7.808599472045898,0.6867918968200684,0.6681893467903137,19.575613021850582,6.176167011260986,8.337672233581543,0.1284180581569671,0.1002486646175384,14.250836372375488,6.196237564086914,8.51080322265625,0.1246990337967872,0.0923077687621116,12.717220306396484,3.4112799167633057,7.745691776275635,0.1110841333866119,0.0501946210861206,14.250836372375488
train,20260906_1834,t,0,empty,ok,46,46,5979,132.0,5945,1547,0.26021867115222874,4600,494,100.58882897449968,5.401000022888184,100,3.348927369857403,34,460.0,4.5382843017578125,7.26609992980957,7.822103500366211,0.688622236251831,0.6692298650741577,19.576171875,6.179742336273193,8.330490112304688,0.1280301213264465,0.0990647971630096,14.252120971679688,6.195806503295898,8.49704360961914,0.1233208924531936,0.0914631187915802,12.718441009521484,3.412327289581299,7.754608154296875,0.1104094609618187,0.0495749674737453,14.252120971679688
train,20260906_1835,t,0,empty,ok,33,35,4753,131.0,5978,2476,0.4141853462696554,3300,315,79.51085668220833,6.88100004196167,100,4.1537374699917216,16,320.0,4.590908050537109,7.258779525756836,7.809648513793945,0.6952434182167053,0.6690534949302673,19.57657241821289,6.177443981170654,8.322957992553711,0.1290772408246994,0.0995575711131095,14.253436088562012,6.192476749420166,8.494495391845703,0.1250177919864654,0.0920044481754303,12.720651626586914,3.411104440689087,7.761899948120117,0.1110889315605163,0.0499848015606403,14.253436088562012
train,20260906_1837,t,0,empty,ok,40,42,5183,132.5,5372,1541,0.2868577810871184,4000,411,96.49972065386014,4.802000045776367,100,3.175997253947939,28,430.0,4.964126110076904,7.261303901672363,7.824695110321045,0.697628915309906,0.668602705001831,19.573766708374023,6.178858757019043,8.316635131835938,0.1282271295785904,0.0991392359137535,14.25162410736084,6.189591884613037,8.4733304977417,0.1247632727026939,0.0911652222275734,12.715872764587402,3.410857677459717,7.781674385070801,0.1107671409845352,0.0498946942389011,14.25162410736084
train,20260906_1838,t,0,empty,ok,50,51,5775,128.5,5999,1656,0.2760460076679447,5000,879,96.28048890718615,3.124999761581421,100,6.93792404094482,36,440.0,4.755387783050537,7.256803512573242,7.789844512939453,0.6887285113334656,0.6678317189216614,19.566728591918945,6.180119037628174,8.299086570739746,0.1284452080726623,0.0997699871659278,14.24405002593994,6.190197944641113,8.458086013793945,0.1234640553593635,0.0917645543813705,12.705199241638184,3.4105615615844727,7.791508674621582,0.1114675924181938,0.0500342920422554,14.24405002593994
train,20260906_1839,t,0,empty,ok,49,50,6374,132.0,5955,1240,0.20822837951301426,4900,459,107.04688942755429,2.0909998416900635,100,3.0232927706895554,36,510.0,5.081745147705078,7.2563796043396,7.804215908050537,0.6886897683143616,0.6695491671562195,19.56473159790039,6.180858135223389,8.309049606323242,0.1285014450550079,0.0995991006493568,14.24351406097412,6.190542221069336,8.453285217285156,0.1238632425665855,0.0908372327685356,12.70567512512207,3.4095001220703125,7.79383373260498,0.1113805323839187,0.0504937954246997,14.24351406097412
train,20260906_1840,t,0,empty,ok,39,40,5903,133.0,5998,1650,0.2750916972324108,3900,246,98.41777979716585,2.7159998416900635,100,6.147418968046935,18,370.0,4.5426411628723145,7.25877571105957,7.816895484924316,0.6908200979232788,0.6698467135429382,19.56536293029785,6.182325839996338,8.298847198486328,0.129581794142723,0.099549300968647,14.244865417480469,6.191805839538574,8.459704399108887,0.1229236051440239,0.090879276394844,12.710731506347656,3.409345865249634,7.7991838455200195,0.1104070544242858,0.0501228123903274,14.244865417480469
train,20260906_1841,t,0,empty,ok,36,37,5002,133.0,5588,1886,0.3375089477451682,3600,210,89.51804842124015,10.172000169754028,100,2.100177257416348,19,230.0,5.210237979888916,7.26404857635498,7.8179216384887695,0.6993651390075684,0.6674900650978088,19.56686782836914,6.181332588195801,8.292057037353516,0.1291595101356506,0.0985709130764007,14.246651649475098,6.194973945617676,8.463615417480469,0.1250330507755279,0.0903740897774696,12.716038703918455,3.409180164337158,7.797075271606445,0.1104578226804733,0.049571793526411,14.246651649475098
train,20260906_1842,t,0,empty,ok,38,38,4927,132.0,5628,1997,0.35483297796730634,3800,320,87.5553107144279,12.168000221252441,100,3.5100250111368236,27,,,,,,,,,,,,,,,,,,,,,,
train,20260906_1843,t,0,empty,ok,30,31,4039,131.5,5094,2111,0.4144091087553985,3000,306,79.30492822905606,10.179999828338623,100,4.921213900287569,16,150.0,4.226062774658203,7.257148742675781,7.794631958007812,0.702265739440918,0.6667572855949402,19.56794548034668,6.180383205413818,8.28226089477539,0.1312157809734344,0.0990176498889923,14.247957229614258,6.198873996734619,8.46633529663086,0.1264640837907791,0.091249942779541,12.720767974853516,3.410208225250244,7.780265808105469,0.1098042875528335,0.0490070879459381,14.247957229614258
train,20260906_1844,t,0,empty,ok,43,43,5702,133.0,5879,1694,0.2881442422180643,4300,351,97.00413376224476,3.511000156402588,100,4.1842551962380075,22,330.0,4.716764450073242,7.264101982116699,7.803497314453125,0.6970392465591431,0.6672571301460266,19.56363296508789,6.180696964263916,8.264467239379883,0.1286148428916931,0.0987542569637298,14.243582725524902,6.195413112640381,8.461389541625977,0.1249604821205139,0.0915860533714294,12.7078218460083,3.4088308811187744,7.777037620544434,0.1111342161893844,0.0499531663954257,14.243582725524902
train,20260906_1845,t,0,empty,ok,48,50,6248,124.5,5897,1418,0.24046125148380532,4800,672,105.9575694743095,3.0249998569488525,100,2.017699171240301,38,530.0,4.909055709838867,7.264343738555908,7.801246643066406,0.6900843977928162,0.6683196425437927,19.563077926635746,6.180284023284912,8.245433807373047,0.1272022277116775,0.0987729653716087,14.24267578125,6.196689605712891,8.469346046447754,0.1229712292551994,0.0913270935416221,12.705503463745115,3.4086430072784424,7.772082328796387,0.1099160015583038,0.0490214303135871,14.24267578125
train,20260906_1846,t,0,empty,ok,55,56,6890,128.0,5943,978,0.16456335184250379,5500,708,115.93471344273115,0.8440001010894775,100,2.073121988670735,47,510.0,4.991518497467041,7.262518882751465,7.811549663543701,0.6879672408103943,0.6692211031913757,19.563814163208008,6.183333873748779,8.234664916992188,0.1263879686594009,0.1010728776454925,14.24438762664795,6.197256088256836,8.449318885803223,0.1241892427206039,0.0930075794458389,12.706255912780762,3.409139394760132,7.768417358398437,0.1109065189957618,0.0501949489116668,14.24438762664795
train,20260906_1849,t,0,empty,ok,43,45,6049,131.0,5889,1419,0.24095771777890984,4300,281,102.71693010212583,3.506999969482422,100,7.243266584719143,24,290.0,4.478476524353027,7.269282341003418,7.824141502380371,0.7013154029846191,0.6675902605056763,19.56681251525879,6.184986591339111,8.225991249084473,0.1282501816749572,0.0996383652091026,14.248479843139648,6.202988147735596,8.451885223388672,0.1257050782442093,0.0917931571602821,12.720890998840332,3.409752607345581,7.770036697387695,0.1113577187061309,0.0497804246842861,14.248479843139648
train,20260906_1850,t,0,empty,ok,53,54,6322,128.0,5655,1042,0.18426171529619806,5300,813,111.80475759353268,1.123000144958496,100,4.466515667919304,45,510.0,5.287710189819336,7.272711753845215,7.824680328369141,0.6929047107696533,0.6683866381645203,19.56494140625,6.185405254364014,8.234286308288574,0.1282420456409454,0.0999266132712364,14.246325492858888,6.203287124633789,8.429628372192383,0.1238790079951286,0.0916487202048301,12.71300983428955,3.409886121749878,7.779657363891602,0.1138159781694412,0.0502697117626667,14.246325492858888
train,20260906_1851,t,0,empty,ok,45,47,6529,132.0,5989,1207,0.20153614960761396,4500,301,109.01835072640972,2.058000087738037,100,4.507709928435215,21,410.0,4.421505928039551,7.264251708984375,7.8025221824646,0.6889921426773071,0.6684516668319702,19.563034057617188,6.183690071105957,8.234174728393555,0.128412052989006,0.1001568958163261,14.24420928955078,6.203408241271973,8.431990623474121,0.1243093460798263,0.0921149775385856,12.706926345825195,3.411275148391724,7.776817321777344,0.1129397377371788,0.0499120652675628,14.24420928955078
train,20260906_1852,t,0,empty,ok,30,31,4250,134.0,5910,2790,0.4720812182741117,3000,142,71.92174912765316,11.35099983215332,100,2.760373444694945,13,270.0,5.048841953277588,7.270120620727539,7.831108093261719,0.6950051784515381,0.6695950627326965,19.56516456604004,6.187588691711426,8.237457275390625,0.1292535960674286,0.102326400578022,14.247217178344728,6.207371234893799,8.431988716125488,0.1236884370446205,0.0938079506158828,12.713074684143066,3.412078380584717,7.800906181335449,0.1116960421204567,0.0502004660665988,14.247217178344728
train,20260906_1854,t,0,empty,ok,38,39,4422,131.0,5425,2163,0.3987096774193548,3800,658,81.51602856766779,8.848000049591064,100,3.6891385530537013,28,423.0,4.674685955047607,7.274810791015625,7.829607963562012,0.6921770572662354,0.6690097451210022,19.56809425354004,6.189627170562744,8.24401569366455,0.1279215067625045,0.0983724817633628,14.250873565673828,6.21218729019165,8.455730438232422,0.124699093401432,0.0910276025533676,12.7234525680542,3.412620782852173,7.822342872619629,0.1115289777517318,0.0493369363248348,14.250873565673828
train,20260906_1856,t,0,empty,ok,42,44,5834,133.0,5976,1711,0.2863119143239625,4200,291,97.62546217063888,3.942000150680542,100,4.473684956488592,28,330.0,4.393097877502441,7.277910709381103,7.829882621765137,0.7001322507858276,0.668382465839386,19.569313049316406,6.189388275146484,8.2606840133667,0.1269088387489318,0.0990309938788414,14.253287315368652,6.213335037231445,8.45284366607666,0.1246711537241935,0.0914256647229194,12.730852127075195,3.4124526977539062,7.822879314422607,0.1108492016792297,0.0494825169444084,14.253287315368652
train,20260906_1857,t,0,empty,ok,46,48,5877,132.5,5862,1487,0.2536676902081201,4600,537,100.2712800307097,4.049000024795532,100,3.107722252474571,35,110.0,4.465987205505371,7.279129505157471,7.847552299499512,0.7051647901535034,0.664304256439209,19.5705509185791,6.188779354095459,8.265290260314941,0.1301152408123016,0.0990314781665802,14.25360107421875,6.213770866394043,8.462652206420898,0.1270626485347747,0.0916158556938171,12.732440948486328,3.412763833999634,7.823002815246582,0.1113747358322143,0.04981704428792,14.25360107421875
train,20260906_1858,t,0,empty,ok,35,37,4899,134.0,4647,1025,0.22057241230901656,3500,255,105.42285392981698,2.1070001125335693,100,3.97447586637392,20,330.0,4.918710708618164,7.277692794799805,7.822093963623047,0.6901813745498657,0.6672402024269104,19.570606231689453,6.189548969268799,8.271073341369629,0.1280140131711959,0.0990222916007042,14.254461288452148,6.213681697845459,8.494955062866211,0.1250115185976028,0.0916313081979751,12.737218856811523,3.4121310710906982,7.816991806030273,0.1107795014977455,0.0496434643864631,14.254461288452148
train,20260906_1900,t,0,empty,ok,41,42,5644,129.0,5770,1603,0.2778162911611785,4100,305,97.8298548370475,3.1460001468658447,100,3.962206305752607,20,440.0,4.735705852508545,7.279964447021484,7.828211307525635,0.6869277954101562,0.6677491068840027,19.565889358520508,6.189370632171631,8.26950454711914,0.1287339925765991,0.0999687016010284,14.250279426574709,6.211383819580078,8.520979881286621,0.1241915524005889,0.0919170826673507,12.724221229553224,3.4115207195281982,7.785557746887207,0.1128650233149528,0.0500125028192997,14.250279426574709
train,20260906_1901,t,0,empty,ok,42,43,5867,132.5,5984,1662,0.27774064171123,4200,363,98.05297896314157,2.0989999771118164,100,3.7701812857284756,22,310.0,4.623610496520996,7.275931358337402,7.83304500579834,0.6900694370269775,0.6676029562950134,19.5687255859375,6.190093994140625,8.274133682250977,0.1279966235160827,0.0992188304662704,14.25185203552246,6.211742401123047,8.527257919311523,0.1242488548159599,0.0916402116417884,12.729387283325195,3.4122915267944336,7.790777206420898,0.1119533330202102,0.0498014278709888,14.25185203552246
train,20260906_1902,t,0,empty,ok,41,42,4050,88.0,4710,1552,0.3295116772823779,4100,1181,86.00186866864559,1.8650000095367432,100,3.401501541699814,34,370.0,4.559465408325195,7.270075798034668,7.802151679992676,0.6889774799346924,0.6686553359031677,19.570703506469727,6.187742710113525,8.278461456298828,0.127205416560173,0.0989625751972198,14.255760192871094,6.212597846984863,8.541653633117676,0.1232119500637054,0.0910721868276596,12.74107265472412,3.411374092102051,7.78752326965332,0.110426940023899,0.0495983064174652,14.255760192871094
train,20260906_1903,t,0,empty,ok,41,42,4806,122.0,5900,2359,0.3998305084745763,4100,669,81.46176927147374,12.776999950408936,100,7.361908392887822,35,530.0,4.954869270324707,7.274350166320801,7.822992324829102,0.6946932077407837,0.6691016554832458,19.57085418701172,6.188663482666016,8.279716491699219,0.1281707733869552,0.0999323949217796,14.254620552062988,6.21157693862915,8.54321002960205,0.1245728209614753,0.091794915497303,12.740460395812988,3.4118614196777344,7.777869701385498,0.1109954267740249,0.0500202067196369,14.254620552062988
train,20260906_1904,t,0,empty,ok,37,39,5211,133.0,5997,2152,0.35884608971152243,3700,268,86.89634481115287,7.6529998779296875,100,3.1870520797838613,22,350.0,5.22767448425293,7.274823188781738,7.83035945892334,0.6898657083511353,0.6686364412307739,19.57113075256348,6.189505100250244,8.284235954284668,0.1267909109592437,0.0995033383369445,14.256293296813965,6.211015701293945,8.541891098022461,0.1245985701680183,0.0917745903134346,12.745227813720703,3.4113316535949707,7.778688430786133,0.1116907745599746,0.0499265938997268,14.256293296813965
train,20260906_1905,t,0,empty,ok,34,35,4692,131.5,5711,2238,0.3918753283137804,3400,274,82.17018956237358,8.753000020980835,100,4.531107501576145,16,370.0,4.732290744781494,7.276407241821289,7.826448917388916,0.6927981376647949,0.6667683124542236,19.570953369140625,6.187985897064209,8.297438621520996,0.1271507889032364,0.098761647939682,14.255459785461426,6.208548545837402,8.558512687683105,0.1244822591543197,0.091118648648262,12.745171546936035,3.410874366760254,7.769060134887695,0.1112020909786224,0.0499140657484531,14.255459785461426
train,20260906_1910,t,1,present,ok,54,56,6742,129.0,5861,996,0.1699368708411534,5400,811,115.03548995687161,0.9890000820159912,100,14.080555549495966,46,570.0,21.92277717590332,7.348081588745117,8.037208557128906,0.9700896739959716,0.6915008425712585,19.539043426513672,6.291467189788818,8.47787094116211,0.8604045510292053,0.16485396027565,14.23684787750244,6.3587164878845215,8.6583251953125,0.9688584804534912,0.172560304403305,12.821971893310549,3.4222874641418457,7.883753776550293,0.4099920392036438,0.0775570049881935,14.23684787750244
train,20260906_1911,t,1,present,ok,48,50,6506,128.0,5996,1337,0.22298198799199467,4800,463,108.50928993632186,2.8359999656677246,100,11.772954625513423,32,400.0,20.91224670410156,7.342939376831055,7.863900184631348,1.0061569213867188,0.6893844604492188,19.5308895111084,6.260478019714356,8.391573905944824,0.6329035758972168,0.1334685534238815,14.228224754333496,6.302072525024414,8.606378555297852,0.7473108172416687,0.135371908545494,12.786789894104004,3.4349827766418457,7.822678565979004,0.3504600524902344,0.0668679475784301,14.228224754333496
train,20260906_1912,t,1,present,ok,33,33,4368,135.0,5892,2715,0.4607942973523422,3300,334,74.14071124209867,12.056999921798706,100,8.276155204239053,20,170.0,19.536582946777344,7.30070686340332,7.908467769622803,0.7433592081069946,0.6880102157592773,19.532276153564453,6.338902473449707,8.770689010620117,0.7275343537330627,0.2269125282764434,14.22748565673828,6.450845241546631,9.325682640075684,0.8592407703399658,0.2459053695201873,12.77522087097168,3.436451911926269,7.746629238128662,0.3594787120819092,0.1002321690320968,14.22748565673828
train,20260906_1920,t,0,empty,ok,57,59,7735,135.0,5863,282,0.04809824322019444,5700,254,131.9425489635116,0.6889998912811279,100,2.347755100817457,55,570.0,5.645763874053955,7.274046897888184,7.806294441223144,0.6841493248939514,0.6654008030891418,19.56312561035156,6.221416473388672,8.452754020690918,0.126701146364212,0.0983220040798187,14.25200366973877,6.316622257232666,8.62614631652832,0.1230060011148452,0.0890064090490341,12.776503562927246,3.430139303207397,7.830288887023926,0.1097904294729232,0.0494269914925098,14.25200366973877
train,20260906_1921,t,0,empty,ok,45,47,6463,135.0,5886,1171,0.19894665307509343,4500,223,109.80665278164095,2.5360000133514404,100,3.88227614587438,27,460.0,4.691809177398682,7.271380424499512,7.810642242431641,0.6923220753669739,0.6670268177986145,19.55986785888672,6.214996814727783,8.44920539855957,0.1281625628471374,0.0981779471039772,14.24742603302002,6.312971115112305,8.62349796295166,0.1237222328782081,0.0885679945349693,12.757172584533691,3.4260482788085938,7.826854705810547,0.1098098680377006,0.0493149869143962,14.24742603302002
train,20260906_1922,t,0,empty,ok,40,42,6230,135.0,5894,1362,0.23108245673566338,4000,180,105.70429949829794,2.2300000190734863,100,3.537855702151765,16,390.0,4.764341831207275,7.272222518920898,7.807580947875977,0.6869490742683411,0.6658397912979126,19.55755615234375,6.212364673614502,8.444940567016602,0.1284850984811782,0.0982323437929153,14.243271827697754,6.309410572052002,8.611465454101562,0.1246553510427475,0.0888551697134971,12.74098300933838,3.4230406284332275,7.829023361206055,0.1121004596352577,0.0497683770954608,14.243271827697754
train,20260906_1923,t,0,empty,ok,36,38,4858,133.0,5965,2435,0.4082145850796312,3600,499,81.44310894981633,4.7179999351501465,100,4.733733291280401,16,380.0,4.670942306518555,7.261430740356445,7.785566329956055,0.6930314898490906,0.6669155955314636,19.554540634155277,6.20308780670166,8.436408996582031,0.1269140243530273,0.0984939113259315,14.239338874816896,6.303138256072998,8.60241413116455,0.1248239651322364,0.0889542177319526,12.729044914245604,3.41650938987732,7.829900741577148,0.1096714958548545,0.0495580248534679,14.239338874816896
train,20260906_1924,t,0,empty,ok,49,50,5559,112.0,5995,1836,0.30625521267723105,4900,1001,92.73810144400926,2.8959999084472656,100,3.440012983716163,38,430.0,4.446043014526367,7.26496410369873,7.792873382568359,0.6867828369140625,0.6667372584342957,19.55857276916504,6.204948902130127,8.439901351928711,0.1272709518671035,0.0989351794123649,14.24379062652588,6.306126594543457,8.618806838989258,0.1254438906908035,0.0895953103899955,12.737126350402832,3.4180784225463867,7.834056377410889,0.1089053973555564,0.0494838841259479,14.24379062652588
train,20260906_1925,t,0,empty,ok,37,38,4433,134.0,5907,2610,0.4418486541391569,3700,633,75.05290804367131,8.760999917984009,100,2.4493045527013493,22,450.0,4.633889675140381,7.2626142501831055,7.806769371032715,0.694238543510437,0.6691622734069824,19.56022834777832,6.205053806304932,8.450386047363281,0.1257308274507522,0.0977811589837074,14.24465274810791,6.305572509765625,8.619749069213867,0.1231863051652908,0.0887048691511154,12.736802101135254,3.418186664581299,7.840850830078125,0.1092726215720176,0.0492294505238533,14.24465274810791
train,20260906_1926,t,0,empty,ok,35,35,4326,131.0,5992,2831,0.47246328437917223,3500,468,72.20710719293504,12.38099980354309,100,2.258692284703682,19,210.0,4.772841453552246,7.265591144561768,7.815604209899902,0.6954251527786255,0.6677790880203247,19.56095123291016,6.203792095184326,8.44931697845459,0.1287775933742523,0.0980930849909782,14.244760513305664,6.305310726165772,8.620573997497559,0.1239343136548996,0.0889502838253974,12.734539985656738,3.417498588562012,7.842038154602051,0.1095068752765655,0.0499649010598659,14.244760513305664
train,20260906_1927,t,0,empty,ok,36,36,4596,132.5,5722,2365,0.41331702202027265,3600,384,80.32718109558688,14.38099980354309,100,2.730877581908425,27,230.0,4.745375633239746,7.265865325927734,7.824275016784668,0.6923968195915222,0.6647277474403381,19.55870246887207,6.201091289520264,8.456515312194824,0.1263185143470764,0.098049372434616,14.241559982299805,6.300041675567627,8.625659942626953,0.12373086810112,0.0881489217281341,12.724203109741213,3.414246082305908,7.83712100982666,0.1072195768356323,0.0496903397142887,14.241559982299805
train,20260906_1928,t,0,empty,ok,42,44,5967,134.0,5872,1518,0.25851498637602177,4200,363,101.63169387613156,5.63100004196167,100,2.4782005961718787,27,360.0,4.904490947723389,7.258689403533935,7.801227569580078,0.6895402669906616,0.6674137115478516,19.559715270996094,6.196827411651611,8.454614639282227,0.1266227960586547,0.0981378778815269,14.243704795837402,6.297989368438721,8.616730690002441,0.1242149248719215,0.0885130167007446,12.727730751037598,3.4123356342315674,7.833442687988281,0.1086010783910751,0.0494584143161773,14.243704795837402
train,20260906_1930,t,0,empty,ok,51,52,6728,134.0,5999,1092,0.18203033838973162,5100,469,112.16698366376816,1.8359999656677246,100,1.8102678949718127,35,470.0,4.595249652862549,7.25278377532959,7.79512357711792,0.6878678798675537,0.6687172055244446,19.560009002685547,6.192869186401367,8.456839561462402,0.1257746517658233,0.0982931926846504,14.242849349975586,6.2928786277771,8.62164306640625,0.1233532130718231,0.0881268605589866,12.7202730178833,3.409571409225464,7.833456039428711,0.1091196686029434,0.0493330359458923,14.242849349975586
train,20260906_1933,t,0,empty,ok,33,33,4869,133.0,5999,2398,0.39973328888148024,3300,240,81.17705899385913,6.721999883651733,100,2.961256838491526,13,300.0,4.966970920562744,7.253246307373047,7.802036285400391,0.6952024698257446,0.6694675087928772,19.566368103027344,6.198028564453125,8.459053039550781,0.1271246522665023,0.098354622721672,14.249360084533691,6.29586935043335,8.634994506835938,0.1251633167266845,0.0879049524664878,12.731298446655272,3.4143452644348145,7.832075595855713,0.1081727147102356,0.0496281497180461,14.249360084533691
train,20260906_1934,t,0,empty,ok,41,43,5331,132.0,5849,1935,0.33082578218498887,4100,484,91.15781202216706,6.2209999561309814,100,3.183445638207212,23,270.0,4.6943135261535645,7.266146659851074,7.821595191955566,0.6920503377914429,0.6668503880500793,19.567541122436523,6.203742504119873,8.46325969696045,0.1262963116168975,0.0983718112111091,14.249956130981444,6.296865463256836,8.64535140991211,0.1219334527850151,0.088001474738121,12.730385780334473,3.4163384437561035,7.83311653137207,0.1107432469725608,0.0503309778869152,14.249956130981444
train,20260906_1935,t,0,empty,ok,44,46,6092,133.0,5862,1450,0.24735585124530876,4400,354,103.94130670742771,2.5419998168945312,100,3.5428879826207225,23,310.0,4.487195014953613,7.262278079986572,7.803724765777588,0.6950272917747498,0.6694647073745728,19.56623077392578,6.197932243347168,8.450233459472656,0.1267154961824417,0.0987538322806358,14.247810363769531,6.289770603179932,8.63566780090332,0.1246287971735,0.0884176865220069,12.724579811096191,3.4119086265563965,7.825758934020996,0.1076121404767036,0.0496223680675029,14.247810363769531
train,20260906_1937,t,0,empty,ok,46,46,6082,133.0,5622,1159,0.20615439345428674,4600,479,108.19368843072084,1.755000114440918,100,3.6710506312848925,26,323.0,4.667198657989502,7.258472919464111,7.79304838180542,0.6951031684875488,0.6679913997650146,19.570520401000977,6.199779033660889,8.443754196166992,0.1291065514087677,0.0993334352970123,14.253082275390623,6.293826103210449,8.662195205688477,0.1243377774953842,0.0887287482619285,12.735041618347168,3.4147942066192627,7.827109336853027,0.1112222820520401,0.0497779510915279,14.253082275390623
train,20260906_1938,t,0,empty,ok,46,47,4965,103.5,5897,2150,0.36459216550788537,4600,1013,84.2067773989053,7.29200005531311,100,3.4697877368558556,34,430.0,4.415817737579346,7.255953311920166,7.78327751159668,0.6934436559677124,0.6690196990966797,19.56979751586914,6.196191310882568,8.429452896118164,0.127522811293602,0.0990227982401847,14.250850677490234,6.290665149688721,8.678629875183105,0.1232373714447021,0.0879575386643409,12.730616569519045,3.4121181964874268,7.823771953582764,0.1114408150315284,0.049829863011837,14.250850677490234
train,20260906_1939,t,0,empty,ok,44,46,6027,133.0,5737,1349,0.23514031723897508,4400,448,105.06406387252254,2.447999954223633,100,3.676353434907024,28,440.0,4.547607421875,7.258767127990723,7.803491592407227,0.6902600526809692,0.6693426370620728,19.57058334350586,6.200261116027832,8.429738998413086,0.1272532194852829,0.0989345908164978,14.253066062927246,6.290517807006836,8.67402172088623,0.1235075071454048,0.0887196660041809,12.731572151184082,3.4137911796569824,7.825285911560059,0.1099336892366409,0.0495479889214038,14.253066062927246
train,20260906_1945,t,1,sleep,ok,58,59,7547,133.0,5999,471,0.07851308551425237,5800,369,125.82317745152102,1.5309998989105225,100,6.492968379703655,54,560.0,7.900201797485352,7.255683898925781,7.809649467468262,0.7008737325668335,0.6721075773239136,19.57373046875,5.972983360290527,7.991438388824463,0.3447751998901367,0.1184757053852081,14.258336067199709,6.041540622711182,8.264720916748047,0.4234591424465179,0.1164570674300193,12.743436813354492,3.2924509048461914,7.126342296600342,0.2009856700897216,0.0599634796380996,14.258336067199709
train,20260906_1946,t,1,sleep,ok,47,49,6171,133.0,5958,1449,0.243202416918429,4700,510,103.58371833415067,2.6660001277923584,100,5.036987762727736,31,520.0,8.393475532531738,7.256283760070801,7.80983304977417,0.6928139925003052,0.6699733138084412,19.57261848449707,5.978643894195557,8.059833526611328,0.2147643864154815,0.1203148514032363,14.256950378417969,6.098509311676025,8.413558006286621,0.3040138483047485,0.1165936142206192,12.737621307373049,3.305957794189453,7.225989818572998,0.1649966835975647,0.0616263002157211,14.256950378417969
train,20260906_1947,t,1,sleep,ok,48,49,6306,131.5,5873,1232,0.2097735399284863,4800,485,107.38003597081338,2.0909998416900635,100,6.534679581212209,35,420.0,8.74179458618164,7.263740062713623,7.820207118988037,0.6941044926643372,0.6704018712043762,19.57263565063477,5.984393119812012,8.02706241607666,0.3423525989055633,0.1247993856668472,14.256065368652344,6.0649824142456055,8.341501235961914,0.5076457858085632,0.1249202415347099,12.736154556274414,3.3091511726379395,7.229949951171875,0.2063910216093063,0.0657450556755065,14.256065368652344
train,20260906_1948,t,1,sleep,ok,47,48,5856,128.0,5930,1621,0.2733558178752108,4700,585,98.76376640911056,2.3610002994537354,100,3.8332048185254575,34,490.0,5.682615756988525,7.257067203521728,7.82918643951416,0.6970744132995605,0.6719161868095398,19.568233489990234,6.000327110290527,7.967456817626953,0.3596265614032745,0.1191925853490829,14.250725746154783,6.054676532745361,8.252062797546387,0.489245742559433,0.1178285852074623,12.722466468811035,3.307746410369873,7.299469947814941,0.1940615475177765,0.0610326863825321,14.250725746154783
train,20260906_1949,t,1,sleep,ok,47,48,6280,133.0,5999,1348,0.22470411735289214,4700,453,104.69458527931972,2.2269999980926514,100,7.421153841314967,29,290.0,4.665962219238281,7.257894515991211,7.835323810577393,0.6977276802062988,0.6730163097381592,19.565034866333008,5.973842620849609,7.912918567657471,0.2078325748443603,0.1183604374527931,14.248781204223633,6.031581878662109,8.234087944030762,0.2516143918037414,0.1138749346137046,12.718107223510742,3.2856483459472656,7.210184574127197,0.1479236781597137,0.0613235533237457,14.248781204223633
train,20260906_1950,t,1,sleep,ok,45,46,4792,104.0,5954,2317,0.3891501511588848,4500,1109,80.4918195864102,4.856000185012817,100,4.628038496938247,35,470.0,5.4074296951293945,7.249763488769531,7.801553726196289,0.6893118619918823,0.672177255153656,19.56780815124512,5.989315032958984,7.9458465576171875,0.2571099698543548,0.1157420948147773,14.250936508178713,6.04069709777832,8.22712230682373,0.3407373428344726,0.1129911765456199,12.724658966064451,3.2976651191711426,7.245399475097656,0.185577780008316,0.0592065751552581,14.250936508178713
train,20260906_1951,t,1,sleep,ok,17,18,2307,134.0,5999,4305,0.7176196032672112,1700,216,38.46089722853933,14.200999975204468,100,5.338120176667293,8,130.0,4.367241859436035,7.256391048431396,7.851437091827393,0.7082951068878174,0.6729901432991028,19.56767845153809,6.00534200668335,7.908694267272949,0.2220674306154251,0.114076167345047,14.25095272064209,6.074432849884033,8.268376350402832,0.2887763381004333,0.1096841394901275,12.724300384521484,3.311612367630005,7.298512458801269,0.1557473391294479,0.0579284094274044,14.25095272064209
train,20260906_1953,t,1,sleep,ok,48,50,6516,133.0,5859,1080,0.18433179723502305,4800,333,111.21731401351751,2.2130000591278076,100,3.8807968699585285,31,350.0,4.8014302253723145,7.256768226623535,7.831520080566406,0.705460786819458,0.6721002459526062,19.56780242919922,5.982004165649414,8.015913963317871,0.3416612148284912,0.1187375634908676,14.251416206359863,6.044212818145752,8.332279205322266,0.5225557684898376,0.1174965873360633,12.730332374572754,3.3003721237182617,7.305569171905518,0.1722982227802276,0.0628126859664917,14.251416206359863
train,20260906_1954,t,1,sleep,ok,54,56,5777,111.5,5945,1674,0.2815811606391926,5400,1353,97.18717419546805,2.6440000534057617,100,3.45457020621396,46,570.0,4.479392051696777,7.260923385620117,7.817015647888184,0.6949232816696167,0.6727333664894104,19.566242218017575,6.056865692138672,8.130257606506348,0.3942782878875732,0.1291705965995788,14.249404907226562,6.13577127456665,8.388136863708496,0.5356160998344421,0.1328703612089157,12.726624488830566,3.3372466564178467,7.577403545379639,0.2288337498903274,0.0673578009009361,14.249404907226562
train,20260906_1955,t,1,sleep,ok,44,46,6180,134.0,5959,1443,0.24215472394697096,4400,315,103.7086761017182,2.4750001430511475,100,3.790626703736841,24,380.0,4.692428112030029,7.254497051239014,7.815641403198242,0.6958364248275757,0.673306405544281,19.56556510925293,6.049848556518555,8.180997848510742,0.3892862200736999,0.1369635909795761,14.249218940734863,6.124428749084473,8.460897445678711,0.5258738994598389,0.1450498551130294,12.721796989440918,3.3327975273132324,7.554248809814453,0.2056456804275512,0.0706138834357261,14.249218940734863
train,20260906_1956,t,1,sleep,ok,35,37,4620,133.0,5876,2474,0.42103471749489446,3500,345,78.63026749098889,11.247999906539917,100,3.657277017748341,18,330.0,7.473272323608398,7.256935119628906,7.827995300292969,0.6929406523704529,0.6708050966262817,19.56812286376953,6.029759407043457,8.19230842590332,0.2963492274284363,0.1219185143709182,14.250576972961426,6.098602294921875,8.53577709197998,0.4195078313350677,0.1212575808167457,12.725172996520996,3.3187451362609863,7.4461259841918945,0.1932818293571472,0.0639904737472534,14.250576972961426
train,20260906_1957,t,1,sleep,ok,37,39,4602,132.0,4982,1549,0.3109193095142513,3700,524,92.3743953004161,9.141999959945679,100,6.158594168850256,29,250.0,6.161261558532715,7.261110782623291,7.838076591491699,0.7092471122741699,0.6742392778396606,19.56939125061035,6.037065505981445,8.142842292785645,0.3486230969429016,0.1275787651538849,14.252479553222656,6.079526424407959,8.37398910522461,0.5371760725975037,0.1365973204374313,12.72964096069336,3.329359769821167,7.377958297729492,0.225105345249176,0.0658784881234169,14.252479553222656
train,20260906_1958,t,1,sleep,ok,32,34,4482,132.5,5396,2089,0.38713862120088954,3200,322,83.06614523739412,7.924999952316284,100,4.03425607324171,18,280.0,4.996524810791016,7.273599624633789,7.849242210388184,0.6999553442001343,0.6742637157440186,19.57233619689941,6.058588981628418,8.143316268920898,0.3818581998348236,0.146810233592987,14.255434036254885,6.129809379577637,8.41639232635498,0.5482039451599121,0.1646701395511627,12.739020347595217,3.337470531463623,7.557933330535889,0.2302424013614654,0.078133225440979,14.255434036254885
train,20260906_1959,t,1,sleep,ok,40,41,5372,126.0,5805,1899,0.3271317829457364,4000,531,92.5409130820447,3.1740002632141113,100,4.373794309955284,21,480.0,7.987380027770996,7.260986328125,7.820112228393555,0.6931486129760742,0.6743467450141907,19.56939697265625,6.046724796295166,8.108108520507812,0.3832407891750335,0.1498656868934631,14.252426147460938,6.099727153778076,8.35687255859375,0.5567558407783508,0.1707266569137573,12.731995582580566,3.3285813331604004,7.405395984649658,0.2427612692117691,0.0768373757600784,14.252426147460938
train,20260906_2000,t,1,sleep,ok,41,42,5574,133.0,5157,1073,0.2080667054489044,4100,279,108.08819250676791,1.9270000457763672,100,7.167434060201973,26,290.0,4.953560829162598,7.256374359130859,7.821629047393799,0.6946020126342773,0.6730130314826965,19.57196044921875,6.040277481079102,8.092034339904785,0.4151290655136108,0.1497003883123397,14.255782127380373,6.103219509124756,8.326353073120117,0.5796480774879456,0.1686675101518631,12.739096641540527,3.3288254737854004,7.417869567871094,0.2584964632987976,0.0801181122660636,14.255782127380373
train,20260906_2001,t,1,sleep,ok,46,47,4886,109.5,5967,2288,0.38344226579520696,4600,1110,81.89604630214225,7.989000082015991,100,5.93697880975862,38,480.0,10.31566047668457,7.252133369445801,7.80267333984375,0.700035810470581,0.6749905943870544,19.57316780090332,5.997459888458252,7.81914758682251,0.6065552234649658,0.1484708189964294,14.2576322555542,6.098844051361084,8.223941802978516,0.6531481742858887,0.1585262715816497,12.747294425964355,3.312133312225342,7.476776123046875,0.3181546926498413,0.0749543830752372,14.2576322555542
train,20260906_2103,t,0,empty,ok,53,54,6970,133.0,5999,934,0.15569261543590598,5300,412,116.19765277020039,3.7960000038146973,100,6.219494973401154,44,530.0,5.050937652587891,7.242691993713379,7.782380104064941,0.6814923286437988,0.6648401618003845,19.57094955444336,5.931567192077637,7.887502670288086,0.1292545646429062,0.1061322689056396,14.263349533081056,6.0222015380859375,8.060089111328125,0.124814748764038,0.096513494849205,12.8350248336792,3.2839877605438232,7.161741733551025,0.1109928414225578,0.052854299545288,14.263349533081056
train,20260906_2104,t,0,empty,ok,45,46,6059,132.0,5942,1474,0.24806462470548638,4500,321,101.98448096545017,6.03000020980835,100,4.04090333181842,31,420.0,5.108901977539063,7.246778964996338,7.799214363098144,0.688179612159729,0.6660288572311401,19.566356658935547,5.931982517242432,7.90100622177124,0.1300830543041229,0.1064012423157692,14.257137298583984,6.016117572784424,8.065716743469238,0.1248334050178527,0.0965921953320503,12.812664985656738,3.283987283706665,7.179428577423096,0.107978880405426,0.0523779392242431,14.257137298583984
train,20260906_2105,t,0,empty,ok,33,35,4385,130.0,5824,2586,0.44402472527472525,3300,346,75.29835992009245,14.255000114440918,100,3.379496392109582,17,380.0,5.518744468688965,7.243076324462891,7.801222801208496,0.6889607906341553,0.6678062677383423,19.562965393066406,5.9279069900512695,7.899218082427978,0.1295380294322967,0.1066225692629814,14.252107620239258,6.0077080726623535,8.063065528869629,0.1242385804653167,0.0957536473870277,12.794757843017578,3.282161235809326,7.185108184814453,0.1090909019112587,0.0527096129953861,14.252107620239258
train,20260906_2106,t,0,empty,ok,45,47,6358,131.0,5868,1190,0.20279481935923654,4500,355,108.36514830932266,1.8569998741149902,100,8.051323643565642,25,370.0,4.820370197296143,7.240871429443359,7.797359943389893,0.6885068416595459,0.6685507893562317,19.56114959716797,5.924928188323975,7.894711971282959,0.1283342540264129,0.1076254025101661,14.249311447143556,6.00279712677002,8.061626434326172,0.1247187256813049,0.0978180766105651,12.783291816711426,3.280463457107544,7.188271999359131,0.1121523380279541,0.0532053969800472,14.249311447143556
train,20260906_2107,t,0,empty,ok,43,44,5438,128.0,5763,1724,0.2991497483949332,4300,470,94.36057629183765,7.977999925613403,100,5.442351034554571,33,70.0,4.309833526611328,7.22429084777832,7.768071174621582,0.7159333229064941,0.6638177037239075,19.559171676635746,5.915966987609863,7.892233371734619,0.1337614953517913,0.107142649590969,14.246200561523438,6.000095367431641,8.065959930419922,0.1263782232999801,0.0971680581569671,12.77397632598877,3.2787442207336426,7.193525314331055,0.1124400794506073,0.0534158982336521,14.246200561523438
train,20260906_2108,t,0,empty,ok,32,33,4361,131.0,5916,2709,0.4579107505070994,3200,192,73.72157893853759,11.905999898910522,100,4.971827931141389,21,310.0,5.036418914794922,7.240578651428223,7.802881717681885,0.6986323595046997,0.6679655313491821,19.56104278564453,5.923587799072266,7.896820068359375,0.1315044462680816,0.1083259508013725,14.247797966003418,5.999594688415527,8.062859535217285,0.1238335818052291,0.0963240787386894,12.773512840270996,3.28147554397583,7.18888521194458,0.1108486354351043,0.0533731244504451,14.247797966003418
train,20260906_2109,t,0,empty,ok,43,45,5502,127.0,5985,1934,0.32314118629908106,4300,582,91.94057757869744,4.316999912261963,100,7.612073804203183,26,380.0,4.547299861907959,7.244446754455566,7.812626838684082,0.6883981823921204,0.6678425073623657,19.55893898010254,5.920989990234375,7.891302585601807,0.1293690502643585,0.1065337285399437,14.24451732635498,5.99468994140625,8.064228057861328,0.1242583096027374,0.0964594781398773,12.761529922485352,3.2784316539764404,7.193755149841309,0.1107445657253265,0.0524075664579868,14.244590759277344
train,20260906_2110,t,0,empty,ok,45,47,5395,122.0,5152,1225,0.23777173913043478,4500,821,104.722712972312,2.0339999198913574,100,6.531276166293203,35,500.0,4.919666767120361,7.242712020874023,7.813764572143555,0.6984730958938599,0.6692892909049988,19.557212829589844,5.920821666717529,7.890286922454834,0.1276844292879104,0.1079003736376762,14.242820739746094,5.992330551147461,8.065312385559082,0.1238486915826797,0.0965341031551361,12.753371238708496,3.27860164642334,7.194719314575195,0.1120119839906692,0.0530935563147068,14.2428617477417
train,20260906_2111,t,0,empty,ok,47,49,5953,125.0,5750,1439,0.25026086956521737,4700,761,103.53403613475773,2.307000160217285,100,4.85437038634632,34,536.0,5.0267181396484375,7.241179466247559,7.803507328033447,0.6886786222457886,0.6688885688781738,19.559106826782227,5.918943881988525,7.903180122375488,0.1290667802095413,0.1079596802592277,14.244765281677246,5.992998123168945,8.06250286102295,0.124396413564682,0.0973478779196739,12.755210876464844,3.2784671783447266,7.19938325881958,0.110703095793724,0.0528188236057758,14.244791984558104
train,20260906_2112,t,0,empty,ok,31,33,4510,131.0,5927,2600,0.4386704909735111,3100,276,76.09759416319005,6.230999946594238,100,5.490070342457196,13,260.0,4.539513111114502,7.245441436767578,7.824061393737793,0.6957972049713135,0.669775128364563,19.560529708862305,5.922480583190918,7.910484313964844,0.1271489411592483,0.1075694113969802,14.245708465576172,5.993043422698975,8.066569328308105,0.1243730187416076,0.0975024104118347,12.755861282348633,3.2789862155914307,7.206272602081299,0.1091531068086624,0.0527524016797542,14.245769500732422
train,20260906_2113,t,0,empty,ok,33,35,4395,129.0,5892,2652,0.45010183299389,3300,393,74.59393385669176,11.082000017166138,100,9.444375974644306,18,260.0,5.118961334228516,7.247039318084717,7.818676948547363,0.6943747401237488,0.6679315567016602,19.56195640563965,5.921984672546387,7.906406402587891,0.1297148764133453,0.1059083938598632,14.246444702148438,5.993654251098633,8.063344955444336,0.1242913678288459,0.0966256558895111,12.756333351135254,3.2790889739990234,7.206772804260254,0.1078443080186843,0.051171388477087,14.24648094177246
train,20260906_2114,t,0,empty,ok,44,44,5680,131.0,5803,1587,0.2734792348785111,4400,475,97.89052777418654,4.190999984741211,100,2.957139365512141,26,70.0,4.298399925231934,7.251607894897461,7.859111785888672,0.7177508473396301,0.6658667325973511,19.561227798461918,5.921673774719238,7.910853862762451,0.130645751953125,0.1090431660413742,14.245193481445312,5.988162040710449,8.064301490783691,0.1261060684919357,0.0974451899528503,12.75010871887207,3.277678966522217,7.203536987304688,0.1121091544628143,0.0557452142238616,14.24520206451416
train,20260906_2115,t,0,empty,ok,33,35,4494,132.0,5862,2585,0.4409757761856022,3300,372,76.66717832887258,19.42200016975403,100,3.1396531841147244,21,330.0,4.508989334106445,7.247075080871582,7.8397536277771,0.7009481191635132,0.6692478060722351,19.564558029174805,5.922100067138672,7.904115200042725,0.1283338069915771,0.1069312095642089,14.248751640319824,5.991038799285889,8.067041397094727,0.1240874230861663,0.0982873737812042,12.760666847229004,3.278055191040039,7.218640327453613,0.1093019247055053,0.0524055957794189,14.248820304870604
train,20260906_2116,t,0,empty,ok,55,57,7341,133.0,5861,651,0.11107319570039242,5500,516,125.26662422490773,0.6759998798370361,100,2.7312331033956387,49,570.0,4.950186252593994,7.243577003479004,7.798196792602539,0.6952454447746277,0.6694563627243042,19.56267738342285,5.919145107269287,7.910032272338867,0.1291399449110031,0.107582002878189,14.246903419494627,5.9911322593688965,8.069945335388184,0.1239408552646637,0.0966218411922454,12.754197120666504,3.277212858200073,7.21631908416748,0.110241524875164,0.0527176223695278,14.2469482421875
train,20260906_2117,t,0,empty,ok,41,42,6148,134.0,5999,1498,0.24970828471411902,4100,139,102.4957074559706,2.5210001468658447,100,12.239814041479695,19,400.0,4.74845027923584,7.24751091003418,7.811071395874023,0.6895583868026733,0.6675245761871338,19.563974380493164,5.9211039543151855,7.912637710571289,0.1279064714908599,0.1076037287712097,14.248408317565918,5.99197244644165,8.070449829101562,0.12469432502985,0.0973694249987602,12.75535011291504,3.277522563934326,7.216218948364258,0.1098652780055999,0.0521967001259326,14.248440742492676
train,20260906_2118,t,0,empty,ok,49,50,6294,134.0,5828,1225,0.21019217570350035,4900,611,108.00514782839684,3.677000045776367,100,2.372757570032894,35,570.0,4.462563514709473,7.251004219055176,7.819733619689941,0.6885894536972046,0.6688807606697083,19.56713485717773,5.923880577087402,7.903547763824463,0.1264437139034271,0.1069702878594398,14.250896453857422,5.991720199584961,8.069122314453125,0.1242122948169708,0.0972848609089851,12.762035369873049,3.277968406677246,7.226613998413086,0.1082300990819931,0.052100483328104,14.250980377197266
train,20260906_2119,t,0,empty,ok,47,48,5989,132.0,5611,1228,0.21885581892710745,4700,509,106.74627926145578,2.567000150680542,100,4.821596762212813,35,240.0,5.327291011810303,7.248197078704834,7.818375110626221,0.6941415071487427,0.6673915386199951,19.568262100219727,5.922877788543701,7.9035964012146,0.1310512125492096,0.1088714674115181,14.252820014953612,5.994108200073242,8.069567680358887,0.1255779415369033,0.0974349826574325,12.766852378845217,3.278214454650879,7.223565101623535,0.1114734709262847,0.0533261410892009,14.252850532531738
train,20260906_2120,t,0,empty,ok,33,34,4233,132.0,3994,848,0.21231847771657486,3300,437,105.9892834854277,1.4119999408721924,100,3.817251616092214,24,140.0,4.658790588378906,7.247017860412598,7.820605754852295,0.7039254307746887,0.667518138885498,19.569963455200195,5.922152519226074,7.902202606201172,0.1305851191282272,0.1078330352902412,14.25351333618164,5.995055675506592,8.069007873535156,0.1242922246456146,0.0965437516570091,12.768668174743652,3.277989625930786,7.223389625549316,0.109041541814804,0.0528964288532733,14.25353717803955
train,20260906_2121,t,0,empty,ok,34,35,4143,130.0,4594,1557,0.33892033086634743,3400,500,90.18481050533948,4.398000001907349,100,17.46106104923286,22,220.0,4.859913349151611,7.2505621910095215,7.829042911529541,0.6966756582260132,0.6698099970817566,19.57015991210937,5.925273895263672,7.90101957321167,0.1282334625720977,0.1084070429205894,14.253576278686523,5.995071887969971,8.069439888000488,0.1241156831383705,0.0965726748108863,12.768535614013672,3.279150485992432,7.228683948516846,0.1109309792518615,0.0535638518631458,14.253600120544434
train,20260906_2122,t,0,empty,ok,35,37,4812,133.0,4284,795,0.18557422969187676,3500,292,112.34066366839839,3.2739999294281006,100,2.9844287068374635,25,250.0,5.231047630310059,7.249354362487793,7.819573402404785,0.6950434446334839,0.6687189340591431,19.567087173461918,5.923681259155273,7.905665874481201,0.1288025379180908,0.106591872870922,14.250069618225098,5.992397308349609,8.069595336914062,0.125446617603302,0.0970349162817001,12.759181022644045,3.2785322666168213,7.243419647216797,0.1102276518940925,0.0524890758097171,14.250103950500488
train,20260906_2123,t,0,empty,ok,44,46,5137,119.5,5949,2149,0.36123718271978483,4400,881,86.36516473356953,7.935999870300293,100,3.9700696877403585,30,260.0,4.763401031494141,7.251639842987059,7.844833374023437,0.7038891911506653,0.6714243292808533,19.56844139099121,5.925101280212402,7.903871536254883,0.1300995349884033,0.1087999939918518,14.251386642456056,5.9923415184021,8.070040702819824,0.1242859289050102,0.0978633388876915,12.761178016662598,3.278470039367676,7.239543914794922,0.1102945655584335,0.0532789044082164,14.251480102539062
train,20260906_2124,t,0,empty,ok,46,47,6295,133.0,5928,1333,0.22486504723346828,4600,326,106.20529115638185,3.0279998779296875,100,4.6078865826320445,24,330.0,4.765590667724609,7.248692035675049,7.807213306427002,0.6946495175361633,0.6695138216018677,19.56737899780273,5.921683311462402,7.898083209991455,0.1301057487726211,0.1068574041128158,14.250152587890623,5.991877555847168,8.069565773010254,0.1250706762075424,0.0968846678733825,12.756304740905762,3.278260469436645,7.239016532897949,0.1098022907972335,0.0522537194192409,14.250168800354004
train,20260906_2125,t,0,empty,ok,52,53,6516,123.5,5919,1273,0.2150701131947964,5200,829,110.097323572588,2.240999937057495,100,3.4632353044678372,42,480.0,4.429524421691895,7.242658138275146,7.793487071990967,0.693048894405365,0.6689969897270203,19.56383514404297,5.918710708618164,7.900969982147217,0.1301443874835968,0.107712909579277,14.246930122375488,5.988239288330078,8.06735897064209,0.1247295141220092,0.0964256003499031,12.74600887298584,3.2762467861175537,7.233504295349121,0.1106937527656555,0.0526594743132591,14.246935844421388
train,20260906_2126,t,0,empty,ok,45,46,6353,133.0,5999,1328,0.22137022837139522,4500,299,105.91510766698335,2.5999996662139893,100,2.919042532760053,23,390.0,5.361160755157471,7.2525763511657715,7.836187362670898,0.6927577257156372,0.6718923449516296,19.56623268127441,5.925541877746582,7.901533126831055,0.127964973449707,0.1076656654477119,14.248920440673828,5.988375186920166,8.069709777832031,0.1243608370423317,0.096617117524147,12.74929904937744,3.2777044773101807,7.232259273529053,0.1098615527153015,0.0524057522416114,14.24892234802246
train,20260906_2127,t,0,empty,ok,34,36,4624,130.5,5897,2516,0.4266576225199254,3400,301,78.4220612140338,10.19700002670288,100,2.9676554246334765,20,280.0,4.949221611022949,7.253924369812012,7.85222053527832,0.6983003616333008,0.6716606020927429,19.569076538085938,5.928481578826904,7.894163131713867,0.1296712756156921,0.1078388318419456,14.252202987670898,5.989628314971924,8.067584037780762,0.1254315823316574,0.096983402967453,12.756621360778809,3.2778937816619877,7.233777046203613,0.1115226745605468,0.0526435710489749,14.252219200134276
train,20260906_2128,t,0,empty,ok,46,47,5585,126.0,5930,1813,0.3057335581787521,4600,784,94.18371338673185,4.772000074386597,100,5.041797073177966,34,440.0,4.810153007507324,7.250854015350342,7.820192337036133,0.698035478591919,0.6708994507789612,19.570314407348636,5.924697399139404,7.891298770904541,0.129298448562622,0.1071472615003585,14.25246238708496,5.99053955078125,8.068512916564941,0.1245246976613998,0.0975758358836174,12.757977485656738,3.277740716934204,7.236966133117676,0.1087854504585266,0.0518822707235813,14.252479553222656
train,20260906_2130,t,0,empty,ok,31,31,4051,133.0,4555,1600,0.3512623490669594,3100,336,88.94890592920935,10.384000062942505,100,9.807213417479993,21,280.0,4.488112926483154,7.250203132629394,7.819723129272461,0.6935122013092041,0.6687816977500916,19.570098876953125,5.924080848693848,7.896133422851562,0.1300707459449768,0.1077001169323921,14.251649856567385,5.989764213562012,8.06947135925293,0.123016208410263,0.0964247658848762,12.754545211791992,3.277437925338745,7.237434387207031,0.1088804006576538,0.0518586933612823,14.251653671264648
train,20260906_2132,t,0,empty,ok,48,49,5271,126.5,5987,2045,0.34157340905294803,4800,1071,88.05105002070624,4.242000102996826,100,3.2248933734405796,41,410.0,4.437012195587158,7.249978065490723,7.808157920837402,0.6958788633346558,0.6705177426338196,19.56902313232422,5.924892425537109,7.897480487823486,0.1309288144111633,0.1081532910466194,14.249692916870115,5.988967418670654,8.062878608703613,0.124469369649887,0.0969027355313301,12.74838638305664,3.2777109146118164,7.233036994934082,0.1114789694547653,0.052502304315567,14.249696731567385
train,20260906_2134,t,0,empty,ok,34,34,4444,130.0,5021,1803,0.35909181437960563,3400,341,88.51355385664478,9.52999997138977,100,1.9069322613524196,20,410.0,4.7631425857543945,7.250574111938477,7.822844982147217,0.6911280751228333,0.6704460978507996,19.57382202148437,5.928804397583008,7.902323246002197,0.1292848587036132,0.1065978705883026,14.252570152282717,5.991796970367432,8.062311172485352,0.1252421885728836,0.0967009291052818,12.76129150390625,3.279515504837036,7.239795684814453,0.1108743175864219,0.0523545928299427,14.25257682800293
train,20260906_2135,t,0,empty,ok,49,50,6310,131.0,5898,1287,0.21820956256358087,4900,577,106.9926752909381,2.2159998416900635,100,4.966563257143508,32,480.0,4.465097427368164,7.249285697937012,7.81434440612793,0.6897743940353394,0.6690428256988525,19.574472427368164,5.929343700408936,7.907232761383057,0.1291958689689636,0.1084126904606819,14.255884170532228,5.992582321166992,8.062093734741211,0.1240341141819953,0.0974234417080879,12.764826774597168,3.2807748317718506,7.245257377624512,0.1083695143461227,0.0519304983317852,14.255935668945312
train,20260906_2136,t,0,empty,ok,51,53,6768,133.0,5853,881,0.15052110029044935,5100,321,115.63695985760388,5.049000024795532,100,3.9898821293231044,45,,,,,,,,,,,,,,,,,,,,,,
train,20260906_2137,t,0,empty,ok,44,44,6097,131.5,5999,1577,0.26287714619103186,4400,320,101.64207695972857,2.3030002117156982,100,2.557829072143818,24,450.0,4.892236709594727,7.253432273864746,7.818988800048828,0.6987801194190979,0.6702821254730225,19.573558807373047,5.929417610168457,7.909243106842041,0.1296772509813308,0.1075901538133621,14.254514694213867,5.99334716796875,8.066479682922363,0.1252838224172592,0.0970288217067718,12.760220527648926,3.280808448791504,7.246315956115723,0.1097122430801391,0.0525393411517143,14.254554748535156
train,20260906_2139,t,0,empty,ok,46,48,6525,131.0,5985,1209,0.20200501253132833,4600,304,109.02437762538945,1.875,100,4.248460297211486,24,400.0,4.586545467376709,7.248928070068359,7.814570426940918,0.6878979206085205,0.6689447164535522,19.5720329284668,5.927660942077637,7.911493301391602,0.1313506960868835,0.1071853935718536,14.25519561767578,5.992292404174805,8.064169883728027,0.1256020218133926,0.0971298366785049,12.759642601013184,3.2802000045776367,7.243149757385254,0.109971210360527,0.0518963895738124,14.255199432373049
train,20260906_2140,t,0,empty,ok,45,47,5022,119.0,5840,2172,0.3719178082191781,4500,1093,85.99462329952232,4.305999994277954,100,2.872119392409176,30,570.0,4.78739070892334,7.251231670379639,7.818654537200928,0.6889641284942627,0.6688597798347473,19.574033737182617,5.929089546203613,7.909204959869385,0.1276124268770218,0.1070752292871475,14.25443172454834,5.994269847869873,8.062012672424316,0.1242734789848327,0.0971186980605125,12.759553909301758,3.281091928482056,7.247226238250732,0.1088998466730117,0.0521224364638328,14.254450798034668
train,20260906_2141,t,0,empty,ok,47,49,6444,128.0,5893,1264,0.21449176989648736,4700,531,109.36677923970738,1.4630000591278076,100,3.0410683080624668,31,440.0,4.884795665740967,7.250511169433594,7.814797401428223,0.6878803968429565,0.6695147156715393,19.5730037689209,5.928759574890137,7.91193962097168,0.1313913315534591,0.1078100502490997,14.258637428283691,5.994907855987549,8.06253719329834,0.1258381903171539,0.0972223132848739,12.76321029663086,3.281662702560425,7.248162269592285,0.1112472265958786,0.05271877348423,14.258648872375488
train,20260906_2142,t,0,empty,ok,44,46,5776,131.0,5861,1660,0.283228118068589,4400,499,98.5564618855319,3.740000009536743,100,4.579226604513873,31,380.0,5.043149471282959,7.247769832611084,7.801360130310059,0.6915786266326904,0.6700611710548401,19.57423591613769,5.928028583526611,7.9161248207092285,0.1296221911907196,0.1081924438476562,14.25557804107666,5.994950771331787,8.06279468536377,0.1240015923976898,0.0963372886180877,12.761115074157717,3.281334161758423,7.252111911773682,0.1110342741012573,0.0529093481600284,14.255585670471191
train,20260906_2143,t,0,empty,ok,37,37,5308,133.0,5878,2013,0.3424634229329704,3700,222,90.30436069971714,10.567000150680542,100,3.2058417765630036,19,350.0,4.580954551696777,7.257688522338867,7.824205875396728,0.6899563074111938,0.6680943369865417,19.576805114746094,5.933549880981445,7.920206546783447,0.127911165356636,0.1071166917681694,14.257855415344238,5.997806549072266,8.064189910888672,0.1252366155385971,0.0977109149098396,12.769338607788086,3.2825934886932373,7.252865791320801,0.108837217092514,0.0519766733050346,14.257923126220703
train,20260906_2144,t,0,empty,ok,34,36,4416,125.0,5862,2630,0.4486523370863187,3400,543,75.34421858356544,9.734999895095825,100,7.033479572984124,16,420.0,4.721677303314209,7.253558158874512,7.829706192016602,0.6999069452285767,0.6703923940658569,19.57563018798828,5.932017803192139,7.917308807373047,0.1302864253520965,0.1073314100503921,14.256146430969238,5.996438980102539,8.064264297485352,0.1234345659613609,0.0961379259824752,12.764424324035645,3.281975746154785,7.254887580871582,0.1093819290399551,0.0521627590060234,14.256176948547363
train,20260906_2145,t,0,empty,ok,52,53,6289,133.0,5910,1307,0.22115059221658206,5200,795,106.42546463249231,3.7660000324249268,100,4.47348457517209,44,500.0,4.641664028167725,7.249070644378662,7.8031415939331055,0.6909257173538208,0.6697096824645996,19.57318878173828,5.928282260894775,7.914878845214844,0.1286593973636627,0.1071464493870735,14.253812789916992,5.994283676147461,8.060364723205566,0.1254924833774566,0.0970548391342163,12.75758457183838,3.281103610992432,7.257506370544434,0.1098889410495758,0.0523478649556636,14.253819465637209
train,20260906_2146,t,0,empty,ok,48,48,6337,135.0,5998,1411,0.23524508169389796,4800,504,105.66773948467659,2.4679999351501465,100,7.75536515132392,29,350.0,4.787708282470703,7.247945785522461,7.814400672912598,0.6914069652557373,0.6687127947807312,19.57420921325684,5.928402900695801,7.909281253814697,0.130778506398201,0.1078518256545066,14.254517555236816,5.995213508605957,8.061479568481445,0.1244235709309578,0.0972635075449943,12.758048057556152,3.282011747360229,7.262588500976562,0.1114904880523681,0.0523789189755916,14.254520416259766
train,20260906_2147,t,0,empty,ok,29,29,3840,134.0,5977,3184,0.5327087167475322,2900,298,64.25595271080141,12.306000232696533,100,4.8523949612094635,13,210.0,4.7574849128723145,7.263036727905273,7.863382816314697,0.7098637223243713,0.6712268590927124,19.575532913208008,5.936798095703125,7.928091049194336,0.1287930160760879,0.106684572994709,14.256135940551758,5.995892524719238,8.059412956237793,0.1249363347887992,0.0971873477101326,12.76323127746582,3.283700704574585,7.260034561157227,0.1096816062927246,0.0522812530398368,14.256139755249023
train,20260906_2148,t,0,empty,ok,31,31,4237,133.0,5848,2736,0.46785225718194257,3100,245,72.45831534219333,18.058000087738037,100,11.05564826022669,17,240.0,5.162596225738525,7.249366283416748,7.825316429138184,0.6937581300735474,0.6675066351890564,19.57430458068848,5.928732872009277,7.920566558837891,0.1306132227182388,0.1071221530437469,14.254047393798828,5.995461463928223,8.056136131286621,0.1253643184900283,0.0967145040631294,12.755693435668944,3.281740427017212,7.267943382263184,0.1085680127143859,0.0524498522281646,14.254047393798828
train,20260906_2149,t,0,empty,ok,43,45,5997,134.0,5858,1447,0.24701263229771253,4300,237,102.38680593570268,5.45199990272522,100,6.325196144628381,27,,,,,,,,,,,,,,,,,,,,,,
train,20260906_2150,t,0,empty,ok,37,39,5097,132.0,5865,2126,0.36248934356351237,3700,320,86.91722626715884,9.032000064849854,100,7.991519151273742,19,290.0,4.866541862487793,7.2531938552856445,7.846236228942871,0.7011702656745911,0.6704978942871094,19.57672691345215,5.932147026062012,7.920496940612793,0.1275752633810043,0.1068020313978195,14.257172584533691,5.996690273284912,8.054722785949707,0.1249596551060676,0.0970992445945739,12.765438079833984,3.28296446800232,7.276363372802734,0.1101050600409507,0.0522158220410347,14.257172584533691
train,20260906_2151,t,0,empty,ok,50,51,6183,127.5,5999,1525,0.25420903483913987,5000,751,103.08264292868087,3.1470000743865967,100,9.35080700422742,36,510.0,4.976023197174072,7.247658252716064,7.811071395874023,0.6961379051208496,0.6687207221984863,19.574752807617188,5.928560733795166,7.905788421630859,0.1282790005207061,0.1071031391620636,14.254276275634766,5.995025634765625,8.054218292236328,0.1233769655227661,0.0966959223151207,12.755712509155272,3.282132625579834,7.271401882171631,0.1101030707359314,0.0522487796843051,14.254278182983398
train,20260906_2152,t,0,empty,ok,54,56,6779,132.5,5871,925,0.15755407937319027,5400,642,115.47961760166676,2.5439999103546143,100,5.483638357990575,48,440.0,4.624536037445068,7.246157169342041,7.807075500488281,0.6906145811080933,0.6698137521743774,19.573558807373047,5.927454948425293,7.892733573913574,0.1287497878074646,0.1067973002791404,14.252735137939451,5.994015693664551,8.050871849060059,0.1249434649944305,0.0974685028195381,12.751599311828612,3.281674385070801,7.273700714111328,0.1098761707544326,0.0518045090138912,14.252735137939451
train,20260906_2153,t,0,empty,ok,35,35,4753,133.0,4715,1255,0.26617179215270415,3500,276,100.82518395305044,2.7039999961853027,100,2.166698905679752,17,350.0,4.581568241119385,7.2385053634643555,7.789919376373291,0.6903983950614929,0.6669315695762634,19.576698303222656,5.924445629119873,7.894777774810791,0.1314361244440078,0.1076027601957321,14.256499290466309,5.995992660522461,8.054810523986816,0.1259215474128723,0.0976001620292663,12.759844779968262,3.281439781188965,7.27299690246582,0.1092288941144943,0.0518288649618625,14.256499290466309
train,20260906_2154,t,0,empty,ok,48,49,6269,133.0,5923,1319,0.2226912037818673,4800,497,105.8595068721941,2.5320000648498535,100,5.1531869315828125,30,380.0,4.441988945007324,7.246391296386719,7.816481590270996,0.696485161781311,0.6697275042533875,19.57937431335449,5.929600715637207,7.901902675628662,0.1299074292182922,0.1071641519665718,14.258469581604004,6.000975131988525,8.061236381530762,0.1251827180385589,0.0968779027462005,12.765883445739746,3.28334641456604,7.282691955566406,0.1127310842275619,0.0526026524603366,14.258482933044434
train,20260906_2155,t,0,empty,ok,40,42,5028,129.5,5785,2093,0.36179775280898874,4000,583,86.92194653838955,8.210999965667725,100,5.859519024731121,28,380.0,4.882683277130127,7.255164623260498,7.849704265594482,0.7013465166091919,0.6707153916358948,19.579858779907227,5.93586015701294,7.904747009277344,0.1265592128038406,0.1053028404712677,14.258989334106444,5.999382495880127,8.062104225158691,0.1245495676994323,0.0972231328487396,12.766974449157717,3.2844645977020264,7.287606239318848,0.1090688854455947,0.0513435341417789,14.258999824523926
train,20260906_2158,t,0,empty,ok,48,50,6362,133.0,5897,1211,0.2053586569442089,4800,469,107.90183347813836,2.634000301361084,100,2.5187492012598094,34,340.0,4.676868438720703,7.240485191345215,7.779597282409668,0.6959606409072876,0.6676540970802307,19.580907821655277,5.928010940551758,7.913165092468262,0.129608005285263,0.1063604354858398,14.259617805480955,6.0017619132995605,8.062564849853516,0.1238997727632522,0.096245639026165,12.76815128326416,3.2838923931121826,7.291019916534424,0.1097848862409591,0.051568791270256,14.259665489196776
train,20260906_2159,t,0,empty,ok,44,45,5845,131.5,5825,1613,0.2769098712446352,4400,581,100.35023855427191,2.5430002212524414,100,3.463378205368678,26,500.0,4.702428340911865,7.255916595458984,7.821938991546631,0.6865928173065186,0.6695230007171631,19.581666946411133,5.936334133148193,7.924032688140869,0.1278047114610672,0.107152059674263,14.26075267791748,6.002945423126221,8.062434196472168,0.1240367591381073,0.0966514572501182,12.77053165435791,3.2854528427124023,7.286455154418945,0.110055461525917,0.0522034056484699,14.260772705078123
train,20260906_2200,t,0,empty,ok,45,46,6217,134.0,5995,1437,0.23969974979149292,4500,259,103.7203869547059,6.642000198364258,100,3.5551692050026134,29,400.0,4.928064823150635,7.249137878417969,7.81059455871582,0.6952441930770874,0.6684616208076477,19.582799911499023,5.932538986206055,7.928521633148193,0.1292240917682647,0.1066835522651672,14.2614107131958,6.002540111541748,8.063905715942383,0.123465359210968,0.0959300622344017,12.770545959472656,3.284672737121582,7.286487579345703,0.1096731200814247,0.0521168671548366,14.261441230773926
train,20260906_2201,t,0,empty,ok,48,49,6437,134.0,5802,1079,0.18597035504998277,4800,306,110.9559758044308,1.123999834060669,100,4.33043339696585,29,410.0,4.854921817779541,7.246491432189941,7.790385723114014,0.6914101243019104,0.667908787727356,19.581769943237305,5.931801795959473,7.929360866546631,0.1316694319248199,0.1075355187058448,14.259722709655762,6.002136707305908,8.062139511108398,0.1247041597962379,0.0976058021187782,12.765487670898438,3.2852566242218018,7.285775184631348,0.1108698099851608,0.0520983152091503,14.259727478027344
train,20260906_2202,t,0,empty,ok,47,49,6024,134.0,5960,1476,0.24765100671140938,4700,621,101.07552144018247,3.608999729156494,100,3.859393281870077,31,420.0,4.489041805267334,7.250836372375488,7.819282531738281,0.6898108720779419,0.6693664193153381,19.583391189575195,5.936678886413574,7.931015014648437,0.1289447546005249,0.1067759022116661,14.261746406555176,6.000676155090332,8.0601167678833,0.1245044991374015,0.0968267545104026,12.770389556884766,3.285765647888184,7.287604808807373,0.109306052327156,0.0520916767418384,14.261756896972656
train,20260906_2203,t,0,empty,ok,36,36,4900,133.0,5904,2294,0.38855013550135503,3600,274,83.00582725669271,9.134999990463257,100,2.2978657888794913,20,230.0,4.535885334014893,7.250179767608643,7.833578109741211,0.7043102383613586,0.6694173216819763,19.58460235595703,5.935832977294922,7.937839031219482,0.130181148648262,0.1053619459271431,14.263090133666992,6.003643989562988,8.060266494750977,0.1237365454435348,0.0960517525672912,12.773268699645996,3.285543918609619,7.29025936126709,0.1073176711797714,0.0505044944584369,14.26310920715332
train,20260906_2204,t,0,empty,ok,38,39,5104,131.0,5890,2134,0.36230899830220714,3800,435,86.66859072738407,8.155999898910522,100,2.292124215945441,18,360.0,4.779305934906006,7.251860618591309,7.833410263061523,0.6980466842651367,0.6693044900894165,19.58168601989746,5.935305118560791,7.942033767700195,0.1290688216686248,0.1063917800784111,14.259922981262209,6.001009941101074,8.06054973602295,0.1239546239376068,0.0967999249696731,12.76323127746582,3.2844760417938232,7.290685653686523,0.1082250475883483,0.0517987422645092,14.259939193725586
train,20260906_2205,t,0,empty,ok,29,31,4073,132.0,5887,2902,0.49295056905045015,2900,249,69.19104414016678,10.2260000705719,100,16.795307307207835,16,260.0,4.844032287597656,7.249415874481201,7.81938362121582,0.704359769821167,0.6705926060676575,19.581323623657227,5.934666633605957,7.940454959869385,0.129995048046112,0.108254499733448,14.25943374633789,6.000064849853516,8.07004165649414,0.125635415315628,0.0972413420677185,12.760151863098145,3.2842674255371094,7.294253349304199,0.1102933436632156,0.0522506088018417,14.259450912475586
train,20260906_2206,t,0,empty,ok,47,49,5898,129.0,5889,1546,0.26252334861606386,4700,641,100.16643461595797,2.3380000591278076,100,3.0699299006766516,32,470.0,4.917768478393555,7.243204116821289,7.786492347717285,0.6958603262901306,0.6697123646736145,19.581682205200195,5.930700302124023,7.940521717071533,0.1306889653205871,0.1081854328513145,14.259878158569336,6.000660419464111,8.070719718933105,0.1251464784145355,0.0974646657705307,12.75987434387207,3.283625364303589,7.291075229644775,0.1104186028242111,0.0522571094334125,14.259881973266602
train,20260906_2207,t,0,empty,ok,33,35,4804,133.0,4884,1362,0.2788697788697789,3300,185,98.37005494670464,2.944000005722046,100,6.398538022799615,16,220.0,4.795468330383301,7.249204635620117,7.815396308898926,0.6932531595230103,0.6671263575553894,19.58367347717285,5.933696269989014,7.938673973083496,0.1320370137691497,0.1064142063260078,14.261454582214355,6.001338958740234,8.064066886901855,0.1256853193044662,0.0966357663273811,12.763972282409668,3.28425669670105,7.296651840209961,0.1101764291524887,0.051834475249052,14.26146125793457
train,20260906_2208,t,0,empty,ok,38,38,4887,133.0,5740,2140,0.37282229965156793,3800,445,85.14085586350616,9.013999700546265,100,7.689460227666393,27,300.0,4.893831253051758,7.248397350311279,7.802247047424316,0.692330002784729,0.6689677834510803,19.584300994873047,5.936052322387695,7.944296836853027,0.1303698420524597,0.1080107018351554,14.26130199432373,6.002460956573486,8.06500244140625,0.1254199296236038,0.0965897068381309,12.76315975189209,3.286130905151367,7.301222324371338,0.1097998619079589,0.0525407269597053,14.26130199432373
train,20260906_2209,t,0,empty,ok,51,51,5949,130.0,5842,1455,0.24905854159534407,5100,883,101.83679357185933,1.8410000801086426,100,9.646938124353499,38,550.0,4.804512023925781,7.242696762084961,7.794946670532227,0.6948423385620117,0.6688173413276672,19.58202743530273,5.932066440582275,7.932790756225586,0.1302191764116287,0.1064623072743415,14.2589111328125,5.999789237976074,8.067192077636719,0.1243353337049484,0.0968305841088295,12.755313873291016,3.28444504737854,7.298876762390137,0.1082755029201507,0.0515286922454834,14.258912086486816
train,20260906_2210,t,0,empty,ok,49,49,6214,133.0,5908,1353,0.22901150981719703,4900,485,105.17941829893839,4.414999961853027,100,10.567781989704294,38,500.0,4.838119029998779,7.249899864196777,7.8092360496521,0.687720000743866,0.668205201625824,19.5830020904541,5.937354564666748,7.933454990386963,0.1300324499607086,0.107172705233097,14.260311126708984,6.001518726348877,8.062488555908203,0.1254847049713134,0.0975376144051551,12.757144927978516,3.2861039638519287,7.298103332519531,0.1088373735547065,0.0517887957394123,14.260311126708984
train,20260906_2211,t,0,empty,ok,26,27,3864,134.0,5989,3152,0.5262982133912172,2600,129,64.52259275804862,13.878000020980835,100,3.22683015189601,9,220.0,4.55510950088501,7.249595642089844,7.830940723419189,0.6936934590339661,0.6677268147468567,19.58498954772949,5.937338829040527,7.935858249664307,0.1296500265598297,0.1070217192173004,14.262516975402832,6.001826763153076,8.061847686767578,0.1252475678920745,0.0973057597875595,12.762463569641112,3.2851674556732178,7.29631233215332,0.1098441779613494,0.052091185003519,14.262516975402832
train,20260906_2212,t,0,empty,ok,39,40,5190,133.0,5889,2056,0.3491254881983359,3900,407,88.13041283353166,9.157000064849854,100,5.880334432313591,24,410.0,4.654438018798828,7.245123386383057,7.806151866912842,0.6958504915237427,0.6682001948356628,19.58638572692871,5.9361572265625,7.9427080154418945,0.1306813657283783,0.1076744347810745,14.262715339660645,6.002573013305664,8.056882858276367,0.1249598339200019,0.0972480848431587,12.762758255004885,3.2864341735839844,7.301691055297852,0.1105321794748306,0.0522285997867584,14.262723922729492
train,20260906_2213,t,0,empty,ok,37,38,4882,133.0,5590,1993,0.35652951699463326,3700,425,87.34077586940545,5.047000169754028,100,9.867132397069346,24,290.0,5.056257724761963,7.248484134674072,7.813468933105469,0.6938361525535583,0.670007050037384,19.58637237548828,5.936521053314209,7.946429252624512,0.1302523612976074,0.1062177494168281,14.262946128845217,6.002436637878418,8.058533668518066,0.1246334537863731,0.096937708556652,12.762171745300291,3.285179615020752,7.298669815063477,0.1091646179556846,0.0516705773770809,14.262946128845217
train,20260906_2214,t,0,empty,ok,34,36,4832,132.0,5744,2199,0.3828342618384401,3400,347,84.12402703893066,10.758000135421753,100,13.097532818714669,16,430.0,4.735697746276856,7.24578857421875,7.80554723739624,0.6979943513870239,0.6686834096908569,19.584806442260746,5.937251567840576,7.950754165649414,0.1301604509353637,0.1064063161611557,14.261091232299805,6.001748085021973,8.059574127197266,0.1249766945838928,0.0966332405805587,12.75582790374756,3.286238431930542,7.303430557250977,0.108878493309021,0.0517793446779251,14.261091232299805
train,20260906_2215,t,0,empty,ok,45,46,5336,132.0,5926,1896,0.31994600067499157,4500,767,90.04539385295597,6.763000011444092,100,10.768599016034376,29,350.0,4.680283069610596,7.246034145355225,7.806484222412109,0.6929740905761719,0.6698752045631409,19.58602333068848,5.939859390258789,7.950263500213623,0.1303080320358276,0.1064338982105255,14.262481689453123,6.00261116027832,8.058489799499512,0.1236758753657341,0.0963867008686065,12.759183883666992,3.287055969238281,7.301403999328613,0.1094249486923217,0.0516336224973201,14.262481689453123
train,20260906_2217,t,0,empty,ok,39,41,5184,133.0,5759,1934,0.3358221913526654,3900,251,90.02031725242168,14.332000017166138,100,3.3354364580453026,29,310.0,4.572543144226074,7.245289802551269,7.794365882873535,0.6923260688781738,0.6683192849159241,19.58951187133789,5.938938140869141,7.946030139923096,0.1299535781145095,0.1062472239136695,14.265045166015623,6.004299163818359,8.055368423461914,0.1235718354582786,0.0955843403935432,12.764575958251951,3.286824941635132,7.305740356445312,0.1095582395792007,0.0517078824341297,14.265045166015623
train,20260906_2218,t,0,empty,ok,39,40,4818,133.0,5666,2133,0.376456053653371,3900,447,85.0350342719081,11.911999940872192,100,5.428700361930066,32,200.0,4.734152317047119,7.247457981109619,7.820355415344238,0.7110943794250488,0.6719719767570496,19.58873176574707,5.942833423614502,7.949071884155273,0.1324516385793686,0.1075104251503944,14.264442443847656,6.005738735198975,8.059823036193848,0.1258681565523147,0.0977412462234497,12.761252403259276,3.2886264324188232,7.313564300537109,0.1120553463697433,0.0520797967910766,14.264444351196287
train,20260906_2219,t,0,empty,ok,48,50,6559,133.0,5963,1187,0.19906087539828946,4800,459,109.99496920404023,2.047999858856201,100,5.161626156120706,34,490.0,4.406485080718994,7.248722553253174,7.795721054077148,0.689720094203949,0.6695773601531982,19.59053421020508,5.943154811859131,7.951235771179199,0.1292551010847091,0.1065635904669761,14.266489028930664,6.003692626953125,8.05527114868164,0.1242123842239379,0.0969428718090057,12.76797580718994,3.287757635116577,7.31740665435791,0.1084932014346122,0.0518359206616878,14.266490936279297
train,20260906_2220,t,0,empty,ok,55,56,6765,132.0,5987,1039,0.17354267579756139,5500,714,113.00992284409635,2.361999750137329,100,11.596154948076856,47,460.0,4.505247116088867,7.253936767578125,7.817574501037598,0.6911441683769226,0.668704092502594,19.591800689697266,5.948451042175293,7.949440956115723,0.1286137104034423,0.106742076575756,14.267566680908203,6.007122993469238,8.053863525390625,0.1245094984769821,0.0961367711424827,12.769803047180176,3.29028058052063,7.330595016479492,0.1092032343149185,0.0523391403257846,14.267568588256836
train,20260906_2221,t,0,empty,ok,37,39,5030,133.0,5770,2083,0.3610051993067591,3700,338,87.18562032104366,10.111999988555908,100,5.120382236965077,22,220.0,4.714221000671387,7.248501777648926,7.8022003173828125,0.696422278881073,0.6690962314605713,19.59326171875,5.947119235992432,7.937865734100342,0.132225289940834,0.1063869073987007,14.268160820007324,6.009907245635986,8.066651344299316,0.1255722641944885,0.0966363102197647,12.774786949157717,3.291066169738769,7.342727184295654,0.109376311302185,0.0517815090715885,14.268176078796388
train,20260906_2222,t,0,empty,ok,39,40,4559,133.0,4615,1190,0.25785482123510295,3900,746,98.80155193893962,1.4930000305175781,100,12.54010818743884,27,390.0,4.921939849853516,7.244792938232422,7.798213958740234,0.699505090713501,0.6694361567497253,19.59425163269043,5.947797775268555,7.947668075561523,0.1321213692426681,0.1073115542531013,14.26967430114746,6.010602951049805,8.070087432861328,0.1255890727043151,0.0970526039600372,12.77704906463623,3.291324615478516,7.34808349609375,0.1092941984534263,0.052174225449562,14.269803047180176
train,20260906_2223,t,0,empty,ok,54,55,6722,129.5,5918,1019,0.1721865495099696,5400,694,113.5914290146543,1.7599999904632568,100,3.7034061071058613,46,460.0,5.014822483062744,7.248885631561279,7.815832138061523,0.7005699872970581,0.670408308506012,19.59312629699707,5.946731090545654,7.929840087890625,0.1313054114580154,0.1071187779307365,14.26855754852295,6.010028839111328,8.071340560913086,0.1242432445287704,0.0968894809484481,12.772490501403809,3.290247201919556,7.336567878723144,0.1104122996330261,0.0526458211243152,14.268574714660645
train,20260906_2225,t,0,empty,ok,39,40,5180,133.0,5997,2168,0.3615140903785226,3900,354,86.3866053314264,6.994999885559082,100,4.113803546472512,24,430.0,5.045471668243408,7.251662731170654,7.811822891235352,0.6979366540908813,0.6694414615631104,19.591739654541016,5.94796085357666,7.935948371887207,0.1295070797204971,0.1068645864725112,14.266406059265137,6.01077127456665,8.06828784942627,0.1245232969522476,0.0966907069087028,12.76620864868164,3.291440010070801,7.342142105102539,0.1084045618772506,0.0513697043061256,14.266406059265137
train,20260906_2226,t,0,empty,ok,49,50,5975,121.0,5842,1481,0.25350907223553576,4900,772,102.28187032419278,1.9179999828338623,100,4.497447497753182,37,500.0,5.284357070922852,7.251206398010254,7.80935525894165,0.6928697824478149,0.6700105667114258,19.590835571289062,5.949997425079346,7.95526123046875,0.1289166957139969,0.1065883561968803,14.2659912109375,6.009247303009033,8.071651458740234,0.1246418952941894,0.0964339599013328,12.765266418457031,3.2914533615112305,7.347589015960693,0.1079906970262527,0.0517826899886131,14.2659912109375
train,20260906_2227,t,0,empty,ok,29,30,3753,131.0,5992,3261,0.5442256341789052,2900,378,62.63769288552926,13.440999984741211,100,5.919870177723569,18,370.0,4.473512649536133,7.246580123901367,7.804454803466797,0.6947313547134399,0.669994592666626,19.591524124145508,5.950109958648682,7.953876972198486,0.1315007358789444,0.1067177876830101,14.266387939453123,6.011088848114014,8.07303524017334,0.1245390847325325,0.0960924252867698,12.766357421875,3.2919909954071045,7.346615314483643,0.1078732460737228,0.0517184473574161,14.266387939453123
train,20260906_2228,t,0,empty,ok,38,38,4789,134.0,5916,2407,0.4068627450980392,3800,540,80.95817722808901,12.82699990272522,100,7.274990129000983,23,210.0,5.242173194885254,7.251581192016602,7.834624767303467,0.6978540420532227,0.6675131916999817,19.59162330627441,5.951732635498047,7.952635288238525,0.1298248171806335,0.1057602688670158,14.266265869140623,6.01199197769165,8.073983192443848,0.1251791566610336,0.0963513255119323,12.768101692199709,3.292365074157715,7.339405059814453,0.1089603900909423,0.0516559779644012,14.266265869140623
train,20260906_2230,t,0,empty,ok,40,42,5441,134.0,5146,1154,0.22425184609405363,4000,317,105.74082693020878,2.3450000286102295,100,5.909976774310768,26,370.0,4.808236598968506,7.244259834289551,7.818181991577148,0.7026888132095337,0.6730846762657166,19.590763092041016,5.950984001159668,7.947008609771728,0.1295240521430969,0.1066096499562263,14.266205787658691,6.011909008026123,8.07631778717041,0.1235993579030036,0.0962047278881073,12.769700050354004,3.292587757110596,7.337967872619629,0.1080520302057266,0.0517826601862907,14.266205787658691
train,20260906_2231,t,0,empty,ok,50,52,5759,127.5,5555,1258,0.22646264626462645,5000,919,103.6779665349884,2.5460000038146973,100,3.9737626301090776,44,520.0,4.844076156616211,7.243307113647461,7.801674842834473,0.697494387626648,0.6694227457046509,19.590309143066406,5.950571060180664,7.947813510894775,0.1291526556015014,0.1059593707323074,14.264643669128418,6.01209831237793,8.080239295959473,0.123089775443077,0.0957040339708328,12.76640796661377,3.2927944660186768,7.342290878295898,0.1083150058984756,0.0514028593897819,14.26464557647705
train,20260906_2233,t,0,empty,ok,47,48,6132,133.0,5902,1411,0.23907150118603862,4700,534,103.90578689948181,2.4850001335144043,100,8.58459529121807,27,330.0,4.49652624130249,7.243942737579346,7.8046793937683105,0.6922348737716675,0.6688783168792725,19.592214584350582,5.9520368576049805,7.947012424468994,0.1311552822589874,0.1071649119257927,14.26654052734375,6.011789321899414,8.079960823059082,0.1247958540916442,0.0960658341646194,12.769309043884276,3.292982339859009,7.335750579833984,0.109078362584114,0.0521873347461223,14.26654052734375
train,20260906_2234,t,0,empty,ok,43,43,5506,133.0,5723,1664,0.290756596190809,4300,591,96.21500664506482,3.062999963760376,100,2.4539515771825617,27,420.0,4.783984184265137,7.241028785705566,7.797743797302246,0.7004292607307434,0.6706293821334839,19.59477806091309,5.9511799812316895,7.945433616638184,0.1287090182304382,0.1059712693095207,14.269762992858888,6.014749526977539,8.082316398620605,0.1234517097473144,0.0961290150880813,12.779415130615234,3.29280161857605,7.331268310546875,0.1086316704750061,0.0513465665280818,14.269762992858888
train,20260906_2235,t,0,empty,ok,50,51,5670,132.5,5994,1704,0.28428428428428426,5000,1026,94.60564320583367,2.441999912261963,100,5.186633116167496,34,480.0,4.557260513305664,7.242203235626221,7.787416458129883,0.6943265199661255,0.669414758682251,19.5944938659668,5.952025890350342,7.949777126312256,0.1305261850357055,0.1057611480355262,14.26921272277832,6.015539646148682,8.08261489868164,0.1229194700717926,0.0958358570933342,12.77834415435791,3.292965888977051,7.330835342407227,0.1096353232860565,0.0517531260848045,14.269214630126951
train,20260906_2236,t,0,empty,ok,38,40,5232,134.0,5930,2089,0.35227655986509276,3800,243,88.23231833204231,6.826000213623047,100,2.719984299083157,23,340.0,4.980381965637207,7.248290061950684,7.819098472595215,0.6927953958511353,0.668826699256897,19.59433937072754,5.955954551696777,7.95636510848999,0.1282609552145004,0.1057024225592613,14.269268035888672,6.015263080596924,8.082803726196289,0.1255245506763458,0.0960709154605865,12.776336669921877,3.2942798137664795,7.331219673156738,0.1089939698576927,0.0512805171310901,14.269268035888672
train,20260906_2237,t,0,empty,ok,38,40,5049,134.0,5559,1859,0.3344126641482281,3800,347,90.84039534219636,7.437000036239624,100,3.0370168239543327,24,230.0,5.562348365783691,7.24596357345581,7.805202007293701,0.697172999382019,0.6682885885238647,19.595705032348636,5.954768657684326,7.95319652557373,0.1322161555290222,0.1045776158571243,14.26991081237793,6.017614841461182,8.087875366210938,0.1244314014911651,0.0954430326819419,12.778519630432127,3.294642448425293,7.326940059661865,0.1097141355276107,0.0516162626445293,14.26991081237793
train,20260906_2238,t,0,empty,ok,47,48,6050,134.0,5830,1329,0.227958833619211,4700,460,103.78426612179264,4.178999900817871,100,2.025857122869202,35,170.0,5.122653961181641,7.242585182189941,7.809209823608398,0.7094070911407471,0.6690754890441895,19.59250831604004,5.951591968536377,7.956823825836182,0.1310269087553024,0.1060838922858238,14.266400337219238,6.0137786865234375,8.080129623413086,0.1238034814596176,0.0959331393241882,12.768710136413574,3.2931644916534424,7.332186698913574,0.110790342092514,0.0524215959012508,14.266400337219238
train,20260906_2239,t,0,empty,ok,36,37,5030,134.0,5942,2245,0.3778189161898351,3600,197,84.65305723066285,9.973000049591064,100,1.5565926866236377,24,230.0,4.683094024658203,7.23151969909668,7.759482383728027,0.6972374320030212,0.6674566268920898,19.59449958801269,5.949525356292725,7.955533027648926,0.1345018446445465,0.1064172536134719,14.268312454223633,6.015208721160889,8.078408241271973,0.1244479566812515,0.0957815945148468,12.775360107421877,3.2930405139923096,7.3271636962890625,0.108921080827713,0.0519337579607963,14.268312454223633
train,20260906_2240,t,0,empty,ok,44,45,6104,134.0,5978,1514,0.2532619605219137,4400,315,102.1196861426601,4.109999895095825,100,6.769105337488984,26,410.0,4.88106632232666,7.242580890655518,7.791107177734375,0.6968833208084106,0.6691088676452637,19.593114852905277,5.954305648803711,7.95713996887207,0.1294460296630859,0.1056677550077438,14.26671028137207,6.015737533569336,8.077142715454102,0.1239484548568725,0.095525711774826,12.768787384033203,3.294134616851806,7.325883865356445,0.1087470650672912,0.0517438799142837,14.26671028137207
train,20260906_2241,t,0,empty,ok,48,50,5790,113.5,5842,1621,0.2774734679904142,4800,783,99.12516475794861,2.828000068664551,100,2.340660614833339,38,570.0,4.529263973236084,7.244522571563721,7.80424690246582,0.6884826421737671,0.6685998439788818,19.59337043762207,5.956624984741211,7.957703113555908,0.12948539853096,0.1064187437295913,14.266982078552246,6.015035629272461,8.076668739318848,0.1235705539584159,0.0962264239788055,12.769790649414062,3.294468879699707,7.324532508850098,0.1101016104221344,0.0520745627582073,14.266982078552246
train,20260906_2243,t,0,empty,ok,40,40,5778,136.0,5937,1732,0.29172982988041096,4000,329,97.33499547040043,3.943000078201294,100,5.890052677027845,19,350.0,4.805793762207031,7.237711429595947,7.772273063659668,0.6917006969451904,0.6680911183357239,19.59646987915039,5.955423355102539,7.956260681152344,0.1301551610231399,0.1055367588996887,14.270875930786133,6.017521858215332,8.078201293945312,0.1241310760378837,0.0959965586662292,12.77692699432373,3.294808387756348,7.321340084075928,0.1077263131737709,0.0511977113783359,14.270875930786133
train,20260906_2244,t,0,empty,ok,23,25,3553,136.0,5977,3399,0.5686799397691149,2300,77,59.44851608349257,13.547000169754028,100,0.9826323246721662,13,200.0,4.362277030944824,7.241541862487793,7.815215110778809,0.7080657482147217,0.6692248582839966,19.59821510314941,5.957629203796387,7.961023330688477,0.133242130279541,0.1066579148173332,14.27241325378418,6.020257472991943,8.081411361694336,0.1237609609961509,0.0953085348010063,12.781048774719238,3.296106576919556,7.321964263916016,0.108826532959938,0.0521695800125598,14.27241325378418
train,20260906_2245,t,0,empty,ok,44,46,5674,134.0,5553,1366,0.24599315685215198,4400,548,102.18268239647064,3.131999969482422,100,1.9149146115412548,29,380.0,4.83907413482666,7.241042137145996,7.800156116485596,0.6998562216758728,0.6691066026687622,19.596599578857425,5.958818435668945,7.966113090515137,0.1289568692445755,0.1063825562596321,14.270045280456545,6.01840877532959,8.080812454223633,0.1237387806177139,0.0960389599204063,12.77692699432373,3.295251607894897,7.329090118408203,0.1092636287212371,0.0519057288765907,14.27004623413086
train,20260906_2246,t,0,empty,ok,42,43,5573,134.0,5776,1714,0.29674515235457066,4200,308,96.49548052018993,8.148000001907349,100,1.8656149865980822,28,490.0,4.627974510192871,7.241585731506348,7.792284965515137,0.6939585208892822,0.6700848937034607,19.597814559936523,5.957844734191895,7.960869789123535,0.1312659829854965,0.1062228605151176,14.27186679840088,6.019112586975098,8.083406448364258,0.1251648664474487,0.0966894254088401,12.779845237731934,3.29468321800232,7.32465934753418,0.1092874556779861,0.0517337210476398,14.27186679840088
train,20260906_2247,t,0,empty,ok,40,41,4923,134.0,5999,2405,0.4009001500250042,4000,652,82.07188588058774,4.629999876022339,100,3.2905641080416634,25,420.0,4.702718734741211,7.238852500915527,7.779376029968262,0.6880558729171753,0.668566882610321,19.598241806030277,5.958027362823486,7.957921028137207,0.1316607892513275,0.1054990291595459,14.271798133850098,6.019467830657959,8.086528778076172,0.1255078911781311,0.0960772708058357,12.779892921447754,3.29514217376709,7.325998306274414,0.1095571815967559,0.0514703765511512,14.271798133850098
train,20260906_2248,t,0,empty,ok,29,31,3825,134.0,5068,2273,0.4485003946329913,2900,386,75.4765381825534,11.112000226974487,100,8.990151716677431,15,210.0,4.388744831085205,7.244604587554932,7.82172966003418,0.697596549987793,0.6677869558334351,19.59922981262207,5.960641860961914,7.960631370544434,0.1329628229141235,0.1067504733800888,14.272950172424316,6.020018100738525,8.087382316589355,0.1252023428678512,0.0953402742743492,12.781208992004396,3.29484224319458,7.329619407653809,0.1103284806013107,0.0520215928554534,14.272950172424316
train,20260906_2249,t,0,empty,ok,37,38,4548,133.0,4898,1514,0.30910575745202123,3700,562,92.86939497682744,5.26800012588501,100,3.8128236652924508,27,450.0,4.701770782470703,7.248544692993164,7.828633785247803,0.6982384920120239,0.6711013317108154,19.59868049621582,5.963644027709961,7.9672417640686035,0.1292402595281601,0.1061103120446205,14.272258758544922,6.019610404968262,8.092687606811523,0.1237232089042663,0.095567986369133,12.780715942382812,3.295091390609741,7.335505485534668,0.1095317974686622,0.0518668964505195,14.272263526916504
train,20260906_2250,t,0,empty,ok,37,38,5197,135.0,5805,2010,0.3462532299741602,3700,207,89.5355245448197,11.01800012588501,100,7.146669289997577,25,170.0,4.406434059143066,7.241589546203613,7.819252014160156,0.7134334444999695,0.6703324913978577,19.598596572875977,5.958740234375,7.961344242095947,0.1313262581825256,0.1044812723994255,14.272051811218262,6.020623683929443,8.093305587768555,0.1252837926149368,0.0962959304451942,12.781139373779297,3.2942140102386475,7.333019256591797,0.1092940270900726,0.0507405400276184,14.272051811218262
train,20260906_2251,t,0,empty,ok,50,52,6133,127.5,5686,1138,0.2001406964474147,5000,771,107.87469407603996,1.0859999656677246,100,1.9305166360712456,38,440.0,5.004599094390869,7.240084648132324,7.781464576721191,0.6969075202941895,0.6707243919372559,19.5976619720459,5.960536003112793,7.962336540222168,0.1278078854084015,0.1053737327456474,14.271462440490724,6.018073081970215,8.091690063476562,0.1239590942859649,0.0962629467248916,12.776982307434082,3.29498291015625,7.331182479858398,0.1084555983543396,0.0512786395847797,14.271464347839355
train,20260906_2252,t,0,empty,ok,31,32,4267,134.0,4836,1699,0.3513234077750207,3100,175,88.24137612032042,14.773000001907349,100,4.474501406148322,25,210.0,4.6753034591674805,7.243295669555664,7.812138557434082,0.7011200189590454,0.6681209206581116,19.59937286376953,5.958892822265625,7.9584736824035645,0.1339484006166458,0.1059606745839119,14.272727012634276,6.019138813018799,8.097423553466797,0.1247267127037048,0.0950358584523201,12.7809476852417,3.294173240661621,7.331079483032227,0.1084740310907363,0.0510604418814182,14.272727012634276
train,20260906_2253,t,0,empty,ok,39,39,5476,134.0,5727,1734,0.3027763226820325,3900,232,95.62226070564347,6.382999897003174,100,4.492221983453095,25,314.0,4.90286922454834,7.245816230773926,7.817777633666992,0.7021881937980652,0.6698575019836426,19.596954345703125,5.961906909942627,7.962118625640869,0.1311538070440292,0.1057099997997284,14.26994800567627,6.018113613128662,8.095260620117188,0.1245970129966735,0.0960390046238899,12.773520469665527,3.2951223850250244,7.344231605529785,0.1084219738841056,0.0519922338426113,14.26994800567627
train,20260906_2255,t,0,empty,ok,43,44,5573,134.0,5999,1936,0.3227204534089015,4300,462,92.90501107474292,5.401000022888184,100,1.6924502757810083,29,500.0,4.887697219848633,7.244060039520264,7.800388336181641,0.6867818236351013,0.6693548560142517,19.60138702392578,5.9625630378723145,7.961281299591064,0.1288990676403045,0.1060568615794181,14.274734497070312,6.021780014038086,8.105459213256836,0.1247110515832901,0.0959523916244506,12.787275314331056,3.295173168182373,7.342472076416016,0.1093169152736663,0.0516000278294086,14.274734497070312
train,20260906_2256,t,0,empty,ok,36,37,4890,134.0,5977,2394,0.4005353856449724,3600,307,81.81909475043025,9.415000200271606,100,10.667959866462503,18,240.0,4.436400890350342,7.245736598968506,7.80788516998291,0.6930211782455444,0.6682531833648682,19.602474212646484,5.963287353515625,7.959327697753906,0.1322104334831237,0.1071008369326591,14.27589225769043,6.02294921875,8.108846664428711,0.1235095486044883,0.0950228422880172,12.79085922241211,3.294620513916016,7.344890594482422,0.1110009774565696,0.0521254912018775,14.27589511871338
train,20260906_2257,t,0,empty,ok,44,46,6636,134.5,5950,1115,0.18739495798319328,4400,185,111.53316095371102,1.627000331878662,100,2.483244967123717,22,290.0,4.8571553230285645,7.239972114562988,7.790203094482422,0.6921609044075012,0.6668201088905334,19.60216522216797,5.962780952453613,7.96349573135376,0.131179854273796,0.1057224720716476,14.275117874145508,6.023381233215332,8.109609603881836,0.12423587590456,0.0961164757609367,12.7891206741333,3.2953989505767822,7.345738410949707,0.1082479655742645,0.0514790005981922,14.27512264251709
train,20260906_2258,t,0,empty,ok,37,38,4809,131.0,5999,2431,0.40523420570095015,3700,547,80.17672554969573,10.379000186920166,100,10.695247708275373,20,480.0,4.950836658477783,7.238802433013916,7.787967205047607,0.6989957094192505,0.6698293685913086,19.5982608795166,5.961244583129883,7.96569299697876,0.1315903663635254,0.1062021180987358,14.271195411682127,6.020255088806152,8.104146957397461,0.1240634620189666,0.0959084257483482,12.776854515075684,3.2957448959350586,7.347067356109619,0.1088889688253402,0.0516260862350463,14.271195411682127
train,20260906_2259,t,0,empty,ok,41,43,5887,134.0,5977,1648,0.275723607160783,4100,381,98.49917184977191,3.0439999103546143,100,5.9429279888036985,19,350.0,4.9770050048828125,7.244976043701172,7.806732177734375,0.6934499740600586,0.6692509055137634,19.59773063659668,5.964985370635986,7.957717895507812,0.1294526904821396,0.1065684035420417,14.270442008972168,6.019880771636963,8.099191665649414,0.1247955560684204,0.095921091735363,12.77395248413086,3.2962803840637207,7.346417903900146,0.1078873425722122,0.0516527593135833,14.270442008972168
train,20260906_2300,t,0,empty,ok,28,29,3633,128.0,5863,3159,0.5388026607538803,2800,312,61.969092036244845,13.914999961853027,100,7.3908385615221395,13,180.0,4.76932430267334,7.253258228302002,7.8395795822143555,0.7011784315109253,0.6686124205589294,19.60165405273437,5.968037128448486,7.967349529266357,0.1299099326133728,0.1051891446113586,14.274072647094728,6.023007869720459,8.11119270324707,0.1250846534967422,0.0948797836899757,12.784567832946776,3.295515298843384,7.354856491088867,0.1085925847291946,0.0513130389153957,14.274072647094728
train,20260906_2301,t,0,empty,ok,53,55,5634,105.0,5861,1578,0.26923733151339363,5300,1208,96.13514202143789,1.4649999141693115,100,5.997646767131297,44,300.0,4.659425258636475,7.244130611419678,7.819140434265137,0.7035675644874573,0.6722168326377869,19.598955154418945,5.966770172119141,7.970019817352295,0.128574326634407,0.1059088557958602,14.271539688110352,6.019640922546387,8.10592269897461,0.1245190352201461,0.095902994275093,12.776638984680176,3.2957937717437744,7.349742412567139,0.1082882210612297,0.05181834846735,14.271539688110352
train,20260906_2302,t,0,empty,ok,33,34,4171,123.0,5881,2744,0.466587315082469,3300,443,70.92934295001834,12.462000131607056,100,7.313260709090425,15,210.0,4.350411891937256,7.241036415100098,7.800957679748535,0.696837306022644,0.6680702567100525,19.60150909423828,5.964849948883057,7.972698211669922,0.1315561085939407,0.1061169281601905,14.2743558883667,6.022710800170898,8.110989570617676,0.1246595978736877,0.0951900705695152,12.786675453186035,3.2955172061920166,7.354599952697754,0.110930398106575,0.0517435669898986,14.2743558883667
train,20260906_2303,t,0,empty,ok,48,49,5857,129.5,5789,1442,0.24909310761789602,4800,713,101.18338044123628,2.500999927520752,100,4.607995984005471,36,510.0,4.802077293395996,7.244052410125732,7.806681632995605,0.6982227563858032,0.6687446236610413,19.601186752319336,5.966517448425293,7.972427845001221,0.1284360438585281,0.1053646579384803,14.273086547851562,6.023146152496338,8.112532615661621,0.1238315999507904,0.0949176177382469,12.78128433227539,3.295991897583008,7.353707313537598,0.1077954471111297,0.0514624118804931,14.27308750152588
train,20260906_2304,t,0,empty,ok,31,32,4502,134.0,5714,2411,0.42194609730486526,3100,144,78.79445544774582,14.570000410079956,100,3.9962887470026205,15,240.0,4.716121196746826,7.241448402404785,7.795853137969971,0.6959658861160278,0.667928159236908,19.598302841186523,5.964981555938721,7.963527679443359,0.1334037780761718,0.1064769998192787,14.271543502807615,6.021717071533203,8.109794616699219,0.1259709447622299,0.0956879258155822,12.7765531539917,3.296331882476806,7.353517532348633,0.108557641506195,0.051209669560194,14.271543502807615
train,20260906_2305,t,0,empty,ok,51,53,6205,130.0,5827,1156,0.1983868199759739,5100,660,106.5034926167175,1.998999834060669,100,4.780102617913547,40,170.0,4.683711051940918,7.237555503845215,7.804594039916992,0.7145124673843384,0.6703094244003296,19.600549697875977,5.96445369720459,7.976500034332275,0.13270004093647,0.1059712469577789,14.272645950317385,6.01992130279541,8.114208221435547,0.1256756335496902,0.0969920307397842,12.778987884521484,3.2953054904937744,7.358692646026611,0.1108559221029281,0.0521395727992057,14.272645950317385
train,20260906_2306,t,0,empty,ok,43,44,6055,134.0,5998,1591,0.2652550850283428,4300,269,100.95704936766822,3.9089999198913574,100,5.376631086682138,29,540.0,4.698355674743652,7.240878105163574,7.793984413146973,0.688813328742981,0.667877733707428,19.6022891998291,5.966030120849609,7.978502750396728,0.1298856437206268,0.1044688522815704,14.274601936340332,6.022706985473633,8.11672306060791,0.1239540427923202,0.0952899605035781,12.783465385437012,3.295396089553833,7.357236862182617,0.107484295964241,0.0511557571589946,14.274601936340332
train,20260906_2307,t,0,empty,ok,47,48,6719,134.0,5978,1063,0.17781866845098696,4700,175,112.41049306762642,1.4709999561309814,100,3.0880084777781,26,480.0,4.769629001617432,7.245779037475586,7.807908058166504,0.6897010207176208,0.6692173480987549,19.603416442871094,5.968998908996582,7.981379985809326,0.1274503171443939,0.1054111346602439,14.27567195892334,6.025462627410889,8.123103141784668,0.1230089515447616,0.0946831256151199,12.786710739135742,3.2963976860046387,7.364479541778564,0.1071293652057647,0.0519518218934536,14.27567195892334
train,20260906_2308,t,0,empty,ok,45,47,6247,134.0,5994,1398,0.23323323323323322,4500,272,104.2347995753737,4.013000011444092,100,4.719542451085527,27,370.0,5.099523544311523,7.244668006896973,7.818508148193359,0.6979179978370667,0.6699192523956299,19.60556983947754,5.968823432922363,7.977203369140625,0.1299861222505569,0.10566396266222,14.278192520141602,6.026263236999512,8.128349304199219,0.1237829998135566,0.0947733893990516,12.793062210083008,3.2962663173675537,7.365730285644531,0.1098758429288864,0.0517029426991939,14.278192520141602
train,20260906_2309,t,0,empty,ok,41,43,4730,118.0,4723,1198,0.2536523396146517,4100,701,100.16941967670753,3.744999885559082,100,1.9102061684430252,33,180.0,4.744110584259033,7.243153095245361,7.818782329559326,0.7101906538009644,0.6714184284210205,19.60500717163086,5.971895694732666,7.977165222167969,0.1299746930599212,0.1052904427051544,14.277472496032717,6.027367115020752,8.129751205444336,0.1242069229483604,0.0951887965202331,12.793096542358398,3.297324180603028,7.372732162475586,0.1086707189679145,0.0511412918567657,14.277482986450195
train,20260906_2310,t,0,empty,ok,25,27,3847,134.0,5998,3170,0.5285095031677226,2500,133,64.13911525913885,13.019999980926514,100,3.0549795827172246,12,240.0,4.640744209289551,7.245555877685547,7.81535530090332,0.6982433795928955,0.6697453260421753,19.605152130126957,5.971923828125,7.985053539276123,0.1289381086826324,0.1051056683063507,14.27748966217041,6.027537822723389,8.126161575317383,0.1246311664581298,0.0954252108931541,12.79197597503662,3.298529624938965,7.371574401855469,0.1077480465173721,0.051322728395462,14.27748966217041
train,20260906_2311,t,0,empty,ok,40,41,5411,134.0,5936,1973,0.3323787061994609,4000,394,91.15719609420249,9.33299994468689,100,9.06443466062655,30,310.0,5.208551406860352,7.247609615325928,7.806238174438477,0.6936200857162476,0.6674469113349915,19.603368759155277,5.971416473388672,7.983127593994141,0.1290627419948578,0.1047662869095802,14.27525234222412,6.026342391967773,8.126445770263672,0.1253426074981689,0.0953917279839515,12.78482437133789,3.2982752323150635,7.373401165008545,0.1097194552421569,0.0516576580703258,14.27525234222412
train,20260906_2317,t,1,present,ok,51,52,6715,133.0,5998,1077,0.17955985328442814,5100,473,111.96518495619235,1.7649996280670166,100,7.5056621265519805,34,490.0,9.48850440979004,7.254478931427002,7.7951507568359375,0.7031567096710205,0.6761695742607117,19.608057022094727,5.98038387298584,7.8602705001831055,0.2317439615726471,0.1211858540773391,14.280065536499023,6.048704147338867,8.03813362121582,0.331842839717865,0.1227189749479293,12.803523063659668,3.3084499835968018,7.351912975311279,0.1550892889499664,0.0627768337726593,14.280143737792969
train,20260906_2318,t,1,present,ok,47,49,5871,123.0,5851,1685,0.2879849598359255,4700,733,100.34182192713953,4.485000133514404,100,6.638485488783286,38,560.0,5.020628929138184,7.248239517211914,7.802206039428711,0.7035390138626099,0.6721054911613464,19.60525894165039,5.967479228973389,7.864391803741455,0.1625931859016418,0.1163516193628311,14.2777738571167,6.02531623840332,8.045620918273926,0.1905472576618194,0.1148372665047645,12.793682098388672,3.300521850585937,7.328229904174805,0.1251839399337768,0.0592380575835704,14.277786254882812
train,20260906_2321,t,1,present,ok,33,35,4869,133.0,5996,2387,0.39809873248832556,3300,142,81.2095535512699,8.374000072479248,100,8.948587198748125,17,250.0,5.363218307495117,7.249889373779297,7.8177490234375,0.7018626928329468,0.6719432473182678,19.60696029663086,5.970493316650391,7.863407611846924,0.1590046733617782,0.1177494749426841,14.278519630432127,6.021233081817627,8.044265747070312,0.1860930621623993,0.117917388677597,12.793020248413086,3.300766468048096,7.330834865570068,0.1256233751773834,0.0610411763191223,14.278519630432127
train,20260906_2322,t,1,present,ok,54,56,5810,118.5,5895,1573,0.26683630195080577,5400,1251,98.56311597482622,1.2780001163482666,100,7.895701382371049,46,550.0,6.9667582511901855,7.240394592285156,7.792549133300781,0.7012165784835815,0.6708807349205017,19.60286903381348,5.966829776763916,7.863423347473144,0.1745585799217224,0.1175125688314437,14.274998664855955,6.018046855926514,8.050092697143555,0.2008571475744247,0.1165273338556289,12.781414985656738,3.300809144973755,7.327622413635254,0.1275100409984588,0.0604770332574844,14.274998664855955
train,20260906_2324,t,1,present,ok,38,39,4526,129.5,5843,2493,0.4266643847338696,3800,659,77.46948962675954,10.79800009727478,100,5.985468310009392,25,430.0,4.927745342254639,7.242278099060059,7.804370403289795,0.7068424820899963,0.6716108918190002,19.605562210083008,5.967555999755859,7.859274387359619,0.1689359098672866,0.1172143965959549,14.27731990814209,6.020280838012695,8.046767234802246,0.2058219164609909,0.1174002066254615,12.787320137023926,3.3019111156463623,7.331027030944824,0.1292588114738464,0.0609952472150325,14.27731990814209
train,20260906_2325,t,1,present,ok,46,48,5957,132.0,5969,1538,0.25766460043558387,4600,583,99.80732186832573,4.170999765396118,100,10.125563509455016,30,420.0,4.884479999542236,7.233872413635254,7.773014068603516,0.7022415399551392,0.6715271472930908,19.606098175048828,5.964477062225342,7.853908061981201,0.1708917319774627,0.1158986240625381,14.278197288513184,6.024008750915527,8.053321838378906,0.2057113945484161,0.1151592433452606,12.78957176208496,3.301334381103516,7.322449684143066,0.1263398677110672,0.0596724897623062,14.278197288513184
train,20260906_2326,t,1,present,ok,46,48,6151,133.0,5957,1431,0.24022158804767502,4600,453,103.26360678198431,3.180999994277954,100,3.0725951893572345,28,510.0,5.958404541015625,7.249907493591309,7.8156938552856445,0.7051239013671875,0.6735071539878845,19.60532760620117,5.973699569702148,7.861476421356201,0.1703488826751709,0.1164691448211669,14.276646614074709,6.025112152099609,8.048349380493164,0.2137119472026825,0.1170541122555732,12.784998893737791,3.3036892414093018,7.324111938476562,0.1321178972721099,0.0601049475371837,14.276646614074709
train,20260906_2327,t,1,present,ok,38,40,5281,134.0,5971,2078,0.3480154078043879,3800,267,88.45896140338272,11.32800006866455,100,3.0600738129978327,22,420.0,4.782084465026856,7.24445915222168,7.794301509857178,0.6954194903373718,0.6718987226486206,19.60474395751953,5.975361347198486,7.858668327331543,0.1810894757509231,0.1176822856068611,14.276122093200684,6.028143405914307,8.051549911499023,0.2112756520509719,0.1131661608815193,12.783863067626951,3.3079724311828613,7.347434997558594,0.1335885226726532,0.0617744922637939,14.276122093200684
train,20260906_2328,t,1,present,ok,40,42,5487,134.0,5998,1959,0.32660886962320773,4000,203,91.48201893055209,11.996999979019165,100,2.2159928988222477,24,270.0,5.525103092193604,7.249511241912842,7.822454929351807,0.698933482170105,0.6714048981666565,19.60738182067871,5.980220794677734,7.85893440246582,0.1674681007862091,0.1172784194350242,14.278752326965332,6.032804489135742,8.04870891571045,0.248720571398735,0.1140198782086372,12.791484832763672,3.30924654006958,7.351521015167236,0.1280496716499328,0.060701485723257,14.278752326965332
train,20260906_2329,t,1,present,ok,30,31,3637,133.0,5841,3158,0.5406608457455915,3000,416,62.27633086033814,18.632000207901,100,5.889612673869346,24,20.0,,7.224714279174805,7.85343074798584,0.7571606636047363,0.6645646691322327,19.61017227172852,5.966292858123779,7.8422532081604,0.176561564207077,0.1182273998856544,14.281353950500488,6.041769981384277,8.056928634643555,0.175391674041748,0.1259847283363342,12.807111740112305,3.309330940246582,7.369528770446777,0.1281332969665527,0.066351518034935,14.281353950500488
train,20260906_2330,t,1,present,ok,43,44,5482,133.0,5893,1866,0.31664686916680806,4300,405,93.02562389222648,6.5269999504089355,100,4.082233007183687,32,310.0,6.511082172393799,7.245194911956787,7.8078813552856445,0.6955267190933228,0.670011579990387,19.611522674560547,5.978061676025391,7.860607147216797,0.1905175596475601,0.1161587014794349,14.282450675964355,6.043522834777832,8.056907653808594,0.2357170432806015,0.1124671697616577,12.805277824401855,3.306830406188965,7.350493907928467,0.1301541477441787,0.0600082576274871,14.282451629638672
train,20260906_2331,t,1,present,ok,47,49,6158,133.0,5861,1320,0.22521753966899846,4700,414,105.06739483060926,3.9690001010894775,100,10.142163913527586,38,60.0,4.332676887512207,7.245306968688965,7.8333635330200195,0.7274535894393921,0.6696670055389404,19.60798454284668,5.97313117980957,7.860926151275635,0.1656960248947143,0.1163416132330894,14.279480934143066,6.031967639923096,8.050813674926758,0.200407326221466,0.1141804754734039,12.796809196472168,3.303729057312012,7.340682506561279,0.1241648197174072,0.060264054685831,14.279480934143066
train,20260906_2332,t,1,present,ok,52,54,6641,133.0,5862,1109,0.18918457864210167,5200,647,113.2986436734539,2.13700008392334,100,35.39932130927038,44,570.0,21.972963333129883,7.3216023445129395,7.95998477935791,1.0931899547576904,0.6909698247909546,19.60901641845703,6.076067924499512,8.002779006958008,0.8130993247032166,0.1513106524944305,14.279375076293944,6.165708065032959,8.207307815551758,0.9244527220726012,0.1556863784790039,12.79944896697998,3.349215030670166,7.475064277648926,0.4355974197387695,0.0771507769823074,14.279375076293944
train,20260906_2333,t,1,present,ok,45,46,6095,133.0,5904,1430,0.24220867208672087,4500,301,103.2438382508429,3.693000078201294,100,10.62747265118266,27,490.0,16.36878204345703,7.295899391174316,7.908537864685059,0.8250110745429993,0.6858246922492981,19.605451583862305,6.098123550415039,8.032931327819824,0.6003059148788452,0.1688521951436996,14.276921272277832,6.134927749633789,8.429634094238281,0.7208484411239624,0.1773777455091476,12.792484283447266,3.3390378952026367,7.685988426208496,0.326567530632019,0.0848696306347847,14.276921272277832
train,20260906_2335,t,1,present,ok,32,33,4244,133.0,5999,2874,0.47907984664110687,3200,326,70.7545595684995,10.564000129699707,100,10.832461380017389,18,190.0,20.23622703552246,7.299627304077148,7.851116180419922,0.9647023677825928,0.6838392019271851,19.607776641845703,6.099769115447998,7.830309867858887,0.5705538988113403,0.1333360373973846,14.277935028076172,6.146430492401123,8.250645637512207,0.7233142852783203,0.1360443979501724,12.794133186340332,3.3601412773132324,7.479238510131836,0.3546052873134613,0.0683365240693092,14.277935028076172
train,20260906_2336,t,1,present,ok,47,49,5625,121.0,5857,1678,0.286494792555916,4700,739,96.04548716773448,3.378999710083008,100,34.54001469250741,34,450.0,19.53385162353516,7.309427261352539,7.843630790710449,1.0217199325561523,0.6906613707542419,19.605308532714844,6.1099853515625,7.858011722564697,0.6494104862213135,0.1510709673166275,14.276081085205078,6.142962455749512,8.256376266479492,0.7915517091751099,0.1600676923990249,12.787032127380373,3.37314772605896,7.568487167358398,0.3644494414329529,0.0770378857851028,14.276081085205078
train,20260906_2337,t,1,present,ok,53,55,6167,112.0,5893,1347,0.22857627693874089,5300,1018,104.66379250929873,1.6459999084472656,100,25.65378950856571,45,480.0,19.31024742126465,7.295565128326416,7.848227500915527,0.9123834371566772,0.6838168501853943,19.607160568237305,6.114100456237793,7.9022111892700195,0.5595829486846924,0.1385638266801834,14.278400421142578,6.145898342132568,8.253214836120605,0.7365965247154236,0.1438789218664169,12.794559478759766,3.3752169609069824,7.610161781311035,0.3492435812950134,0.0738731920719146,14.278400421142578
train,20260906_2338,t,1,present,ok,36,37,4771,134.0,4967,1452,0.29232937386752567,3600,342,96.06942899552249,4.805000066757202,100,4.990279615094903,24,320.0,8.063081741333008,7.251288414001465,7.785749435424805,0.7009270191192627,0.6709681749343872,19.607398986816406,6.061132907867432,7.821263313293457,0.2042008489370346,0.1203633919358253,14.278938293457031,6.091457366943359,8.18331241607666,0.2820412516593933,0.123820386826992,12.79384708404541,3.3544812202453613,7.522761821746826,0.1495202481746673,0.0635192543268203,14.278938293457031
train,20260906_2339,t,1,present,ok,41,42,5241,134.0,5306,1448,0.2728986053524312,4100,488,98.77497183663681,3.7139999866485596,100,5.894008025359871,27,250.0,11.769807815551758,7.264743328094482,7.817356586456299,0.7086583971977234,0.6740456223487854,19.608083724975582,6.099722862243652,7.836747169494629,0.2594473659992218,0.1357530951499939,14.278295516967772,6.140439510345459,8.183431625366211,0.3566324412822723,0.1407130658626556,12.796265602111816,3.386614799499512,7.535184860229492,0.2026913166046142,0.0790536925196647,14.278295516967772
train,20260906_2340,t,1,present,ok,29,30,4015,134.0,3494,537,0.15369204350314825,2900,157,114.94417384273257,1.0109999179840088,100,8.38758835288075,17,160.0,11.50913429260254,7.274971961975098,7.841806411743164,0.7220364809036255,0.6768410205841064,19.60689163208008,6.085601329803467,7.841390132904053,0.2440794557332992,0.1230131983757019,14.276983261108398,6.083439826965332,8.189091682434082,0.3556808829307556,0.127454474568367,12.790939331054688,3.3645029067993164,7.558279037475586,0.1621472239494323,0.0671739429235458,14.276983261108398
train,20260907_2247,t,1,present,ok,55,57,5908,135.0,5861,1616,0.27572086674628904,5500,1420,100.81911238187219,1.5960001945495605,100,5.707993879816917,51,570.0,4.910847187042236,7.220362186431885,7.739217281341553,0.6876126527786255,0.665254533290863,19.51664924621582,6.181268215179443,8.174970626831055,0.18119677901268,0.1075390204787254,14.20315647125244,6.2873077392578125,8.613265991210938,0.2059296816587448,0.1083703562617302,12.760498046875,3.3894217014312744,7.640815734863281,0.1342507600784301,0.0581011585891246,14.20315647125244
train,20260907_2248,t,1,present,ok,46,47,4973,129.0,5999,2410,0.4017336222703784,4600,1273,82.90958811003235,3.688999891281128,100,5.850057607808228,31,560.0,7.576002597808838,7.2401533126831055,7.765476226806641,0.6836652159690857,0.6651994585990906,19.55872917175293,6.179290771484375,8.163000106811523,0.1644836962223053,0.1090750098228454,14.236166954040527,6.283796310424805,8.620129585266113,0.1681272983551025,0.1099766939878463,12.787527084350586,3.3825724124908447,7.635965824127197,0.1292735338211059,0.0596756786108017,14.236166954040527
train,20260907_2249,t,1,present,ok,42,44,4609,102.0,5996,2656,0.4429619746497665,4200,1340,76.87304042025231,2.496000051498413,100,13.326458121287626,22,340.0,5.202179431915283,7.235363960266113,7.761807441711426,0.6833219528198242,0.6650465130805969,19.55959701538086,6.166887283325195,8.159971237182617,0.1623569130897522,0.1083462983369827,14.232501983642578,6.2698588371276855,8.60660171508789,0.1784160137176513,0.1104481965303421,12.779970169067385,3.370636463165283,7.628616333007812,0.1287741065025329,0.0590933337807655,14.232501983642578
train,20260907_2250,t,1,present,ok,43,44,4192,101.0,5976,2917,0.4881191432396252,4300,1542,70.14960352128898,5.200999975204468,100,8.857932346429305,25,520.0,4.968610286712647,7.245010375976562,7.775614261627197,0.6803621053695679,0.6644873023033142,19.5603084564209,6.174439907073975,8.179506301879883,0.1626558303833007,0.1084534153342247,14.226983070373535,6.27229118347168,8.611719131469727,0.1725673079490661,0.109683983027935,12.77507781982422,3.375006675720215,7.6101226806640625,0.1283349245786667,0.05872393399477,14.226983070373535
train,20260907_2251,t,1,present,ok,44,45,4746,130.0,5903,2520,0.42690157547009994,4400,1249,80.40115869272528,3.559999942779541,100,21.175856598205648,28,260.0,13.343771934509276,7.250058650970459,7.767928123474121,0.712314784526825,0.6683981418609619,19.561986923217773,6.180246353149414,8.186593055725098,0.2482250928878784,0.1109076216816902,14.225871086120604,6.2758073806762695,8.615516662597656,0.2785943746566772,0.1091489419341087,12.771090507507324,3.3758368492126465,7.613470554351807,0.1627203226089477,0.0591191463172435,14.225871086120604
train,20260907_2253,t,1,present,ok,42,44,4693,130.0,5590,2224,0.39785330948121644,4200,1104,83.9594963447603,2.172999858856201,100,4.609123324553937,23,370.0,4.958582878112793,7.244473457336426,7.764577865600586,0.6865396499633789,0.664732038974762,19.56432342529297,6.161150932312012,8.194807052612305,0.1690127551555633,0.1064962819218635,14.221993446350098,6.260859966278076,8.601407051086426,0.2027899622917175,0.1066434159874916,12.763339042663574,3.367856979370117,7.573123931884766,0.1309074461460113,0.0578150041401386,14.221993446350098
train,20260907_2254,t,1,present,ok,45,46,4286,95.0,5440,2394,0.4400735294117647,4500,1657,78.78821312083373,2.0820000171661377,100,4.838055485157361,31,482.0,4.848440170288086,7.242752075195312,7.757071495056152,0.679227888584137,0.6633031964302063,19.56637191772461,6.156807899475098,8.203096389770508,0.1729498952627182,0.1065453216433525,14.21915054321289,6.253365516662598,8.587767601013184,0.2015248537063598,0.1068675592541694,12.756640434265137,3.364014148712158,7.558732986450195,0.1314434111118316,0.0579570867121219,14.21915054321289
train,20260907_2255,t,1,present,ok,41,42,4737,139.0,5894,2592,0.4397692568713946,4100,1025,80.38214183468718,8.822999715805054,100,2.787581163045738,27,280.0,5.253499031066895,7.249137878417969,7.783454895019531,0.6868141889572144,0.6656652688980103,19.571123123168945,6.165882110595703,8.220300674438477,0.1749006658792495,0.1067534014582634,14.218988418579102,6.257281303405762,8.590179443359375,0.2027746587991714,0.1064349710941314,12.732609748840332,3.369887351989746,7.572230815887451,0.1327768564224243,0.0580559782683849,14.218988418579102
train,20260907_2257,t,1,present,ok,36,37,3180,85.0,5093,2816,0.5529157667386609,3600,1485,62.44231934222745,6.742999792098999,100,5.696797039210889,22,310.0,5.07772970199585,7.246623992919922,7.756538391113281,0.6882848739624023,0.6644553542137146,19.567607879638672,6.1543498039245605,8.212628364562988,0.1760720610618591,0.1087184250354766,14.211423873901367,6.250504016876221,8.580724716186523,0.1965225934982299,0.109954260289669,12.734375953674316,3.3589487075805664,7.550782203674316,0.1282656192779541,0.0588754639029502,14.211423873901367
train,20260907_2258,t,1,present,ok,45,47,5185,132.0,5841,2219,0.37990070193460024,4500,1197,88.78272628838418,2.421999931335449,100,3.9917093660331107,30,340.0,4.632335662841797,7.253478050231934,7.774652481079102,0.6875898838043213,0.6676368117332458,19.565162658691406,6.170915126800537,8.20442008972168,0.1721196472644806,0.1092182919383049,14.208067893981934,6.261154174804688,8.580143928527832,0.1991981267929077,0.1104527860879898,12.735785484313965,3.37243390083313,7.545862197875977,0.1266324073076248,0.0593975633382797,14.208067893981934
train,20260907_2259,t,1,present,ok,48,49,4912,110.5,5939,2503,0.42145142279845094,4800,1553,82.72145487593939,5.746999979019165,100,6.894546787809368,40,480.0,4.747841835021973,7.258193969726562,7.804837226867676,0.6949807405471802,0.66823810338974,19.56367874145508,6.1635518074035645,8.199631690979004,0.1725545972585678,0.1074098050594329,14.20591163635254,6.243069648742676,8.57690143585205,0.2193699181079864,0.1075773537158966,12.741808891296388,3.364787101745605,7.516796112060547,0.1301745772361755,0.0579413473606109,14.20591163635254
train,20260907_2300,t,1,present,ok,39,41,3840,102.0,5865,3121,0.5321398124467178,3900,1443,65.47537852740274,3.0169999599456787,100,9.917473033255048,20,430.0,5.02769660949707,7.258624076843262,7.77985668182373,0.6877682209014893,0.6673542857170105,19.559858322143555,6.174551010131836,8.193266868591309,0.176547572016716,0.1114044710993766,14.20157527923584,6.256678581237793,8.566853523254395,0.2111801505088806,0.1122550591826438,12.746477127075195,3.373952388763428,7.508031845092773,0.1297112256288528,0.0610888600349426,14.20157527923584
train,20260907_2301,t,1,present,ok,48,50,4768,108.0,5861,2442,0.41665244838764715,4800,1598,81.35269331737199,3.072999954223633,100,8.508765707381535,35,20.0,,7.259075164794922,7.860392093658447,0.757331907749176,0.6704226136207581,19.55630874633789,6.184166431427002,8.187586784362793,0.1586477011442184,0.1107446998357772,14.198811531066896,6.258584022521973,8.592100143432617,0.1808992624282837,0.1081689447164535,12.75936222076416,3.3836207389831543,7.487168312072754,0.1235771626234054,0.0623945705592632,14.198811531066896
train,20260907_2302,t,1,present,ok,53,55,5737,136.0,5998,1917,0.31960653551183726,5300,1533,95.65492852556773,2.306999921798706,100,14.283458179618787,46,450.0,7.227387428283691,7.265274047851562,7.79196834564209,0.6889215111732483,0.6669745445251465,19.55137062072754,6.176933765411377,8.191446304321289,0.1741762608289718,0.1125473454594612,14.194305419921877,6.252216815948486,8.60932731628418,0.220004066824913,0.1178492978215217,12.768336296081545,3.373950481414795,7.468517303466797,0.129972219467163,0.0622664093971252,14.194305419921877
train,20260907_2303,t,1,present,ok,34,35,3740,124.0,5977,3321,0.5556299146729128,3400,948,62.576338154942576,12.799000024795532,100,39.47722145385692,19,300.0,4.614902496337891,7.273296356201172,7.801097869873047,0.6953624486923218,0.6700870990753174,19.544340133666992,6.179205417633057,8.196920394897461,0.1694448590278625,0.1107490286231041,14.186530113220217,6.246964931488037,8.601325988769531,0.2028959393501281,0.1118713319301605,12.761672973632812,3.3725106716156006,7.457280158996582,0.1368206441402435,0.0607339031994342,14.186534881591797
train,20260907_2304,t,1,present,ok,41,41,4112,108.0,5929,2997,0.5054815314555574,4100,1487,69.35987170526768,10.219000101089478,100,7.208954024066729,28,450.0,5.475490570068359,7.263379096984863,7.779227256774902,0.6871492862701416,0.6682356595993042,19.537391662597656,6.183241367340088,8.198821067810059,0.1706525981426239,0.1094491258263588,14.18008041381836,6.240401744842529,8.631601333618164,0.2085260450839996,0.1114773079752922,12.76451301574707,3.377693653106689,7.447314262390137,0.1305233389139175,0.0592458173632621,14.180084228515623
train,20260907_2305,t,1,present,ok,51,53,5018,108.0,5894,2442,0.41431964709874447,5100,2017,85.13887255053874,1.2100000381469727,100,4.618403842060751,45,460.0,5.121952056884766,7.269076347351074,7.803340435028076,0.6957062482833862,0.6678312420845032,19.52963638305664,6.186383724212647,8.199254035949707,0.1708570420742035,0.1070622727274894,14.173613548278809,6.240001201629639,8.625227928161621,0.2044024765491485,0.108570858836174,12.766475677490234,3.3768506050109863,7.454066753387451,0.1274205893278122,0.0574570596218109,14.17361545562744
train,20260907_2307,t,1,present,ok,40,40,3869,119.5,5886,3087,0.5244648318042814,4000,1274,65.74006431091328,11.052000045776367,100,13.669697069718802,27,260.0,4.468263626098633,7.277282238006592,7.833521366119385,0.6927467584609985,0.6669698357582092,19.52029609680176,6.197430610656738,8.193280220031738,0.1640531867742538,0.1087456718087196,14.165033340454102,6.244832992553711,8.631086349487305,0.1987829953432083,0.1106209829449653,12.773066520690918,3.3838391304016118,7.479009628295898,0.1321241557598114,0.0593738406896591,14.165033340454102
train,20260908_0029,t,1,present,ok,55,57,5406,127.0,5998,1997,0.33294431477159053,5500,1732,90.13304889634017,2.062999963760376,100,61.1823093226532,49,530.0,21.59967613220215,7.302732467651367,7.864065170288086,0.852569043636322,0.6770932078361511,19.45733070373535,6.33859395980835,8.402944564819336,0.8626269698143005,0.1561640053987503,14.12363624572754,6.467831611633301,8.861498832702637,0.9801671504974364,0.1655070334672927,12.82188320159912,3.4885332584381104,8.02967643737793,0.4111538231372833,0.0765993893146514,14.12363624572754
train,20260908_0030,t,1,present,ok,45,47,4220,88.0,5947,2790,0.4691441062720699,4500,1536,70.9637280572025,7.996999740600586,100,38.6227341729699,35,400.0,15.776178359985352,7.297052383422852,7.809626579284668,0.7325810790061951,0.6703824400901794,19.45600128173828,6.276285171508789,8.289237022399902,0.320403128862381,0.1182851195335388,14.120739936828612,6.400763988494873,8.78837776184082,0.3955516815185547,0.1226403936743736,12.799269676208496,3.506109476089477,7.996135234832764,0.2184272557497024,0.0626217946410179,14.120739936828612
train,20260908_0031,t,1,present,ok,39,41,4238,102.0,5863,2697,0.46000341122292343,3900,1127,72.29367816718607,5.5980000495910645,100,47.398347959237306,21,430.0,6.812069416046143,7.280056953430176,7.792590141296387,0.6846524477005005,0.6643455028533936,19.455469131469727,6.259072780609131,8.282951354980469,0.1708781123161316,0.1048334613442421,14.118050575256348,6.374001502990723,8.80424690246582,0.2167953848838806,0.1050240844488143,12.780879020690918,3.4965412616729736,7.992940902709961,0.129615232348442,0.0549840219318866,14.118050575256348
train,20260908_0032,t,1,present,ok,38,39,3098,53.5,5891,3495,0.5932778815141742,3800,1679,52.59137278404022,7.713000059127808,100,83.78474185293283,22,320.0,13.528485298156738,7.295712947845459,7.827072143554687,0.696570873260498,0.6684098839759827,19.455961227416992,6.269721508026123,8.27800178527832,0.3181357979774475,0.1168798580765724,14.11745262145996,6.385788440704346,8.787740707397461,0.40108323097229,0.1196223124861717,12.768913269042969,3.503113269805908,7.976615905761719,0.2722065448760986,0.0652306079864502,14.11745262145996
train,20260908_0033,t,1,present,ok,38,39,3847,131.0,5780,2901,0.5019031141868512,3800,1141,66.5582449237816,5.335000038146973,100,10.871758519347456,23,440.0,4.858335494995117,7.276678085327148,7.783121109008789,0.6836309432983398,0.664327085018158,19.454954147338867,6.263528823852539,8.282100677490234,0.1724206656217575,0.1104487404227256,14.114583969116213,6.387445449829102,8.780016899108887,0.2013839483261108,0.1124792918562889,12.750310897827148,3.509958982467652,7.960084438323975,0.1318972259759903,0.0608892291784286,14.114583969116213
train,20260908_0034,t,1,present,ok,37,37,3762,135.0,5212,2423,0.464888718342287,3700,1039,72.19205182793793,3.5989999771118164,100,13.216267228046295,22,230.0,4.90286922454834,7.276110649108887,7.7857561111450195,0.6912504434585571,0.6659260988235474,19.456035614013672,6.258401870727539,8.285846710205078,0.170574203133583,0.1125912368297576,14.114710807800291,6.37930154800415,8.776862144470215,0.2053770720958709,0.1159541830420494,12.74471664428711,3.504503011703491,7.94970703125,0.1296311914920807,0.0610786192119121,14.114710807800291
train,20260908_0035,t,1,present,ok,40,41,3944,120.0,4401,1422,0.3231083844580777,4000,1204,89.62617812463475,1.5390000343322754,100,39.46396765427123,32,390.0,18.293258666992188,7.305039405822754,7.839763164520264,0.8222590684890747,0.6816966533660889,19.46723747253418,6.278397083282471,8.280515670776367,0.4762630760669708,0.1351404637098312,14.132343292236328,6.403902053833008,8.807632446289062,0.5525755882263184,0.1411957293748855,12.752859115600586,3.494139671325684,7.991933822631836,0.3086325228214264,0.0698919519782066,14.132844924926758
train,20260908_0036,t,1,present,ok,33,35,2947,88.0,5470,3250,0.5941499085923218,3300,1336,53.882580874816014,9.614999771118164,100,16.1963374221486,17,250.0,4.883852481842041,7.281876564025879,7.802404403686523,0.6925367116928101,0.666039228439331,19.46410751342773,6.266132831573486,8.262659072875977,0.1850452274084091,0.1138004064559936,14.121155738830566,6.386193752288818,8.814072608947754,0.2458578944206237,0.117212638258934,12.742998123168944,3.501102924346924,7.922551155090332,0.1396495103836059,0.0631942898035049,14.121155738830566
train,20260908_0038,t,1,present,ok,48,50,4162,59.5,5996,2722,0.45396931287525016,4800,1837,69.4140997826947,2.6619999408721924,100,32.75369294520593,34,410.0,4.847795009613037,7.278206348419189,7.80999755859375,0.6972830295562744,0.6669688820838928,19.45948600769043,6.25277853012085,8.276756286621094,0.1894393265247345,0.1121451407670974,14.116628646850586,6.368537425994873,8.795553207397461,0.2665777802467346,0.1128069162368774,12.738410949707031,3.49810791015625,7.919201374053955,0.133419394493103,0.06137365847826,14.116628646850586
train,20260908_0039,t,1,present,ok,50,50,4752,109.0,5943,2409,0.4053508329126704,5000,1634,79.9703814326534,2.0409998893737793,100,16.297581453700126,36,260.0,4.9510579109191895,7.273396492004394,7.789923191070557,0.6893866062164307,0.6655673384666443,19.458721160888672,6.2434611320495605,8.27648639678955,0.1851105988025665,0.1124434992671012,14.114957809448242,6.357314586639404,8.786343574523926,0.2477860748767852,0.113795593380928,12.735204696655272,3.4886155128479004,7.930638790130615,0.1305523365736007,0.0611414909362793,14.114957809448242
train,20260908_0040,t,1,present,ok,40,41,3408,67.5,5926,3260,0.5501181235234559,4000,1635,57.51316318324982,6.213000059127808,100,13.603258155058535,29,430.0,5.110979080200195,7.271445274353027,7.800202369689941,0.6963895559310913,0.6657710671424866,19.456130981445312,6.232239246368408,8.285330772399902,0.179076611995697,0.1072233542799949,14.11270523071289,6.349409103393555,8.791460990905762,0.2215145230293274,0.1067938730120658,12.727641105651855,3.483983039855957,7.918089866638184,0.1291431784629821,0.0577503070235252,14.11270523071289
train,20260908_0041,t,1,present,ok,34,35,4019,133.0,5743,2741,0.47727668465958556,3400,715,69.98206493132338,11.184000015258789,100,15.661565445578312,18,200.0,4.575382232666016,7.270017623901367,7.79793643951416,0.6954073309898376,0.6670700907707214,19.45625305175781,6.230130672454834,8.285249710083008,0.1582073867321014,0.1067017465829849,14.11185073852539,6.342330455780029,8.786299705505371,0.2140576839447021,0.1069054901599884,12.723942756652832,3.4812512397766118,7.919617652893066,0.1261284500360489,0.05886797234416,14.11185073852539
train,20260908_0042,t,1,present,ok,49,50,4018,73.0,5795,2723,0.46988783433994824,4900,1936,69.33922374149556,5.531999826431274,100,13.617612500104379,41,270.0,4.975375652313232,7.270717620849609,7.809054374694824,0.6953591108322144,0.666232168674469,19.456382751464844,6.225851058959961,8.288697242736816,0.1742074340581894,0.1060981601476669,14.111106872558594,6.355861663818359,8.776597023010254,0.2322085797786712,0.1028721258044242,12.721953392028809,3.47936749458313,7.916848182678223,0.1298372745513916,0.0563902258872985,14.111106872558594
train,20260908_0043,t,1,present,ok,49,51,4867,94.0,5850,2200,0.37606837606837606,4900,1498,83.20938272960639,3.1510000228881836,100,8.350765326362255,41,530.0,4.735705852508545,7.273229598999023,7.799176216125488,0.6909990310668945,0.6660186648368835,19.457355499267575,6.226150989532471,8.27580451965332,0.1858198493719101,0.107420228421688,14.112361907958984,6.355739116668701,8.770089149475098,0.2692150473594665,0.105396568775177,12.725519180297852,3.479208707809448,7.918136596679687,0.1261575669050216,0.0574606694281101,14.112361907958984
train,20260908_0045,t,1,present,ok,27,29,2836,98.0,5997,3875,0.6461564115391029,2700,933,47.296621089613936,12.101999998092651,100,9.689789809312646,14,240.0,4.773367881774902,7.278320789337158,7.823077201843262,0.6925846934318542,0.6649693250656128,19.457204818725582,6.221258163452148,8.292536735534668,0.1469034105539322,0.1011700332164764,14.111763954162598,6.350297927856445,8.792105674743652,0.1804026663303375,0.0965895801782608,12.723812103271484,3.47059965133667,7.907016754150391,0.1238572373986244,0.0519509576261043,14.111763954162598
train,20260908_0046,t,1,present,ok,52,53,4245,63.5,5789,2556,0.441527034030057,5200,2076,73.3375943296555,1.8389999866485596,100,21.302504950070848,42,150.0,4.5061774253845215,7.277756690979004,7.854325294494629,0.7077308297157288,0.6683539152145386,19.45670318603516,6.232557773590088,8.286107063293457,0.1654734015464782,0.1093847155570983,14.110618591308594,6.360942363739014,8.781330108642578,0.2133911997079849,0.1082289293408393,12.72026252746582,3.4866867065429688,7.914208889007568,0.1353547573089599,0.0595119670033454,14.110618591308594
train,20260908_0047,t,1,present,ok,51,52,5263,131.0,5932,1993,0.3359743762643291,5100,1481,88.72667208025868,2.1110000610351562,100,21.02023409735159,40,440.0,4.683094024658203,7.275982856750488,7.8130340576171875,0.6940780878067017,0.6680787205696106,19.458311080932617,6.233621597290039,8.282695770263672,0.1709105521440506,0.1093729510903358,14.113025665283203,6.366170883178711,8.776235580444336,0.2057129293680191,0.1085397526621818,12.7255277633667,3.489232063293457,7.911549568176269,0.1260575205087661,0.0603390410542488,14.113025665283203
train,20260908_0049,t,1,present,ok,35,37,3435,107.0,5867,3304,0.5631498210328959,3500,1094,58.550803633411846,9.032000064849854,100,11.921873605983444,21,400.0,4.483750343322754,7.271624565124512,7.79156494140625,0.6840259432792664,0.6651201248168945,19.45673942565918,6.237237453460693,8.283924102783203,0.1661979109048843,0.1083921715617179,14.110130310058594,6.369683265686035,8.753839492797852,0.1933787763118744,0.1060798242688179,12.71606159210205,3.494161367416382,7.911431312561035,0.1263304650783538,0.0589855574071407,14.110130310058594
train,20260908_0050,t,1,present,ok,54,55,4671,61.5,5956,2372,0.3982538616521155,5400,2024,78.42511760388719,1.6119999885559082,100,13.149725283798187,46,440.0,4.881295680999756,7.262835502624512,7.768689155578613,0.688429594039917,0.6662452816963196,19.45713424682617,6.22721004486084,8.277697563171387,0.1717004776000976,0.1103739663958549,14.11103057861328,6.366551399230957,8.750922203063965,0.2161744087934494,0.1094007045030593,12.715627670288086,3.4865498542785645,7.915079116821289,0.1261672377586364,0.0600795298814773,14.11103057861328
train,20260908_0051,t,1,present,ok,36,37,4073,131.0,5867,2853,0.4862791886824612,3600,929,69.42574183373696,7.686000108718872,100,12.137839761647522,21,450.0,4.934881210327148,7.268919944763184,7.776994705200195,0.6935706734657288,0.6665946841239929,19.45887565612793,6.235177040100098,8.273815155029297,0.1630705296993255,0.109250470995903,14.112610816955566,6.367257118225098,8.756503105163574,0.1890877336263656,0.1090950369834899,12.71823501586914,3.494269371032715,7.914849281311035,0.128229022026062,0.0585648119449615,14.112610816955566
train,20260908_0052,t,1,present,ok,47,48,5174,130.0,5999,2124,0.3540590098349725,4700,1100,86.25921127769567,1.8259999752044678,100,73.25138862882575,28,390.0,21.280292510986328,7.327329635620117,7.901578903198242,0.9583021402359008,0.6871864795684814,19.459814071655277,6.293756008148193,8.388123512268066,0.6726329326629639,0.1419574320316314,14.113516807556152,6.438118934631348,8.814241409301758,0.7540580034255981,0.1461653560400009,12.720656394958496,3.476548194885254,8.03445816040039,0.342872142791748,0.0696806758642196,14.113516807556152
train,20260908_0053,t,1,present,ok,34,36,3266,96.0,5861,3359,0.5731103907183075,3400,1003,55.7261809147912,11.146000146865845,100,29.1077986555404,26,130.0,15.23179054260254,7.317076683044434,7.861700057983398,0.8677233457565308,0.6846860647201538,19.458589553833008,6.279788017272949,8.429685592651367,0.3260821104049682,0.117623470723629,14.111356735229492,6.439023017883301,8.811546325683594,0.4036639630794525,0.1141177788376808,12.714033126831056,3.461875915527344,7.978791236877441,0.2323601841926574,0.0605203546583652,14.111356735229492
train,20260908_0054,t,1,present,ok,27,28,3126,130.0,5998,3622,0.6038679559853285,2700,645,52.121717257922946,21.82200002670288,100,45.858599809684705,14,230.0,11.150850296020508,7.267025470733643,7.793239593505859,0.6981488466262817,0.665279746055603,19.460134506225582,6.230197906494141,8.41351318359375,0.1472066938877105,0.1093984320759773,14.113042831420898,6.384119987487793,8.792749404907227,0.1445436179637909,0.1052404418587684,12.722185134887695,3.44607162475586,7.984177589416504,0.1228516474366188,0.0539977513253688,14.113042831420898
train,20260908_0055,t,1,present,ok,50,50,4894,116.0,5751,2048,0.35611198052512605,5000,1453,85.108602998354,4.0320000648498535,100,33.79087226395941,40,480.0,14.055790901184082,7.279523849487305,7.811525344848633,0.7119870185852051,0.674489438533783,19.45867919921875,6.255817413330078,8.445413589477539,0.2667271494865417,0.1276952475309372,14.111279487609863,6.413082122802734,8.80577278137207,0.2898446321487427,0.1278240382671356,12.717629432678224,3.4591739177703857,7.984926223754883,0.1869954466819763,0.0681787505745887,14.111279487609863
train,20260908_0056,t,1,present,ok,42,43,4209,91.0,5905,2709,0.4587637595258256,4200,1257,71.28582085208396,8.08299994468689,100,31.74766945424779,28,290.0,16.864212036132812,7.301775455474853,7.824239730834961,0.8663634061813354,0.6804452538490295,19.45965003967285,6.271697998046875,8.482834815979004,0.3824260234832763,0.1214099451899528,14.112356185913086,6.440318584442139,8.822613716125488,0.4573140144348144,0.1223670467734336,12.71808910369873,3.4585728645324707,7.986080169677734,0.2698045372962951,0.0633599981665611,14.112356185913086
train,20260908_0058,t,1,present,ok,34,34,3549,113.5,5687,3023,0.5315632143485142,3400,1024,62.41426613053137,6.802000284194946,100,43.37406278870769,18,290.0,4.692428112030029,7.273294448852539,7.79725980758667,0.7107267379760742,0.6707020401954651,19.459566116333008,6.235569000244141,8.39950942993164,0.2873895466327667,0.1197918504476547,14.111913681030272,6.385873794555664,8.817548751831055,0.3311046361923218,0.1182830780744552,12.714725494384766,3.464467763900757,7.946016311645508,0.2117379605770111,0.0665380805730819,14.111913681030272
train,20260908_0059,t,1,present,ok,47,48,4823,117.0,5288,1622,0.306732223903177,4700,1214,91.21857971041719,1.9039998054504395,100,82.8184695780639,37,130.0,16.485502243041992,7.287533760070801,7.822445869445801,0.7472221851348877,0.675433874130249,19.45954322814941,6.248967170715332,8.42634391784668,0.2968488335609436,0.1180034503340721,14.111738204956056,6.399104595184326,8.820262908935547,0.3683221042156219,0.1187901198863983,12.716583251953123,3.4676835536956787,7.944143295288086,0.2165341973304748,0.0629942938685417,14.111738204956056
train,20260908_0100,t,1,present,ok,41,43,3953,117.0,5864,2885,0.4919849931787176,4100,1186,67.4170717258112,4.860000133514404,100,51.18960872417358,23,420.0,13.27020263671875,7.281679630279541,7.813720703125,0.7086098194122314,0.672120988368988,19.46183586120605,6.259493350982666,8.408740997314453,0.3338974118232727,0.1254385113716125,14.115073204040527,6.396955490112305,8.816686630249023,0.4102268517017364,0.1303089261054992,12.724177360534668,3.4759538173675537,7.937060356140137,0.2370562702417373,0.0691580846905708,14.115073204040527
train,20260908_0101,t,1,present,ok,48,49,4883,117.0,5997,2479,0.41337335334333836,4800,1466,81.43490859682117,3.327000141143799,100,45.1285978578416,31,390.0,11.643828392028809,7.287668228149414,7.814796447753906,0.7409284710884094,0.6760748028755188,19.46107482910156,6.256640434265137,8.392571449279785,0.388953685760498,0.1276893019676208,14.113633155822754,6.407228469848633,8.815731048583984,0.4308550953865051,0.1287962943315506,12.719429969787598,3.459428310394287,7.989128589630127,0.2346095293760299,0.0661244168877601,14.113633155822754
validation_minutes,20260915_1941,t,1,present,ok,53,55,7074,129.0,5861,439,0.0749018938747654,5300,85,120.71260366933281,3.4130003452301025,100,7.49248772267935,51,540.0,5.676133155822754,7.380638122558594,7.795027256011963,0.6655513644218445,0.6470414400100708,21.849483489990234,9.86353874206543,12.059606552124023,0.7137712240219116,0.0260121915489435,16.351306915283203,9.864991188049316,12.01115894317627,0.7363299131393433,0.0253931749612092,16.472579956054688,5.34385871887207,10.369775772094728,0.6256862878799438,0.0138293355703353,16.356578826904297
validation_minutes,20260915_1942,t,1,present,ok,57,59,7420,129.0,5861,163,0.02781095376215663,5700,150,126.61900003843925,0.3429999351501465,100,11.631524928000637,55,570.0,5.73436450958252,7.392583847045898,7.821815490722656,0.6612437963485718,0.6452348828315735,21.85047721862793,9.86634349822998,12.058965682983398,0.6563915014266968,0.0257767681032419,16.35032844543457,9.867352485656738,11.998054504394531,0.6721925735473633,0.0253345053642988,16.482345581054688,5.343453407287598,10.389187812805176,0.5817967653274536,0.0138628762215375,16.35483741760254
validation_minutes,20260915_1943,t,1,present,ok,45,46,5770,129.0,5776,1346,0.2330332409972299,4500,302,99.90822983920908,5.730000019073486,100,8.605715814358255,36,560.0,5.261256217956543,7.386172294616699,7.786686897277832,0.6601871252059937,0.6449498534202576,21.83941650390625,9.847644805908203,12.029749870300291,0.7174134850502014,0.0258780922740697,16.33658218383789,9.8491849899292,11.971152305603027,0.739556074142456,0.0250349082052707,16.462278366088867,5.334517478942871,10.39360809326172,0.6451478004455566,0.0139386216178536,16.34123992919922
validation_minutes,20260915_1944,t,1,present,ok,39,40,5122,129.0,5515,1621,0.2939256572982774,3900,384,92.87398029529881,6.161999940872192,100,15.42340432936654,25,540.0,4.926305294036865,7.388689994812012,7.806734085083008,0.6628581881523132,0.6449436545372009,21.813291549682617,9.80539608001709,11.97197723388672,0.8547382354736328,0.0283648446202278,16.306365966796875,9.808051109313965,11.928305625915527,0.8955950140953064,0.0267138164490461,16.41122055053711,5.312097549438477,10.357324600219728,0.7725253105163574,0.0153067307546734,16.31212043762207
validation_minutes,20260915_1945,t,1,present,ok,40,41,4992,128.5,5861,2044,0.34874594779047946,4000,440,85.17753835573681,6.4770002365112305,100,9.405889433722187,30,570.0,5.102522373199463,7.371962547302246,7.787274360656738,0.6687527894973755,0.6471985578536987,21.58097648620605,9.457704544067385,11.593594551086426,1.6149849891662598,0.0369099862873554,16.047832489013672,9.476734161376951,11.455706596374512,1.6851648092269895,0.0352743528783321,15.94037628173828,5.13674259185791,10.106815338134766,1.4486327171325684,0.0195944011211395,16.06659507751465
validation_minutes,20260915_1946,t,1,present,ok,57,59,7417,129.0,5861,161,0.02746971506568845,5700,148,126.55052985212836,0.3640000820159912,100,27.392830443569434,55,570.0,8.750097274780273,7.391255378723144,7.827658653259277,0.6630781292915344,0.6483166217803955,21.84845352172852,9.857495307922363,12.06200122833252,0.6608934998512268,0.0386820249259471,16.341169357299805,9.857049942016602,11.986004829406738,0.6813498735427856,0.0326460748910903,16.485912322998047,5.341564655303955,10.390691757202148,0.5748990774154663,0.0182562246918678,16.344966888427734
validation_minutes,20260915_1947,t,1,present,ok,40,42,5020,129.0,5861,2032,0.34669851561167037,4000,487,85.6552973327882,8.120999813079834,100,17.502289230444973,28,570.0,6.945335388183594,7.394371509552002,7.8260626792907715,0.662865400314331,0.6502172946929932,21.841928482055664,9.848784446716309,12.060541152954102,0.7067455649375916,0.039514061063528,16.332260131835938,9.848217964172363,11.972980499267578,0.7390456199645996,0.0333830825984478,16.471637725830078,5.3356757164001465,10.361656188964844,0.6351022720336914,0.0187423452734947,16.33663558959961
validation_minutes,20260915_1948,t,1,present,ok,38,39,5072,129.0,4980,1091,0.21907630522088353,3800,139,101.85761607046652,7.420000076293945,100,30.61360640930988,29,480.0,5.039427757263184,7.392771244049072,7.82043981552124,0.6678361296653748,0.6469029784202576,21.8066463470459,9.791590690612791,12.00261688232422,0.9211864471435548,0.0413258150219917,16.291763305664062,9.793416023254396,11.906299591064451,0.9536820650100708,0.0351217091083526,16.40050506591797,5.306668758392334,10.330673217773438,0.8362180590629578,0.0192405171692371,16.29798698425293
validation_minutes,20260915_1949,t,1,present,ok,55,57,7070,129.0,5861,429,0.0731957003924245,5500,267,120.63611245337788,1.8469998836517334,100,28.880523704574472,51,570.0,5.558327674865723,7.394708156585693,7.824840545654297,0.6635522842407227,0.6495174765586853,21.85125541687012,9.858492851257324,12.093584060668944,0.655371367931366,0.036060631275177,16.34002113342285,9.857069969177246,12.012883186340332,0.6911717653274536,0.0305320285260677,16.492189407348633,5.339212894439697,10.383544921875,0.5886846780776978,0.0171710476279258,16.343704223632812
validation_minutes,20260915_1950,t,1,present,ok,40,42,5369,129.0,5862,1769,0.3017741385192767,4000,408,91.6055278582041,5.500999927520752,100,26.262934198376804,23,570.0,6.070695400238037,7.383316516876221,7.8082990646362305,0.666461169719696,0.6479656100273132,21.75377082824707,9.71678638458252,11.932004928588867,1.1519840955734253,0.036360215395689,16.231090545654297,9.71901035308838,11.81684112548828,1.2145448923110962,0.0321665406227111,16.29665184020996,5.265828609466553,10.241902351379396,1.0267102718353271,0.017630647867918,16.24054527282715
validation_minutes,20260915_1951,t,1,present,ok,53,54,6740,129.0,5395,196,0.03632993512511585,5300,187,124.93280663196174,0.3989999294281006,100,19.35065896902428,51,520.0,4.275252342224121,7.383154392242432,7.790005207061768,0.6696917414665222,0.6475553512573242,21.784744262695312,9.763958930969238,11.99848175048828,1.020865559577942,0.037330262362957,16.26499366760254,9.765142440795898,11.87388801574707,1.089035987854004,0.0342152789235115,16.35870361328125,5.288633346557617,10.274700164794922,0.9112216234207152,0.018395110964775,16.272584915161133
validation_minutes,20260915_1952,t,1,present,ok,56,58,7260,129.0,5862,283,0.04827703855339475,5600,220,123.86753326917687,0.5199999809265137,100,10.075466150160365,52,570.0,4.519892692565918,7.389592170715332,7.790449142456055,0.6617315411567688,0.6461749076843262,21.84278106689453,9.85275173187256,12.104534149169922,0.7217153906822205,0.0292708110064268,16.328765869140625,9.85179042816162,12.00282096862793,0.7629353404045105,0.0273323599249124,16.47624397277832,5.336125373840332,10.373576164245604,0.6391202211380005,0.0153554175049066,16.332923889160156
validation_minutes,20260915_1953,t,1,present,ok,52,54,6737,129.0,5860,728,0.1242320819112628,5200,297,114.97568046267632,2.1750001907348633,100,7.223782019792084,47,570.0,5.209232330322266,7.384843826293945,7.783126831054687,0.6659281253814697,0.6461573839187622,21.718822479248047,9.669544219970703,11.887565612792969,1.2785569429397583,0.032665092498064,16.190671920776367,9.670690536499023,11.767452239990234,1.3635494709014893,0.030999707058072,16.228858947753906,5.238744258880615,10.18547248840332,1.130069375038147,0.0173421315848827,16.202123641967773
validation_minutes,20260915_1954,t,1,present,ok,33,34,4269,128.0,5155,1911,0.3707080504364694,3300,363,82.81762247931742,7.167999982833862,100,11.541784579491356,23,470.0,4.646475791931152,7.379912376403809,7.767073631286621,0.6658387184143066,0.6453944444656372,21.821922302246094,9.82437801361084,12.076303482055664,0.8509133458137512,0.0291192512959241,16.305585861206055,9.8230562210083,11.97355842590332,0.9091195464134216,0.0281190313398838,16.434551239013672,5.316569805145264,10.306486129760742,0.759948194026947,0.0156399328261613,16.310739517211914
validation_minutes,20260915_1955,t,1,present,ok,50,52,6634,129.0,5861,776,0.13240061422965363,5000,151,113.19273811537916,5.598999977111816,100,11.07706661560977,46,570.0,4.83058500289917,7.376812934875488,7.776529312133789,0.6634198427200317,0.645794689655304,21.8299560546875,9.837769508361816,12.090075492858888,0.8003126382827759,0.026663975790143,16.313968658447266,9.836621284484863,11.997570037841797,0.8545995950698853,0.0258953273296356,16.451810836791992,5.3260416984558105,10.314203262329102,0.7121216058731079,0.0143483271822333,16.318721771240234
validation_minutes,20260915_1956,t,1,present,ok,37,38,4908,129.0,5925,2183,0.36843881856540084,3700,312,82.84103560972585,6.363999843597412,100,14.984272492162084,22,560.0,4.909664154052734,7.384420871734619,7.7805633544921875,0.6654688119888306,0.6465820670127869,21.78717613220215,9.769452095031738,12.010834693908691,1.033841252326965,0.0322526022791862,16.264781951904297,9.766986846923828,11.925884246826172,1.0860610008239746,0.0300033371895551,16.368343353271484,5.294427871704102,10.310007095336914,0.9044673442840576,0.0161746107041835,16.272613525390625
validation_minutes,20260915_1957,t,1,present,ok,44,45,5780,129.0,5862,1429,0.24377345615830776,4400,229,98.61293583805515,7.442000150680542,100,5.07282374099759,34,570.0,4.805150508880615,7.366142749786377,7.770418643951416,0.6712086200714111,0.6487444043159485,21.4351806640625,9.25584602355957,11.367147445678713,1.9375478029251096,0.0449849739670753,15.87306022644043,9.262826919555664,11.247427940368652,2.04691219329834,0.0423544645309448,15.677807807922363,5.03664493560791,9.937331199645996,1.7053722143173218,0.0232957452535629,15.901065826416016
validation_minutes,20260915_1958,t,1,present,ok,53,55,6926,129.0,5861,537,0.0916225900017062,5300,253,118.17297691193758,1.6770000457763672,100,6.805597321436448,45,570.0,4.463803291320801,7.394634246826172,7.794835090637207,0.6633827686309814,0.6457907557487488,21.834611892700195,9.840997695922852,12.104452133178713,0.7741219997406006,0.0274156313389539,16.316368103027344,9.839908599853516,12.025128364562988,0.8306050300598145,0.0261586848646402,16.462627410888672,5.330248832702637,10.374164581298828,0.6899601221084595,0.0148539673537015,16.321733474731445
validation_minutes,20260915_1959,t,1,present,ok,38,39,4881,128.0,5473,1746,0.3190206468116207,3800,385,89.19793139586312,6.878000020980835,100,5.792726497866328,22,530.0,4.996795654296875,7.387928009033203,7.792661666870117,0.6640468239784241,0.6453339457511902,21.825965881347656,9.832714080810549,12.092768669128418,0.828883171081543,0.0281528197228908,16.307632446289062,9.83215045928955,12.02301788330078,0.8931127786636353,0.0268061812967062,16.444950103759766,5.324445724487305,10.35108757019043,0.7379405498504639,0.0152110625058412,16.31333351135254
validation_minutes,20260915_2000,t,1,present,ok,31,32,4213,129.0,4508,1294,0.2870452528837622,3100,247,93.46644520970182,4.957000017166138,100,15.491263547285769,17,440.0,4.781898498535156,7.374207496643066,7.786945343017578,0.6717623472213745,0.6467028856277466,21.692766189575195,9.63715934753418,11.849896430969238,1.3867475986480713,0.0349285490810871,16.158424377441406,9.638213157653809,11.777924537658691,1.4898996353149414,0.0335828997194767,16.179349899291992,5.226138114929199,10.176679611206056,1.2236034870147705,0.0186751652508974,16.172130584716797
validation_minutes,20260915_2001,t,1,present,ok,55,56,7083,129.0,5914,495,0.08369969563747041,5500,287,119.77475665962265,1.1340000629425049,100,11.129768734884571,50,570.0,4.66409969329834,7.382287502288818,7.774389266967773,0.6616637706756592,0.6462611556053162,21.855255126953125,9.882883071899414,12.15254020690918,0.6655464172363281,0.0256712399423122,16.34038734436035,9.881343841552734,12.084181785583496,0.7134206891059875,0.0248828940093517,16.500946044921875,5.35309362411499,10.387088775634766,0.5782809257507324,0.0139331398531794,16.3444766998291
validation_minutes,20260915_2002,t,1,present,ok,34,36,4630,128.0,5873,2319,0.3948578239400647,3400,285,78.84340306867009,5.949000120162964,100,28.378935535502084,17,510.0,5.408269882202148,7.387955188751221,7.786232948303223,0.6656449437141418,0.6468689441680908,21.828977584838867,9.836833953857422,12.103044509887695,0.826898455619812,0.0278703123331069,16.310243606567383,9.835737228393556,12.044190406799316,0.8985824584960938,0.0265557207167148,16.450769424438477,5.329967021942139,10.362078666687012,0.7310851812362671,0.0148533806204795,16.31615447998047
validation_minutes,20260915_2003,t,1,present,ok,53,55,6835,129.0,5862,588,0.10030706243602866,5300,176,116.61434520805544,4.5299999713897705,100,6.311396090206366,49,570.0,4.523001194000244,7.389480113983154,7.780796051025391,0.6643716096878052,0.6467130184173584,21.83590316772461,9.84335708618164,12.11043643951416,0.7875303030014038,0.0285185426473617,16.317405700683594,9.84211540222168,12.062036514282228,0.8466047048568726,0.0267902798950672,16.465076446533203,5.334963798522949,10.375249862670898,0.697394609451294,0.0150814028456807,16.323274612426758
validation_minutes,20260915_2004,t,1,present,ok,56,57,7071,129.0,5899,456,0.077301237497881,5600,263,119.87996751470058,2.0820000171661377,100,9.906485435678942,53,560.0,4.99783182144165,7.392392158508301,7.787829399108887,0.6609811782836914,0.6459500193595886,21.852510452270508,9.864883422851562,12.13097858428955,0.6666568517684937,0.02806599996984,16.33603858947754,9.8632230758667,12.10360622406006,0.7179054617881775,0.0258988961577415,16.498607635498047,5.3442206382751465,10.45259952545166,0.5938377380371094,0.0145709151402115,16.34115219116211
validation_minutes,20260915_2005,t,1,present,ok,40,41,4886,128.0,5946,2207,0.3711738984191053,4000,537,82.17565347884879,6.073999881744385,100,9.482855288845153,30,540.0,4.999479293823242,7.375478744506836,7.778881072998047,0.6701176166534424,0.6489207744598389,21.64120483398437,9.56166648864746,11.762114524841309,1.5157716274261477,0.0360194705426692,16.097946166992188,9.55889892578125,11.699448585510254,1.6715302467346191,0.0334994420409202,16.08125114440918,5.1841912269592285,10.152238845825195,1.355072021484375,0.0190512482076883,16.115955352783203
validation_minutes,20260915_2006,t,1,present,ok,50,52,6483,129.0,5861,869,0.148268213615424,5000,182,110.62007268084955,7.0269999504089355,100,14.311287228232025,46,570.0,5.997660160064697,7.39078950881958,7.784868240356445,0.664507269859314,0.6461412310600281,21.83694267272949,9.84190559387207,12.109326362609863,0.7812710404396057,0.0316778905689716,16.318965911865234,9.839863777160645,12.074559211730955,0.8542078137397766,0.029273958876729,16.466047286987305,5.322185516357422,10.323270797729492,0.6881259679794312,0.0162014588713645,16.325206756591797
validation_minutes,20260915_2007,t,1,present,ok,46,48,5939,128.0,5875,1330,0.22638297872340427,4600,406,101.10312916978589,3.4619998931884766,100,6.402440116896839,33,570.0,4.934700965881348,7.393054485321045,7.8062849044799805,0.6623119115829468,0.6464981436729431,21.84212875366211,9.84972858428955,12.11184310913086,0.7527045011520386,0.0269238948822021,16.32491683959961,9.84824562072754,12.085947036743164,0.8203637599945068,0.0257203839719295,16.47553825378418,5.331943035125732,10.405548095703123,0.6729440093040466,0.0144100561738014,16.331087112426758
validation_minutes,20260915_2008,t,1,present,ok,37,39,4448,127.0,5862,2447,0.4174343227567383,3700,527,75.89148592164125,8.731999635696411,100,8.740697458171034,25,570.0,4.714033603668213,7.390645027160644,7.790964126586914,0.6628429293632507,0.6466172933578491,21.84286499023437,9.8569917678833,12.123618125915527,0.7542381882667542,0.0254482869058847,16.326318740844727,9.85416030883789,12.092572212219238,0.8406655192375183,0.0244364123791456,16.476118087768555,5.332523822784424,10.361047744750977,0.6690117120742798,0.0137973120436072,16.332233428955078
validation_minutes,20260915_2009,t,1,present,ok,56,58,7210,129.0,5862,321,0.054759467758444216,5600,235,123.01235244331816,0.7330002784729004,100,14.021811331222999,52,570.0,5.12701416015625,7.395533084869385,7.792956352233887,0.6603224277496338,0.6456092596054077,21.856489181518555,9.875814437866213,12.145587921142578,0.6613558530807495,0.0258225947618484,16.341739654541016,9.873533248901367,12.12024211883545,0.7352735996246338,0.024917796254158,16.502593994140625,5.340284824371338,10.39061164855957,0.5924644470214844,0.01407409645617,16.346925735473633
validation_minutes,20260915_2010,t,1,present,ok,32,33,4414,128.0,5892,2511,0.42617107942973526,3200,276,74.92404070172174,9.489000082015991,100,8.44916155173054,17,530.0,4.612710952758789,7.382637977600098,7.766364097595215,0.6641432046890259,0.6464167833328247,21.826032638549805,9.835704803466797,12.08251667022705,0.8705223798751831,0.0268755741417408,16.307573318481445,9.832924842834473,12.072640419006348,0.961796224117279,0.0259327515959739,16.44142723083496,5.325433254241943,10.34554386138916,0.7611463069915771,0.0145365111529827,16.314777374267578
validation_minutes,20260915_2011,t,1,present,ok,33,34,4638,129.0,5822,2274,0.39058742700103055,3300,205,79.67703138568223,5.555999517440796,100,13.20442344949641,15,540.0,4.805793762207031,7.374966621398926,7.77817440032959,0.6689144372940063,0.6471388339996338,21.664703369140625,9.585034370422363,11.783193588256836,1.495093822479248,0.0324422940611839,16.12491226196289,9.583701133728027,11.749595642089844,1.6332685947418213,0.0311216916888952,16.12493896484375,5.197034358978272,10.12488079071045,1.3474044799804688,0.0172851588577032,16.14200210571289
validation_minutes,20260915_2012,t,1,present,ok,42,44,5607,128.0,5860,1560,0.26621160409556316,4200,221,95.68259401237206,5.29200005531311,100,10.001410907167003,31,570.0,4.956181049346924,7.396084785461426,7.7832841873168945,0.66568922996521,0.6472786068916321,21.81549835205078,9.80604362487793,12.05948543548584,0.9415507316589355,0.0312143042683601,16.295255661010742,9.80526351928711,12.05416488647461,1.0323659181594849,0.0284256525337696,16.419431686401367,5.308964252471924,10.31830596923828,0.8280050754547119,0.0160158351063728,16.303316116333008
validation_minutes,20260915_2013,t,1,present,ok,57,59,7401,129.0,5861,154,0.026275379628049822,5700,141,126.2839983405162,0.3059999942779541,100,14.982838172713631,55,570.0,4.886002063751221,7.395815849304199,7.783954620361328,0.6626986265182495,0.6459624767303467,21.86278533935547,9.889966011047363,12.143497467041016,0.6637680530548096,0.0269632488489151,16.34796905517578,9.887784004211426,12.147143363952637,0.735937237739563,0.0256934557110071,16.508987426757812,5.350522994995117,10.385540008544922,0.5915470123291016,0.0148013206198811,16.353395462036133
validation_minutes,20260915_2014,t,1,present,ok,45,45,5460,128.0,5903,1717,0.2908690496357784,4500,534,92.49690860416462,4.641999959945679,100,10.55050082287158,29,570.0,5.342789173126221,7.3892502784729,7.779273986816406,0.6644713878631592,0.6463220119476318,21.81072425842285,9.800477027893066,12.044266700744627,0.9823697805404664,0.0263132657855749,16.288867950439453,9.799365043640137,12.037978172302246,1.082946538925171,0.0254072677344083,16.406885147094727,5.304609298706055,10.312501907348633,0.8738471269607544,0.014237311668694,16.29730987548828
validation_minutes,20260915_2015,t,1,present,ok,34,36,5070,128.5,5862,1981,0.3379392698737632,3400,187,86.49515499938961,5.162999868392944,100,18.03303755845823,14,570.0,4.977334976196289,7.391587734222412,7.788219451904297,0.6622409224510193,0.6457259654998779,21.85657501220703,9.871646881103516,12.126120567321776,0.7304632663726807,0.02624855004251,16.34109878540039,9.869667053222656,12.138301849365234,0.80906742811203,0.0253699868917465,16.49445915222168,5.344020366668701,10.37339210510254,0.6374006271362305,0.0143954446539282,16.346696853637695
validation_minutes,20260915_2016,t,1,present,ok,29,30,3847,128.0,5877,2943,0.5007656967840735,2900,288,65.46302280021384,10.469000101089478,100,10.131991460132921,18,510.0,4.775491714477539,7.352878570556641,7.771040439605713,0.6746934652328491,0.6489827632904053,21.31887435913086,9.047100067138672,11.077754974365234,2.1693429946899414,0.045488242059946,15.741658210754396,9.046396255493164,11.002937316894531,2.4013261795043945,0.0439731478691101,15.473885536193848,4.919023513793945,9.712725639343262,1.889631748199463,0.0233425330370664,15.772025108337402
validation_minutes,20260915_2017,t,1,present,ok,55,57,7078,129.0,5862,396,0.06755373592630501,5500,206,120.74789307576285,2.196000099182129,100,7.447479759933499,53,570.0,5.30822229385376,7.390969276428223,7.7880940437316895,0.6665087938308716,0.6464770436286926,21.765926361083984,9.720698356628418,11.943124771118164,1.1948912143707275,0.029706472530961,16.238540649414062,9.719778060913086,11.96267318725586,1.3164570331573486,0.0280168652534484,16.315336227416992,5.26019811630249,10.256589889526367,1.033153772354126,0.0156711284071207,16.249895095825195
validation_minutes,20260915_2018,t,1,present,ok,40,42,5506,128.0,5877,1661,0.2826271907435767,4000,251,93.69841565147638,4.502000093460083,100,16.515627608135887,24,560.0,4.908527851104736,7.3915324211120605,7.770514488220215,0.6650206446647644,0.6461338400840759,21.836355209350582,9.832358360290527,12.08077335357666,0.8934226036071777,0.0266717262566089,16.319400787353516,9.830912590026855,12.102997779846191,0.9702121019363404,0.0254110060632228,16.451061248779297,5.317486763000488,10.288509368896484,0.765166163444519,0.0141929639503359,16.326183319091797
validation_minutes,20260915_2019,t,1,present,ok,35,37,4800,129.0,5245,1587,0.30257387988560536,3500,334,91.52445430660534,3.4179999828338623,100,9.480298619239509,18,470.0,4.633381843566895,7.381187438964844,7.770574569702148,0.6680032014846802,0.6464130878448486,21.82449722290039,9.815677642822266,12.055944442749023,0.9831476211547852,0.0273829642683267,16.307119369506836,9.814946174621582,12.084338188171388,1.0587973594665527,0.0263378676027059,16.424760818481445,5.309575080871582,10.288143157958984,0.8440356254577637,0.0146842263638973,16.314495086669922
validation_minutes,20260915_2020,t,1,present,ok,43,45,5412,128.0,5862,1708,0.2913681337427499,4300,459,92.33919105393939,6.900000333786011,100,6.5359925183526215,33,570.0,4.821952819824219,7.367629051208496,7.783745765686035,0.6709222793579102,0.64885413646698,21.536365509033203,9.37625217437744,11.4627046585083,1.8829100131988523,0.0366905853152275,15.979214668273926,9.37115478515625,11.455052375793455,2.026254177093506,0.0352306216955184,15.869954109191896,5.08480167388916,9.973104476928713,1.6142550706863403,0.0191512629389762,16.005067825317383
validation_minutes,20260915_2021,t,1,present,ok,57,59,7413,129.0,5861,164,0.02798157311039072,5700,152,126.49307246224681,0.36100006103515625,100,7.148726286647199,55,570.0,4.868200778961182,7.384448528289795,7.762425422668457,0.6607880592346191,0.6451711058616638,21.87083625793457,9.892101287841797,12.134384155273438,0.7005244493484497,0.0251430682837963,16.359737396240234,9.890558242797852,12.166329383850098,0.7417940497398376,0.0243715066462755,16.51514434814453,5.346081256866455,10.36863899230957,0.5894349813461304,0.0136041911318898,16.36421775817871
validation_minutes,20260915_2022,t,1,present,ok,48,50,5869,129.0,5862,1374,0.23439099283520984,4800,506,100.12966212271024,5.486999750137329,100,13.058110955521819,42,570.0,4.772841453552246,7.384138107299805,7.768124103546143,0.6622648239135742,0.6453065872192383,21.861555099487305,9.87246799468994,12.098398208618164,0.7530498504638672,0.0246672444045543,16.349451065063477,9.87067985534668,12.151007652282717,0.8101574182510376,0.0239746589213609,16.497440338134766,5.335978984832764,10.362427711486816,0.6372889280319214,0.0133146988227963,16.354534149169922
validation_minutes,20260915_2023,t,1,present,ok,47,48,5964,129.0,5861,1299,0.22163453335608257,4700,412,101.75911555050473,6.194000005722046,100,8.789446239224826,38,570.0,4.835659980773926,7.383705139160156,7.7688493728637695,0.6631014347076416,0.6464987397193909,21.853757858276367,9.858802795410156,12.077486991882324,0.8210872411727905,0.025070272386074,16.340736389160156,9.857426643371582,12.134273529052734,0.8711761832237244,0.0241612512618303,16.480859756469727,5.328772068023682,10.34715461730957,0.6954882144927979,0.013507037423551,16.34638214111328
validation_minutes,20260915_2024,t,1,present,ok,35,37,4650,128.0,5985,2427,0.4055137844611529,3500,326,77.69423571277359,7.549999713897705,100,5.272169684412633,19,520.0,4.775500297546387,7.386357307434082,7.7720232009887695,0.6628748774528503,0.6453445553779602,21.85358238220215,9.85963249206543,12.084763526916504,0.8247674107551575,0.0255273766815662,16.341245651245117,9.858223915100098,12.133769035339355,0.8756352066993713,0.0245954636484384,16.479156494140625,5.332265853881836,10.355768203735352,0.7074210047721863,0.0136154787614941,16.34679412841797
validation_minutes,20260915_2025,t,1,present,ok,53,55,6854,129.0,5861,611,0.10424842177102883,5300,210,116.94449664372225,4.239000082015991,100,6.727921165528988,49,570.0,7.987845420837402,7.384608745574951,7.772614479064941,0.663902759552002,0.6459449529647827,21.85616683959961,9.859557151794434,12.07506275177002,0.8253734111785889,0.0271777864545583,16.345033645629883,9.858956336975098,12.140788078308104,0.8657800555229187,0.0255615655332803,16.482126235961914,5.334890365600586,10.375368118286133,0.7027359008789062,0.0143461786210536,16.350139617919922
validation_minutes,20260915_2026,t,1,present,ok,46,47,5817,128.5,5845,1411,0.24140290846877674,4600,501,99.52436320879083,5.91700005531311,100,12.294476472843641,34,570.0,4.672023773193359,7.382152557373047,7.773157119750977,0.6625747680664062,0.6454958319664001,21.856674194335938,9.860480308532717,12.072084426879885,0.8139621019363403,0.0258267913013696,16.34590721130371,9.859740257263184,12.13987636566162,0.8595490455627441,0.0247742757201194,16.48223876953125,5.336818218231201,10.376934051513672,0.699480414390564,0.0138352494686841,16.351089477539062
validation_minutes,20260915_2027,t,1,present,ok,51,53,6618,129.0,5862,778,0.13271920846127602,5100,213,112.91203168791674,5.789999961853027,100,6.381445260662286,47,570.0,4.809426784515381,7.383508682250977,7.772483825683594,0.6611585021018982,0.6455478072166443,21.861459732055664,9.87057113647461,12.06892204284668,0.783439040184021,0.0285342298448085,16.35087013244629,9.86926555633545,12.142478942871094,0.8283888697624207,0.0266698189079761,16.491058349609375,5.338846206665039,10.36044692993164,0.6684134006500244,0.0150873651728034,16.356184005737305
validation_minutes,20260915_2028,t,1,present,ok,49,51,6164,128.0,5861,1158,0.19757720525507594,4900,425,105.17694443601431,4.355999946594238,100,8.977818393059842,41,570.0,4.614940643310547,7.369786262512207,7.780821800231934,0.6678487658500671,0.6472146511077881,21.67074203491211,9.57280731201172,11.68209457397461,1.564309000968933,0.0321799479424953,16.1346435546875,9.57892608642578,11.72940158843994,1.6663310527801514,0.0305616781115531,16.11305809020996,5.181080341339111,10.164861679077148,1.3485713005065918,0.0171692129224538,16.15228843688965
validation_minutes,20260915_2029,t,1,present,ok,40,42,4816,128.0,5257,1575,0.2996005326231691,4000,501,91.61989948827839,7.017999887466431,100,10.541524595116629,32,510.0,4.847795009613037,7.381160736083984,7.777036666870117,0.6638888120651245,0.644889235496521,21.843080520629883,9.83747100830078,12.032175064086914,0.9141684770584106,0.0276244860142469,16.330760955810547,9.837510108947754,12.083194732666016,0.9596490859985352,0.0263838488608598,16.45124626159668,5.317609786987305,10.361213684082031,0.7867171168327332,0.0145513387396931,16.33730125427246
validation_minutes,20260915_2030,t,1,present,ok,53,55,6721,129.0,5845,689,0.11787852865697176,5300,284,114.9911032929078,3.680000066757202,100,6.044928523947389,47,560.0,4.850075721740723,7.385584831237793,7.776312828063965,0.6637271642684937,0.6467360854148865,21.85913848876953,9.853032112121582,12.067960739135742,0.814454972743988,0.0261400006711483,16.34916877746582,9.853678703308104,12.110719680786133,0.8592180013656616,0.0248969811946153,16.48213005065918,5.3272857666015625,10.344829559326172,0.7112464904785156,0.0138113601133227,16.354557037353516
validation_minutes,20260915_2031,t,1,present,ok,53,55,6910,129.0,5860,554,0.09453924914675768,5300,240,117.93620164448961,2.0319995880126953,100,12.990636440675981,48,570.0,5.153527736663818,7.375791549682617,7.789339065551758,0.6679692268371582,0.6469640135765076,21.739131927490234,9.670507431030272,11.81513786315918,1.3548016548156738,0.0305626355111598,16.213624954223633,9.67869758605957,11.87951374053955,1.425992488861084,0.0291810389608144,16.242765426635742,5.232704162597656,10.234771728515623,1.186007738113403,0.0165675356984138,16.22696304321289
validation_minutes,20260915_2032,t,1,present,ok,32,34,4333,128.5,5864,2544,0.43383356070941337,3200,257,73.89658240774783,7.7769999504089355,100,9.35345399250113,17,490.0,4.998524188995361,7.385787010192871,7.78439998626709,0.665351390838623,0.6466204524040222,21.856311798095703,9.849872589111328,12.0480318069458,0.8393016457557678,0.027545703575015,16.347000122070312,9.850666999816896,12.101694107055664,0.8780162334442139,0.0263357255607843,16.474748611450195,5.32034969329834,10.328451156616213,0.7272409200668335,0.0150516359135508,16.352611541748047
validation_minutes,20260915_2033,t,1,present,ok,38,40,4930,128.0,5861,2097,0.3577887732468862,3800,442,84.11820906072042,7.773000001907349,100,15.150507472164298,24,570.0,5.033716678619385,7.363399028778076,7.783725738525391,0.6731719374656677,0.6497900485992432,21.46315193176269,9.242409706115724,11.294925689697266,2.014359712600708,0.041390873491764,15.907024383544922,9.25572395324707,11.30628776550293,2.117997169494629,0.0393734313547611,15.710302352905272,5.010615825653076,9.85520362854004,1.745100498199463,0.0216143243014812,15.935017585754396
validation_minutes,20260915_2034,t,1,present,ok,34,36,4312,128.5,5862,2570,0.43841692255203,3400,374,73.567297163329,7.380000114440918,100,36.71241868498473,21,570.0,8.233075141906738,7.37464714050293,7.796697616577148,0.6722309589385986,0.648786723613739,21.6295108795166,9.506109237670898,11.59399127960205,1.6805537939071655,0.0383303984999656,16.092453002929688,9.51720905303955,11.630607604980469,1.7407983541488647,0.0353648103773593,16.01987648010254,5.146418571472168,10.089229583740234,1.4369287490844729,0.0201611705124378,16.112890243530273
validation_minutes,20260915_2035,t,1,present,ok,50,51,6521,129.0,5294,289,0.054590102002266716,5000,152,123.188815496513,0.692000150680542,100,13.900823655342403,44,510.0,4.917572021484375,7.383768081665039,7.782266616821289,0.6643377542495728,0.6468331813812256,21.85894203186035,9.869747161865234,12.029053688049316,0.8428909182548523,0.0270221885293722,16.351476669311523,9.870110511779783,12.082701683044434,0.870279848575592,0.0259183384478092,16.47323989868164,5.333141803741455,10.457277297973633,0.7332583069801331,0.0148001592606306,16.357213973999023
validation_minutes,20260915_2036,t,1,present,ok,52,54,6883,129.0,5861,597,0.10185975089575158,5200,155,117.44731674362035,3.677000045776367,100,15.812411640007559,48,570.0,4.788992404937744,7.384687423706055,7.7871904373168945,0.663737416267395,0.6467447280883789,21.860252380371094,9.858179092407228,12.018434524536133,0.8295965790748596,0.028942858800292,16.35279655456543,9.859001159667969,12.08406925201416,0.8554208278656006,0.0267854612320661,16.47733497619629,5.32445240020752,10.39712142944336,0.7194397449493408,0.0155977271497249,16.3587646484375
validation_minutes,20260915_2037,t,1,present,ok,52,54,6558,129.0,5862,873,0.1489252814738997,5200,405,111.88262388352818,2.068000078201294,100,47.75443009247013,44,570.0,17.962064743041992,7.4201154708862305,7.897162437438965,0.7618272304534912,0.6558305025100708,21.87223243713379,9.86975383758545,12.051000595092772,0.7495841383934021,0.0442831628024578,16.36681365966797,9.869319915771484,12.108980178833008,0.7791929841041565,0.0405376106500625,16.502180099487305,5.327596664428711,10.363658905029297,0.6325774788856506,0.0210470613092184,16.371849060058594
validation_minutes,20260915_2038,t,1,present,ok,37,38,4905,129.0,5264,1530,0.2906534954407295,3700,248,93.19602508197335,4.745999813079834,100,22.220538459108734,23,480.0,7.283285140991211,7.383248329162598,7.790922164916992,0.6720356941223145,0.6484819650650024,21.77148056030273,9.718216896057127,11.8518648147583,1.255462408065796,0.0410105437040329,16.254453659057617,9.718672752380373,11.882369041442873,1.2912737131118774,0.0367678217589855,16.29816246032715,5.252991676330566,10.267095565795898,1.08656907081604,0.0202837735414505,16.265581130981445
validation_minutes,20260915_2039,t,1,present,ok,37,39,4958,129.0,5862,2103,0.3587512794268168,3700,322,84.58441355871194,6.564000129699707,100,122.48900158827254,21,570.0,21.865997314453125,7.421425819396973,7.8261518478393555,0.8353933095932007,0.6565858721733093,21.79602813720703,9.756665229797363,11.913291931152344,1.1573383808135986,0.0337979905307292,16.282299041748047,9.757152557373049,11.93962860107422,1.2019829750061035,0.032371487468481,16.34671974182129,5.273448944091797,10.357292175292969,1.0042272806167605,0.0178517792373895,16.291967391967773
validation_minutes,20260915_2040,t,1,present,ok,52,54,6769,129.5,5862,685,0.11685431593312863,5200,217,115.4823850362309,4.861999988555908,100,13.196588359938982,50,570.0,4.745057582855225,7.373771667480469,7.775448799133301,0.6685404777526855,0.6475984454154968,21.638107299804688,9.504137992858888,11.631938934326172,1.6442426443099976,0.0366468504071235,16.106212615966797,9.515114784240724,11.6358060836792,1.724363088607788,0.0353979766368866,16.028276443481445,5.144819259643555,10.148235321044922,1.4316601753234863,0.0199023876339197,16.125934600830078
validation_minutes,20260915_2041,t,1,present,ok,48,50,6267,129.0,5862,1077,0.18372569089048107,4800,297,106.91620046965971,6.425999879837036,100,18.53828249990066,40,570.0,4.443874835968018,7.389749526977539,7.784933090209961,0.6628448963165283,0.646867573261261,21.87494659423828,9.873785018920898,12.067699432373049,0.7299273014068604,0.0260359831154346,16.371776580810547,9.873856544494627,12.063645362854004,0.7701367139816284,0.0252990406006574,16.502965927124023,5.336706161499023,10.44208526611328,0.644454836845398,0.0142113268375396,16.376405715942383
validation_minutes,20260915_2042,t,1,present,ok,46,48,6041,129.0,5861,1269,0.2165159529090599,4600,364,103.07290694845726,5.7200000286102295,100,27.856664972982315,36,570.0,4.653576850891113,7.389175891876221,7.785216331481934,0.6618311405181885,0.6460103392601013,21.87450408935547,9.874126434326172,12.078084945678713,0.7236539721488953,0.0260883886367082,16.371875762939453,9.87343406677246,12.064279556274414,0.7674179673194885,0.0252876915037632,16.50231170654297,5.334773540496826,10.439859390258787,0.6406874656677246,0.0142257260158658,16.376405715942383
validation_minutes,20260915_2043,t,1,present,ok,38,40,4917,128.5,5445,1688,0.31000918273645545,3800,400,90.31630006105901,3.765000104904175,100,19.12509265310247,22,530.0,11.852989196777344,7.393805980682373,7.790648460388184,0.6707382202148438,0.6469299793243408,21.80524253845215,9.768238067626951,11.954818725585938,1.0851750373840332,0.0329625532031059,16.294837951660156,9.770318984985352,11.94236946105957,1.1516779661178589,0.0304675009101629,16.36311912536621,5.278881549835205,10.373422622680664,0.96171635389328,0.0171175133436918,16.303918838500977
validation_minutes,20260915_2044,t,1,present,ok,57,59,7416,129.0,5862,170,0.029000341180484477,5700,158,126.52914968653108,0.30299997329711914,100,19.5095329039037,55,570.0,4.655218601226807,7.398932456970215,7.821375846862793,0.6618119478225708,0.6473919153213501,21.88351821899414,9.892736434936523,12.11275577545166,0.6619017720222473,0.0396738722920417,16.382551193237305,9.892848014831545,12.093167304992676,0.7012035250663757,0.0334829203784465,16.51898193359375,5.342546463012695,10.457146644592283,0.590644359588623,0.0186134614050388,16.38678550720215
validation_minutes,20260915_2045,t,1,present,ok,44,45,5652,129.0,5515,1220,0.22121486854034453,4400,468,102.4878508704671,2.0350000858306885,100,21.75066949156588,32,530.0,5.732949256896973,7.396123886108398,7.803627490997314,0.6658529043197632,0.6472906470298767,21.843204498291016,9.827978134155272,12.04828929901123,0.9096364378929138,0.0313168130815029,16.337825775146484,9.82880687713623,12.010479927062988,0.9625383019447328,0.0291971657425165,16.437410354614258,5.307465553283691,10.383674621582031,0.8119680881500244,0.0159561540931463,16.344738006591797
validation_minutes,20260915_2046,t,1,present,ok,42,44,5371,129.5,5862,1771,0.302115319003753,4200,350,91.63496165851112,7.200000047683716,100,111.12085166060203,32,570.0,22.007980346679688,7.53770637512207,8.402053833007812,1.092393398284912,0.6800001859664917,21.865070343017575,9.906030654907228,12.123122215270996,0.8048564195632935,0.097865879535675,16.366222381591797,9.900188446044922,12.18746280670166,0.8546891212463379,0.0841380432248115,16.48435401916504,5.335099697113037,10.325294494628906,0.680488109588623,0.0383037514984607,16.374589920043945
validation_minutes,20260915_2047,t,1,present,ok,49,51,6369,129.0,5898,1041,0.17650050864699898,4900,365,107.99125039352386,4.422999858856201,100,145.7177298438985,40,560.0,20.61373710632324,7.49424934387207,8.065356254577637,0.9393903017044068,0.6702563166618347,21.85039710998535,9.887933731079102,12.039856910705566,0.7953563928604126,0.0558787398040294,16.352542877197266,9.887184143066406,12.14712142944336,0.787815511226654,0.049829825758934,16.460119247436523,5.336019039154053,10.310232162475586,0.7062352895736694,0.0240170210599899,16.36130714416504
validation_minutes,20260915_2048,t,1,present,ok,40,42,5268,129.0,5862,1836,0.3132036847492323,4000,308,89.87307229522376,4.3470001220703125,100,63.34169415637638,28,570.0,23.271160125732425,7.490304470062256,8.25967788696289,1.056085228919983,0.6776675581932068,21.619792938232425,9.515631675720217,11.626368522644045,1.7341865301132202,0.0759843438863754,16.091693878173828,9.524591445922852,11.600702285766602,1.797828197479248,0.0696424394845962,16.00296974182129,5.149655342102051,10.01270580291748,1.4237515926361084,0.0332525856792926,16.115327835083008
validation_minutes,20260915_2049,t,1,present,ok,52,54,6517,131.0,5861,982,0.16754819996587614,5200,569,111.1945264994365,2.804999828338623,100,44.99118875143451,45,570.0,20.824403762817383,7.475188732147217,8.050854682922363,0.9315983057022096,0.6676488518714905,21.85027503967285,9.871986389160156,12.066605567932127,0.8472049236297607,0.0834341421723365,16.352256774902344,9.869518280029297,12.099477767944336,0.849703311920166,0.0692448690533638,16.462430953979492,5.342251300811768,10.347872734069824,0.7076120376586914,0.033130120486021,16.360904693603516
validation_minutes,20260915_2050,t,1,present,ok,52,54,6516,130.0,5860,894,0.15255972696245734,5200,405,111.19453943010815,4.28499960899353,100,23.113205415964565,47,570.0,18.545669555664062,7.428692817687988,7.928483009338379,0.7362189292907715,0.6556211709976196,21.849884033203125,9.882770538330078,12.086195945739746,0.8333088755607605,0.1006643250584602,16.351797103881836,9.875619888305664,12.150567054748535,0.7775000333786011,0.0848039984703064,16.461549758911133,5.352945804595947,10.41755485534668,0.6863393783569336,0.0380486547946929,16.360454559326172
validation_minutes,20260915_2051,t,1,present,ok,40,42,5471,130.0,5862,1742,0.2971682019788468,4000,353,93.34425268810836,5.357999801635742,100,46.5537668794024,22,570.0,18.107994079589844,7.428381443023682,7.918759822845459,0.7457253336906433,0.6548994183540344,21.8531551361084,9.881866455078123,12.069668769836426,0.8131169676780701,0.0931472778320312,16.35606575012207,9.876220703125,12.142580032348633,0.7595379948616028,0.0785666927695274,16.4702091217041,5.341794013977051,10.321460723876951,0.6667494177818298,0.0374547988176345,16.364049911499023
validation_minutes,20260915_2052,t,1,present,ok,32,33,4259,129.5,5884,2655,0.45122365737593473,3200,278,72.39011442349246,8.710999965667725,100,68.78489170969115,17,520.0,23.12763023376465,7.412731647491455,7.939140319824219,1.0009732246398926,0.6616872549057007,21.43874168395996,9.256567001342772,11.415417671203612,1.9021531343460083,0.0824475958943367,15.885765075683594,9.270423889160156,11.528596878051758,1.8679965734481807,0.0803916603326797,15.669845581054688,5.005860328674316,9.766438484191896,1.7564873695373535,0.0388735942542552,15.920539855957031
validation_minutes,20260915_2053,t,1,present,ok,42,44,5863,129.0,5862,1386,0.23643807574206754,4200,113,100.03241701889587,6.9750001430511475,100,14.57598072622777,28,570.0,5.342092037200928,7.393255233764648,7.8131208419799805,0.6657080054283142,0.6467745304107666,21.844463348388672,9.864981651306152,12.025335311889648,0.8199030756950378,0.0380457937717437,16.343799591064453,9.865030288696287,12.03805160522461,0.8432937264442444,0.0321742296218872,16.454078674316406,5.341091632843018,10.389070510864258,0.7152095437049866,0.0191844925284385,16.353227615356445
validation_minutes,20260915_2054,t,1,present,ok,57,59,7070,129.0,5862,443,0.07557147731149778,5700,431,120.62376307548675,0.5840001106262207,100,14.286709217126432,55,570.0,5.523107051849365,7.399904251098633,7.82054328918457,0.6624137163162231,0.6453665494918823,21.865049362182617,9.903240203857422,12.045832633972168,0.6765041947364807,0.0353018008172512,16.368871688842773,9.902538299560549,12.062171936035156,0.6859381198883057,0.0307750031352043,16.496610641479492,5.361808776855469,10.428056716918944,0.5826162099838257,0.0182360429316759,16.37515640258789
validation_minutes,20260915_2055,t,1,present,ok,51,53,6628,129.0,5862,790,0.13476629136813376,5100,296,113.08650375194203,3.501999855041504,100,32.51071881801272,43,570.0,7.313039302825928,7.40159797668457,7.812182426452637,0.6644532680511475,0.6463804244995117,21.85362434387207,9.886445045471191,12.028374671936035,0.7455286383628845,0.0339428484439849,16.35525894165039,9.886409759521484,12.025986671447754,0.751308262348175,0.030504822731018,16.476930618286133,5.352228164672852,10.405847549438477,0.6364496946334839,0.0177228190004825,16.362844467163086
validation_minutes,20260915_2056,t,1,present,ok,35,36,4776,129.0,5900,2263,0.3835593220338983,3500,263,80.95052448571614,6.61299991607666,100,15.460685266757757,20,530.0,6.004905223846436,7.386340141296387,7.827425956726074,0.673980712890625,0.6504839658737183,21.602540969848636,9.503684043884276,11.600814819335938,1.6991446018218994,0.0446391627192497,16.06954574584961,9.51402473449707,11.60244846343994,1.7098969221115112,0.0418068766593933,15.985161781311035,5.156304836273193,10.082195281982422,1.4393969774246216,0.0231364481151103,16.09551239013672
validation_minutes,20260915_2057,t,1,present,ok,35,36,4526,128.0,5943,2495,0.41982163890291097,3500,377,76.16835767741185,6.0959999561309814,100,19.019373314587234,20,520.0,5.802374839782715,7.406241416931152,7.829916000366211,0.6678719520568848,0.6476434469223022,21.83733940124512,9.865975379943848,12.001449584960938,0.8437153697013855,0.0347003377974033,16.336397171020508,9.866618156433104,11.98553466796875,0.850072979927063,0.0314633399248123,16.445985794067383,5.340998649597168,10.383317947387695,0.7189643383026123,0.0181490667164325,16.34613800048828
validation_minutes,20260915_2058,t,1,present,ok,34,36,4508,129.0,5848,2413,0.41261969904240764,3400,377,77.0954114920862,5.919999837875366,100,13.685172940788277,17,570.0,5.503367900848389,7.390048980712891,7.815911769866943,0.6723688840866089,0.6489455699920654,21.574193954467773,9.458393096923828,11.56178855895996,1.7656641006469729,0.0421384498476982,16.0378475189209,9.46922206878662,11.558234214782717,1.7762701511383057,0.0392502434551715,15.932236671447754,5.134565353393555,10.02254867553711,1.5012853145599363,0.0221302080899477,16.065568923950195
validation_minutes,20260915_2059,t,1,present,ok,57,59,7385,129.0,5859,192,0.03277009728622632,5700,179,126.05185422381564,0.2990000247955322,100,185.80658183150723,55,570.0,21.45168113708496,7.550177097320557,8.26944351196289,1.0843955278396606,0.6837179660797119,21.85849952697754,9.904321670532228,12.051645278930664,0.691182553768158,0.0433113798499107,16.36236572265625,9.902840614318848,12.051258087158203,0.6899077296257019,0.0401764027774333,16.489757537841797,5.350609302520752,10.374069213867188,0.5908916592597961,0.0206364840269088,16.368743896484375
validation_minutes,20260915_2100,t,1,present,ok,54,54,6653,128.5,5593,498,0.089039871267656,5400,364,118.96715105461968,1.056999921798706,100,53.09869985596769,50,540.0,5.870024681091309,7.402339935302734,7.813143253326416,0.665985643863678,0.6468709707260132,21.794469833374023,9.801931381225586,11.925115585327148,1.0679068565368652,0.0333196595311164,16.287668228149414,9.803930282592772,11.897923469543455,1.0808875560760498,0.0318601392209529,16.360107421875,5.3027663230896,10.30600357055664,0.9194694757461548,0.0180748794227838,16.30113410949707
validation_minutes,20260915_2117,t,0,empty,ok,57,59,7329,129.0,5861,203,0.03463572769152022,5700,192,125.06825908035566,0.3169999122619629,100,3.220148649199225,55,570.0,4.736193656921387,7.37672233581543,7.776223182678223,0.6651308536529541,0.6472828984260559,21.88890266418457,9.949077606201172,12.131696701049805,0.679975152015686,0.0230357404798269,16.396690368652344,9.949435234069824,12.061206817626951,0.7087932229042053,0.0223763268440961,16.51888084411621,5.377659797668457,10.50185489654541,0.5912071466445923,0.012376882135868,16.401996612548828
validation_minutes,20260915_2118,t,0,empty,ok,49,50,6070,129.0,5872,1240,0.2111716621253406,4900,442,103.37545526171283,3.987999677658081,100,3.137461565533603,43,560.0,5.032715797424316,7.371872901916504,7.773398399353027,0.6698743104934692,0.6468192934989929,21.705780029296875,9.673418998718262,11.757568359375,1.438936710357666,0.0288903210312128,16.19414710998535,9.68073272705078,11.687131881713867,1.5144832134246826,0.0279043614864349,16.1724853515625,5.23876953125,10.265878677368164,1.2588515281677246,0.0152503168210387,16.2103271484375
validation_minutes,20260915_2119,t,0,empty,ok,35,37,4688,130.0,5886,2330,0.3958545701664968,3500,367,79.6520321505688,5.164999961853027,100,7.092411960905789,18,570.0,5.107570171356201,7.365731239318848,7.765230178833008,0.6668752431869507,0.6456639170646667,21.6005802154541,9.510056495666504,11.555566787719728,1.7171030044555664,0.0321092717349529,16.07753562927246,9.522734642028809,11.466177940368652,1.7876644134521484,0.0303942337632179,15.970701217651367,5.156919956207275,10.122991561889648,1.4968174695968628,0.0166034270077943,16.100194931030273
validation_minutes,20260915_2120,t,0,empty,ok,48,50,6110,129.0,5038,322,0.06391425168717745,4800,210,121.28791448057736,0.5420002937316895,100,5.373753685634957,44,480.0,4.748467922210693,7.378199577331543,7.775637626647949,0.6692894697189331,0.6470234990119934,21.798816680908203,9.820068359375,11.960100173950195,1.1051033735275269,0.0265498850494623,16.29682731628418,9.82361125946045,11.883488655090332,1.1522977352142334,0.0255868751555681,16.35535430908203,5.312178611755371,10.396772384643556,0.9629510641098022,0.0139473276212811,16.307064056396484
validation_minutes,20260915_2121,t,0,empty,ok,39,40,4887,128.0,5846,2097,0.35870680807389665,3900,449,83.60706200300044,6.934999942779541,100,32.52893682205492,23,570.0,10.512547492980955,7.381292819976807,7.754573822021484,0.6667371988296509,0.6466976404190063,21.856109619140625,9.908425331115724,12.074228286743164,0.8011475205421448,0.0252770334482193,16.359580993652344,9.909677505493164,11.99803638458252,0.8338017463684082,0.0239982064813375,16.46896743774414,5.355816841125488,10.449134826660156,0.7005676031112671,0.013322751969099,16.366226196289062
validation_minutes,20260915_2122,t,0,empty,ok,56,58,7288,129.0,5861,241,0.04111926292441563,5600,144,124.3495027049092,0.5149998664855957,100,6.635523296632545,52,570.0,4.7993483543396,7.378945350646973,7.779985427856445,0.6652714014053345,0.6464104652404785,21.81486701965332,9.842914581298828,11.99183177947998,1.0124127864837646,0.0259768757969141,16.313323974609375,9.8460111618042,11.90595817565918,1.0601476430892944,0.0252558700740337,16.389753341674805,5.3223371505737305,10.363853454589844,0.8828592896461487,0.0139743573963642,16.322492599487305
validation_minutes,20260915_2123,t,0,empty,ok,45,47,5446,129.0,5862,1697,0.28949164107813036,4500,561,92.91137079440294,8.029000043869019,100,12.67737842526405,35,570.0,8.11972427368164,7.385312080383301,7.770200729370117,0.6651073694229126,0.6453378200531006,21.858417510986328,9.914615631103516,12.073187828063965,0.7659127712249756,0.0249306578189134,16.361783981323242,9.915345191955566,11.99708080291748,0.8059827089309692,0.0237828884273767,16.475893020629883,5.359087467193604,10.445283889770508,0.6719797849655151,0.0132700186222791,16.367982864379883
validation_minutes,20260915_2124,t,0,empty,ok,34,35,4589,129.0,5880,2355,0.4005102040816326,3400,288,78.05749250497195,7.425000190734863,100,5.907165407771382,17,480.0,5.024656295776367,7.369340896606445,7.757012844085693,0.6722506284713745,0.6481078863143921,21.578256607055664,9.47917938232422,11.50377082824707,1.756036400794983,0.0339212231338024,16.052162170410156,9.488360404968262,11.425625801086426,1.837048053741455,0.0326147377490997,15.931279182434082,5.142073631286621,10.093557357788086,1.5234222412109375,0.0176395289599895,16.07549476623535
validation_minutes,20260915_2125,t,0,empty,ok,45,47,6031,129.0,5862,1236,0.21084953940634596,4500,181,102.8899960160392,7.128999948501587,100,4.4558518478354285,34,570.0,4.461013317108154,7.383772850036621,7.759487628936768,0.6621211767196655,0.6456093788146973,21.85405540466309,9.909239768981934,12.05498218536377,0.7978869676589966,0.0232159979641437,16.357200622558594,9.909439086914062,11.979251861572266,0.8416195511817932,0.0226985607296228,16.467018127441406,5.358328342437744,10.52239227294922,0.6960338354110718,0.012504493817687,16.363243103027344
validation_minutes,20260915_2126,t,0,empty,ok,45,47,5826,129.0,5862,1419,0.2420675537359263,4500,506,99.39774466998432,3.070000171661377,100,7.851093052912718,32,570.0,4.550122261047363,7.385821342468262,7.774012565612793,0.6618043184280396,0.6455815434455872,21.8543701171875,9.909245491027832,12.051225662231444,0.7989910244941711,0.0232626628130674,16.357620239257812,9.909439086914062,11.974384307861328,0.8427342772483826,0.0227206833660602,16.467342376708984,5.358266830444336,10.521282196044922,0.6948585510253906,0.0124870100989937,16.363521575927734
validation_minutes,20260915_2127,t,0,empty,ok,42,44,5331,129.0,5861,1780,0.3037024398566798,4200,367,90.9602783981137,6.043999910354614,100,20.970533393746795,31,570.0,8.934460639953613,7.37204122543335,7.792446136474609,0.678654670715332,0.6508368849754333,21.582857131958008,9.483719825744627,11.504679679870604,1.751047134399414,0.0360278822481632,16.056854248046875,9.4929780960083,11.43440055847168,1.8216692209243772,0.032804999500513,15.938226699829102,5.142455101013184,10.097808837890623,1.5203580856323242,0.0179225243628025,16.079734802246094
validation_minutes,20260915_2128,t,0,empty,ok,57,59,6957,129.0,5861,529,0.09025763521583348,5700,517,118.70595639840967,0.6330001354217529,100,8.857374207173038,55,570.0,4.574716091156006,7.382188320159912,7.774596214294434,0.661597490310669,0.6468266248703003,21.849760055541992,9.897554397583008,12.04101848602295,0.8220068216323853,0.0236608907580375,16.35194969177246,9.898667335510254,11.964682579040527,0.8583335876464844,0.0233537033200263,16.45842933654785,5.348835468292236,10.422775268554688,0.7248917818069458,0.0127583174034953,16.3581485748291
validation_minutes,20260915_2129,t,0,empty,ok,35,36,4428,129.0,5870,2507,0.42708688245315163,3500,414,75.43441251086836,8.83899998664856,100,7.201090042112249,23,560.0,4.839981555938721,7.37270450592041,7.776108741760254,0.6680808663368225,0.6479359865188599,21.690052032470703,9.648136138916016,11.732791900634766,1.4628973007202148,0.0289594326168298,16.175537109375,9.655616760253906,11.66329288482666,1.5372718572616575,0.0277846045792102,16.144845962524414,5.223148822784424,10.2250337600708,1.2861392498016355,0.0151650588959455,16.191518783569336
validation_minutes,20260915_2130,t,0,empty,ok,49,50,6197,129.0,5194,429,0.08259530227185213,4900,234,119.32452724957162,0.7639999389648438,100,3.8510244932746223,43,500.0,4.436096668243408,7.378365516662598,7.779196739196777,0.668940544128418,0.6471660137176514,21.771106719970703,9.773733139038086,11.89581298828125,1.2008416652679443,0.027035804465413,16.265522003173828,9.778153419494627,11.800535202026367,1.2549471855163574,0.0263498574495315,16.302270889282227,5.286440372467041,10.325310707092283,1.0534859895706177,0.0143532622605562,16.27642250061035
validation_minutes,20260915_2131,t,0,empty,ok,45,46,5641,129.0,5874,1583,0.26949267960503914,4500,478,96.04971902210109,3.9000000953674316,100,7.303021856294631,35,570.0,4.566298484802246,7.373610496520996,7.765439987182617,0.668141782283783,0.647419273853302,21.70003890991211,9.662879943847656,11.754508018493652,1.4393662214279177,0.0286062136292457,16.186872482299805,9.670226097106934,11.686564445495604,1.5081100463867188,0.0275765433907508,16.162343978881836,5.230691909790039,10.239776611328123,1.2682626247406006,0.0150447385385632,16.202091217041016
validation_minutes,20260915_2132,t,0,empty,ok,42,43,5182,129.0,5991,2034,0.33950926389584374,4200,522,86.50507472297521,5.08899998664856,100,2.837021873142261,31,560.0,4.687518119812012,7.368664741516113,7.783255577087402,0.6689729690551758,0.6468347311019897,21.588109970092773,9.48793601989746,11.503522872924805,1.729219675064087,0.0326604768633842,16.063377380371094,9.498876571655272,11.44454574584961,1.8162747621536253,0.031101768836379,15.944525718688965,5.142200946807861,10.103477478027344,1.522330403327942,0.0169548988342285,16.085426330566406
validation_minutes,20260915_2133,t,0,empty,ok,52,54,6674,129.0,5861,734,0.12523460160382188,5200,223,113.88301168393838,4.741000413894653,100,2.270981606477484,48,560.0,4.661334991455078,7.381664276123047,7.777841567993164,0.6646707057952881,0.6456895470619202,21.819299697875977,9.848572731018066,11.972847938537598,0.9966019988059998,0.0248332563787698,16.31891632080078,9.850728034973145,11.8900146484375,1.0480221509933472,0.0240793414413929,16.395654678344727,5.324014663696289,10.388821601867676,0.8773583769798279,0.0132893463596701,16.326446533203125
validation_minutes,20260915_2134,t,0,empty,ok,54,56,6864,129.5,5862,625,0.10661890139883999,5400,422,117.09713733710599,0.9630000591278076,100,4.420490331108989,47,570.0,9.633167266845703,7.3867506980896,7.771858215332031,0.6645369529724121,0.6460660696029663,21.86170196533203,9.914288520812988,12.071462631225586,0.775680422782898,0.0254273395985364,16.365581512451172,9.915428161621094,11.992817878723145,0.8041118383407593,0.0241659693419933,16.478511810302734,5.357249736785889,10.439456939697266,0.6746081709861755,0.0132021522149443,16.37043571472168
validation_minutes,20260915_2135,t,0,empty,ok,38,40,4739,129.0,5862,2269,0.3870692596383487,3800,497,80.85512949898474,6.026000261306763,100,9.146308335052755,24,570.0,10.667792320251465,7.390079498291016,7.79275369644165,0.6661813259124756,0.6467487215995789,21.861034393310547,9.915239334106444,12.073150634765623,0.764349639415741,0.032869953662157,16.36481475830078,9.91709327697754,11.981229782104492,0.7895795702934265,0.0298247057944536,16.478132247924805,5.356797695159912,10.44250774383545,0.6654324531555176,0.0158561374992132,16.36954689025879
validation_minutes,20260915_2136,t,0,empty,ok,57,59,7305,129.0,5827,210,0.036039128196327444,5700,199,125.38189539455448,0.4960000514984131,100,10.788068141502125,55,570.0,5.017609119415283,7.382296562194824,7.770657539367676,0.66417396068573,0.6450464725494385,21.8437557220459,9.885597229003906,12.03400707244873,0.881092369556427,0.0241672694683074,16.34560203552246,9.887788772583008,11.939215660095217,0.92122882604599,0.0236494112759828,16.44333267211914,5.342614650726318,10.402914047241213,0.7650718688964844,0.0129678314551711,16.351354598999023
validation_minutes,20260915_2137,t,0,empty,ok,47,49,5808,128.0,5862,1473,0.25127942681678606,4700,610,99.0940266153415,4.230000019073486,100,7.1526067219517175,35,570.0,5.441071510314941,7.381844997406006,7.767555236816406,0.6619997620582581,0.644162118434906,21.852684020996094,9.899980545043944,12.05385398864746,0.8299729824066162,0.0235455948859453,16.3555908203125,9.90135097503662,11.958879470825195,0.8727517127990723,0.0228990912437438,16.460710525512695,5.349769115447998,10.427854537963867,0.7197118401527405,0.012695625424385,16.36069679260254
validation_minutes,20260915_2138,t,0,empty,ok,35,35,4252,129.0,5006,1778,0.3551737914502597,3500,458,84.93977104424623,7.422999858856201,100,4.664504682241665,24,500.0,4.925647258758545,7.377537727355957,7.780840873718262,0.665780782699585,0.6448560953140259,21.824779510498047,9.855411529541016,11.991174697875977,0.998480260372162,0.0254260059446096,16.325159072875977,9.858205795288086,11.903955459594728,1.0476545095443726,0.0246609188616275,16.403823852539062,5.327576637268066,10.39495086669922,0.8550976514816284,0.0136538390070199,16.331880569458008
validation_minutes,20260915_2139,t,0,empty,ok,52,53,6756,130.0,5794,618,0.10666206420434933,5200,163,116.61545893983825,4.204999923706055,100,4.027267257754442,49,560.0,4.95483922958374,7.371480941772461,7.777466297149658,0.6674264669418335,0.6459432244300842,21.649354934692383,9.582042694091797,11.627596855163574,1.6189448833465576,0.0309467297047376,16.1318302154541,9.593274116516112,11.536715507507324,1.6907294988632202,0.0294727571308612,16.057350158691406,5.189328193664551,10.153399467468262,1.3858284950256348,0.0161902103573083,16.1491641998291
validation_minutes,20260915_2140,t,0,empty,ok,39,40,4974,129.0,5912,2132,0.3606224627875507,3900,434,84.14677462509665,6.637000322341919,100,4.167309257430814,22,550.0,4.791290283203125,7.380695819854736,7.768134117126465,0.6622924208641052,0.6452707052230835,21.86665725708008,9.922067642211914,12.077831268310549,0.7622121572494507,0.0232607666403055,16.371505737304688,9.922794342041016,11.987506866455078,0.795559287071228,0.0224830694496631,16.48548698425293,5.361159324645996,10.45100212097168,0.6545614004135132,0.0125543130561709,16.37518310546875
validation_minutes,20260915_2141,t,0,empty,ok,50,52,6487,129.0,5862,895,0.15267826680313887,5000,227,110.67699449373161,6.016999959945679,100,4.0936001278368055,44,570.0,4.860140800476074,7.386505126953125,7.784538269042969,0.6627260446548462,0.6447891592979431,21.865243911743164,9.91918659210205,12.073749542236328,0.776267409324646,0.0233067031949758,16.370088577270508,9.919878005981444,11.98802375793457,0.8146848678588867,0.0227866135537624,16.481143951416016,5.3598456382751465,10.450702667236328,0.6686462163925171,0.0125637194141745,16.373706817626953
validation_minutes,20260915_2142,t,0,empty,ok,52,54,6781,129.5,5861,679,0.11585053745094694,5200,287,115.700928121855,2.3930001258850098,100,3.101390905516875,45,570.0,4.841348648071289,7.382758140563965,7.777177810668945,0.6656907796859741,0.6470983624458313,21.84870338439941,9.893457412719728,12.037464141845703,0.8922306299209595,0.0239821542054414,16.352140426635742,9.894765853881836,11.954351425170898,0.9320454597473145,0.023334601894021,16.44706916809082,5.346847534179688,10.43510627746582,0.7629420757293701,0.0128783704712986,16.356826782226562
validation_minutes,20260915_2143,t,0,empty,ok,42,43,5220,128.5,5946,1966,0.33064244870501175,4200,491,87.80192438506548,4.5299999713897705,100,2.7174981478912597,31,560.0,4.941136360168457,7.377194404602051,7.776365280151367,0.6656908988952637,0.6451022028923035,21.811450958251957,9.834662437438965,11.970304489135742,1.087660312652588,0.0251346658915281,16.311443328857422,9.838245391845703,11.870926856994627,1.1291844844818115,0.0243064034730196,16.37291145324707,5.317297458648682,10.403752326965332,0.9256576299667358,0.0133964614942669,16.31843376159668
validation_minutes,20260915_2144,t,0,empty,ok,36,38,4708,128.5,5571,1982,0.35577095674026205,3600,448,84.51058160532254,4.892999887466431,100,3.008341126314642,24,530.0,5.107228755950928,7.37918758392334,7.770541191101074,0.6635665893554688,0.6448661684989929,21.85396957397461,9.90115737915039,12.06307888031006,0.8728886246681213,0.0240501035004854,16.358386993408203,9.902336120605469,11.97671890258789,0.9077154994010924,0.0232835207134485,16.45606231689453,5.350978374481201,10.46683120727539,0.7436448335647583,0.012847819365561,16.362812042236328
validation_minutes,20260915_2145,t,0,empty,ok,47,49,6241,129.0,5861,1079,0.18409827674458284,4700,275,106.49988895213563,4.5920000076293945,100,3.038253874644515,34,570.0,4.883336544036865,7.383784294128418,7.777928829193115,0.661880612373352,0.6454172730445862,21.864688873291016,9.917652130126951,12.091961860656738,0.8158189058303833,0.0233351755887269,16.369976043701172,9.918378829956056,12.010072708129885,0.8472709059715271,0.0228411797434091,16.475881576538086,5.359350204467773,10.489234924316406,0.6946085691452026,0.0125693324953317,16.37381362915039
validation_minutes,20260915_2146,t,0,empty,ok,57,59,7188,129.0,5862,349,0.05953599454111225,5700,336,122.6390949227057,0.490999698638916,100,1.6287444521789483,55,570.0,4.93737268447876,7.379496574401855,7.759653091430664,0.6614198684692383,0.6462528705596924,21.883298873901367,9.946247100830078,12.134974479675291,0.6958116292953491,0.0227390732616186,16.390541076660156,9.946247100830078,12.0457181930542,0.7186050415039062,0.0220556370913982,16.51195526123047,5.373960494995117,10.513470649719238,0.5927311182022095,0.0122511526569724,16.39327621459961
validation_minutes,20260915_2147,t,0,empty,ok,51,52,6244,129.0,5765,1004,0.17415437987857763,5100,453,108.32567090244007,5.129999876022339,100,2.829149675708976,45,560.0,5.38433837890625,7.381946086883545,7.788962364196777,0.662020742893219,0.6447646617889404,21.870115280151367,9.92529582977295,12.102449417114258,0.8023874163627625,0.0233750101178884,16.376054763793945,9.92608642578125,12.032759666442873,0.8222952485084534,0.0228410717099905,16.48488426208496,5.363519668579102,10.501891136169434,0.6787561178207397,0.0126181691884994,16.379663467407227
validation_minutes,20260915_2148,t,0,empty,ok,40,41,4988,127.5,5861,2070,0.3531820508445658,4000,510,85.10638302580779,7.91700005531311,100,7.46685396711197,25,570.0,5.125722885131836,7.380284309387207,7.776889801025391,0.6625131964683533,0.6449984312057495,21.86720085144043,9.921183586120604,12.092203140258787,0.8229070901870728,0.023312009871006,16.372657775878906,9.922174453735352,12.030821800231934,0.846530556678772,0.0227268151938915,16.47884750366211,5.361318588256836,10.494836807250977,0.6959768533706665,0.0125534292310476,16.376468658447266
validation_minutes,20260915_2149,t,0,empty,ok,36,37,4291,129.0,5077,1832,0.36084301753003745,3600,536,84.5317365954799,5.6419997215271,100,2.455983877758234,22,490.0,4.86047887802124,7.37585973739624,7.768152236938477,0.668434202671051,0.6463090181350708,21.802082061767575,9.81879997253418,11.95291805267334,1.167724370956421,0.0264521054923534,16.301610946655273,9.82288932800293,11.86811351776123,1.199726939201355,0.0258074421435594,16.34803581237793,5.30982780456543,10.405719757080078,0.9918911457061768,0.0140818739309906,16.309497833251953
validation_minutes,20260915_2150,t,0,empty,ok,53,55,6866,130.0,5862,617,0.10525417946093484,5300,203,117.14524565098739,4.026000261306763,100,2.257253667206334,51,570.0,4.865230083465576,7.37120246887207,7.778463363647461,0.6698191165924072,0.6473453640937805,21.69558334350586,9.652097702026367,11.742968559265137,1.5510038137435913,0.0293082930147647,16.184810638427734,9.66174602508545,11.621609687805176,1.5794034004211426,0.0281140152364969,16.136871337890625,5.225847244262695,10.258502006530762,1.3063544034957886,0.0153589332476258,16.19917869567871
validation_minutes,20260915_2151,t,0,empty,ok,44,44,5581,129.0,5939,1721,0.289779424145479,4400,477,93.98154375058208,3.5139999389648438,100,3.6106123377254464,30,570.0,4.745375633239746,7.376381874084473,7.760376930236816,0.6650353670120239,0.6465352177619934,21.820711135864254,9.848133087158203,11.99106788635254,1.0931392908096311,0.0250277556478977,16.321468353271484,9.851319313049316,11.930598258972168,1.1172093152999878,0.0241848938167095,16.384368896484375,5.324737548828125,10.427080154418944,0.920057773590088,0.0134432641789317,16.328248977661133
validation_minutes,20260915_2152,t,0,empty,ok,36,38,4763,130.0,5861,2258,0.38525848831257464,3600,333,81.27431595004472,9.620999813079834,100,2.841598607447829,21,570.0,4.683475971221924,7.383099555969238,7.771943092346191,0.6606149673461914,0.6454985737800598,21.874685287475582,9.932323455810549,12.096837043762209,0.8026777505874634,0.0230380464345216,16.380571365356445,9.933269500732422,12.062357902526855,0.8083558082580566,0.022247614338994,16.491230010986328,5.367284774780273,10.497465133666992,0.6741807460784912,0.0123522114008665,16.384090423583984
validation_minutes,20260915_2153,t,0,empty,ok,31,33,4180,130.0,5867,2710,0.46190557354695755,3100,286,71.24838073946717,6.971999645233154,100,1.687626392345543,18,520.0,5.396251678466797,7.362339019775391,7.767596244812012,0.6732925176620483,0.6485345363616943,21.50289726257324,9.35236644744873,11.32827377319336,2.001205921173096,0.0364638455212116,15.976361274719238,9.371421813964844,11.190961837768556,2.037025451660156,0.0343505144119262,15.771718978881836,5.074892044067383,10.0043306350708,1.682888746261597,0.0187183488160371,16.000503540039062
validation_minutes,20260915_2154,t,0,empty,ok,54,56,6867,130.0,5862,614,0.1047424087342204,5400,305,117.15431201710705,3.3299999237060547,100,2.547691932337039,52,570.0,4.882653713226318,7.373660087585449,7.77780818939209,0.6672322750091553,0.6465970873832703,21.742963790893555,9.726577758789062,11.837934494018556,1.4091639518737793,0.0278598517179489,16.236536026000977,9.73373794555664,11.766399383544922,1.4309476613998413,0.0267970822751522,16.228269577026367,5.263601303100586,10.32442855834961,1.1909459829330444,0.0146371414884924,16.248146057128906
validation_minutes,20260915_2155,t,0,empty,ok,51,52,6419,130.0,5861,959,0.16362395495649207,5100,290,109.53177240413737,4.257999658584595,100,2.825748085339481,46,530.0,4.8225860595703125,7.379887580871582,7.782008647918701,0.6628646850585938,0.6455921530723572,21.86509895324707,9.916441917419434,12.083086967468262,0.8821519613265991,0.0241896547377109,16.369873046875,9.917243957519531,12.043866157531738,0.8941439986228943,0.0235594268888235,16.46782112121582,5.35943603515625,10.48175811767578,0.7412567138671875,0.0129172513261437,16.374216079711914
validation_minutes,20260915_2156,t,0,empty,ok,41,41,5318,129.0,5943,1902,0.32004038364462395,4100,465,89.49848524355112,4.92900013923645,100,10.446477764925074,28,560.0,4.993807315826416,7.370997905731201,7.768844127655029,0.6685329675674438,0.6477068662643433,21.687274932861328,9.639039039611816,11.71848201751709,1.5926926136016846,0.0297010634094476,16.17581558227539,9.649057388305664,11.635610580444336,1.6089259386062622,0.0280577577650547,16.11614227294922,5.219492435455322,10.26186752319336,1.3391680717468262,0.0154158016666769,16.190885543823242
validation_minutes,20260915_2157,t,0,empty,ok,30,32,4399,129.5,5875,2536,0.4316595744680851,3000,218,74.87914494107393,5.70799994468689,100,4.3362699122228925,13,510.0,4.456650733947754,7.3643388748168945,7.770387649536133,0.6727722883224487,0.6486682295799255,21.578733444213867,9.469504356384276,11.507545471191406,1.8650708198547363,0.0337985605001449,16.057527542114258,9.485588073730469,11.383339881896973,1.8786629438400269,0.0321527794003486,15.908567428588867,5.134256362915039,10.125024795532228,1.5706719160079956,0.0175010319799184,16.079126358032227
validation_minutes,20260915_2158,t,0,empty,ok,53,55,6866,130.0,5861,621,0.10595461525336973,5300,210,117.15124207117776,4.129999876022339,100,1.7793565426003977,49,570.0,4.53702974319458,7.378668308258057,7.774672508239746,0.6629112958908081,0.6453866958618164,21.87293815612793,9.92904567718506,12.099021911621094,0.8527981042861938,0.0234388038516044,16.377683639526367,9.929902076721191,12.055673599243164,0.8632381558418274,0.0225491300225257,16.48157501220703,5.365855693817139,10.497032165527344,0.720641016960144,0.0125814722850918,16.381702423095703
validation_minutes,20260915_2159,t,0,empty,ok,43,45,5238,123.0,5862,1894,0.3230979187990447,4300,598,89.36736506214987,7.361000061035156,100,4.214726120361745,31,570.0,4.986716747283936,7.3764567375183105,7.763713836669922,0.6619964241981506,0.646999716758728,21.88303565979004,9.94443130493164,12.129549026489258,0.7966895699501038,0.0229444466531276,16.38842010498047,9.944782257080078,12.086210250854492,0.8043676018714905,0.0223367512226104,16.50051498413086,5.373608112335205,10.516661643981934,0.671094536781311,0.0123715056106448,16.39189338684082
validation_minutes,20260915_2200,t,0,empty,ok,48,49,6122,130.0,5149,466,0.09050301029326083,4800,241,118.91072962193442,1.3700001239776611,100,3.427528625681637,44,490.0,4.78255033493042,7.372087001800537,7.769126415252685,0.666062593460083,0.6461470127105713,21.84454345703125,9.883280754089355,12.055110931396484,1.03442645072937,0.0253321900963783,16.346420288085938,9.88570499420166,12.00798225402832,1.035264492034912,0.0244422387331724,16.42267608642578,5.342989444732666,10.467042922973633,0.8636976480484009,0.013488900847733,16.35232162475586
validation_minutes,20260915_2201,t,0,empty,ok,52,54,6672,130.0,5861,772,0.1317181368367173,5200,333,113.84888432053295,3.2840001583099365,100,2.9890877009039603,45,560.0,4.795988082885742,7.376863479614258,7.779305458068848,0.6617507934570312,0.6450092792510986,21.88472557067871,9.946857452392578,12.130118370056152,0.8057621717453003,0.0230893176048994,16.389076232910156,9.946760177612305,12.092677116394045,0.8132852911949158,0.0224563516676425,16.502103805541992,5.374700546264648,10.519801139831545,0.6810102462768555,0.0124809285625815,16.392606735229492
validation_minutes,20260915_2202,t,0,empty,ok,38,39,5109,129.0,5671,1785,0.3147593017104567,3800,322,90.0962863436658,5.5980000495910645,100,4.455273626889172,25,540.0,4.808420181274414,7.375086784362793,7.778338432312012,0.6644573211669922,0.6469179391860962,21.883527755737305,9.945464134216309,12.126954078674316,0.8165244460105896,0.0233204346150159,16.387331008911133,9.945281982421877,12.08975315093994,0.8271965980529785,0.0224870685487985,16.499452590942383,5.37401819229126,10.517398834228516,0.6875585913658142,0.0125237172469496,16.390989303588867
validation_minutes,20260915_2203,t,0,empty,ok,40,42,5006,129.0,5862,2060,0.35141589901057657,4000,527,85.4076738403583,5.616999864578247,100,4.463028138280189,27,570.0,5.091789245605469,7.377370834350586,7.797268390655518,0.6634172201156616,0.6461239457130432,21.8657341003418,9.918063163757324,12.09120750427246,0.9275575280189514,0.0237259026616811,16.36722183227539,9.9187593460083,12.059277534484863,0.9367684125900269,0.0226796623319387,16.46363639831543,5.360240459442139,10.495869636535645,0.7859675288200378,0.0127830896526575,16.37201499938965
validation_minutes,20260915_2204,t,0,empty,ok,37,38,4962,130.0,5287,1520,0.2874976357102326,3700,230,93.86349864372147,6.03600001335144,100,6.3120396510294245,22,510.0,4.580990791320801,7.378612995147705,7.786680221557617,0.6652170419692993,0.6463374495506287,21.8841495513916,9.947063446044922,12.139897346496582,0.8360799551010132,0.0237514730542898,16.38623046875,9.947007179260254,12.104969024658203,0.8489670157432556,0.0229059476405382,16.4985408782959,5.375223159790039,10.526101112365724,0.7078201174736023,0.0126740420237183,16.390090942382812
validation_minutes,20260915_2205,t,0,empty,ok,57,59,7355,130.0,5862,235,0.040088706925963835,5700,223,125.48624857428644,0.4869999885559082,100,2.5285127908477025,55,570.0,5.350337028503418,7.380722045898437,7.782308578491211,0.6609928607940674,0.6460214257240295,21.90506362915039,9.980883598327637,12.184330940246582,0.6892379522323608,0.0226618759334087,16.407052993774414,9.979473114013672,12.151026725769045,0.7058090567588806,0.0217837374657392,16.540557861328125,5.392362117767334,10.561376571655272,0.5885930061340332,0.0121049471199512,16.40970802307129
validation_minutes,20260915_2206,t,0,empty,ok,50,51,6138,129.0,5862,1172,0.19993176390310474,5000,404,104.72436946266686,3.677999973297119,100,5.480831074738624,44,570.0,4.674100875854492,7.372806549072266,7.78434419631958,0.6671538352966309,0.6474237442016602,21.73695182800293,9.719928741455078,11.82575798034668,1.458545804023743,0.0281901396811008,16.22365379333496,9.725001335144045,11.827880859375,1.4961823225021362,0.0267659332603216,16.207494735717773,5.260463714599609,10.32602310180664,1.2526533603668213,0.0147998919710516,16.236421585083008
validation_minutes,20260915_2207,t,0,empty,ok,44,46,5678,129.0,5862,1541,0.2628795632889799,4400,400,96.87436021819148,4.346999883651733,100,4.472485411432363,28,570.0,5.376306533813477,7.380618095397949,7.781229019165039,0.6611013412475586,0.6464434266090393,21.90300941467285,9.979962348937988,12.169312477111816,0.7220238447189331,0.0224439892917871,16.402132034301758,9.978665351867676,12.170726776123049,0.7433743476867676,0.0216159615665674,16.53697395324707,5.392168521881104,10.560651779174805,0.6211941242218018,0.0121052907779812,16.405057907104492
validation_minutes,20260915_2208,t,0,empty,ok,29,30,3761,128.0,5873,3027,0.5154095011067598,2900,321,64.04536452210812,7.787000417709351,100,10.780204433017389,14,450.0,5.569520473480225,7.381128311157227,7.7773237228393555,0.6659296751022339,0.6460140347480774,21.881149291992188,9.945074081420898,12.12913990020752,0.879555344581604,0.0253085773438215,16.37726593017578,9.94459056854248,12.139838218688965,0.9076755046844482,0.0242057740688323,16.492149353027344,5.374754905700684,10.53090476989746,0.762091875076294,0.0135900191962718,16.38165283203125
validation_minutes,20260915_2209,t,0,empty,ok,39,41,5132,129.0,5861,1952,0.3330489677529432,3900,345,87.56633185495399,6.066999912261963,100,3.5892137272970794,24,570.0,5.163627624511719,7.372083187103271,7.7867536544799805,0.670665979385376,0.6492223739624023,21.59842872619629,9.504112243652344,11.524602890014648,1.807231903076172,0.0329177156090736,16.07209014892578,9.513362884521484,11.518823623657228,1.876430988311768,0.0308712814003229,15.940960884094238,5.151063919067383,10.173309326171877,1.568830966949463,0.0170759931206703,16.091894149780273
validation_minutes,20260915_2210,t,0,empty,ok,57,59,7274,130.0,5862,295,0.050324121460252474,5700,282,124.10851362275594,0.47500014305114746,100,2.8215007500000358,55,570.0,4.879629611968994,7.389343738555908,7.79103946685791,0.6603577136993408,0.6464042663574219,21.91086196899414,9.99449062347412,12.191755294799805,0.6823557615280151,0.0222610402852296,16.40787696838379,9.992454528808594,12.205888748168944,0.7106694579124451,0.0215720124542713,16.551820755004883,5.399857044219971,10.583568572998049,0.5959751605987549,0.0120231853798031,16.41055679321289
validation_minutes,20260915_2211,t,0,empty,ok,53,55,6584,129.0,5860,837,0.14283276450511945,5300,471,112.35878348114284,2.7920000553131104,100,5.095135836912083,47,570.0,4.820516586303711,7.390713691711426,7.788338661193848,0.6644039154052734,0.6462465524673462,21.875253677368164,9.940335273742676,12.113654136657717,0.9066337943077089,0.0237016230821609,16.36815071105957,9.939087867736816,12.13800811767578,0.9493460059165956,0.0228751618415117,16.48197364807129,5.372375965118408,10.538858413696287,0.7903523445129395,0.0127391638234257,16.372995376586914
validation_minutes,20260915_2212,t,0,empty,ok,43,44,5354,129.0,5862,1791,0.3055271238485159,4300,533,91.34804074667943,4.2829999923706055,100,5.528984071709847,32,570.0,4.795320987701416,7.381520748138428,7.800850868225098,0.6692555546760559,0.6475599408149719,21.711181640625,9.683063507080078,11.75535011291504,1.541013479232788,0.0291789788752794,16.189762115478516,9.687326431274414,11.795195579528809,1.6199963092803955,0.0278463456779718,16.15825653076172,5.241825580596924,10.300810813903809,1.3393086194992063,0.0151942949742078,16.204631805419922
validation_minutes,20260915_2213,t,0,empty,ok,38,40,5155,130.0,5881,1984,0.33735759224621664,3800,296,87.6670864407398,5.879999876022339,100,1.9155445570115686,25,560.0,5.07138729095459,7.381832122802734,7.813748359680176,0.6690589189529419,0.6482611298561096,21.621170043945312,9.541142463684082,11.555098533630373,1.771151065826416,0.0324168056249618,16.091638565063477,9.548194885253906,11.59967803955078,1.8632601499557493,0.0307066030800342,15.98780345916748,5.170089244842529,10.17702865600586,1.5342729091644287,0.0167741384357213,16.111953735351562
validation_minutes,20260915_2214,t,0,empty,ok,47,49,6155,130.0,5861,1186,0.20235454700563044,4700,249,105.02158467795047,7.521999835968018,100,7.747011097349927,39,570.0,5.423613548278809,7.374098777770996,7.810858249664307,0.6710629463195801,0.64934903383255,21.53426742553711,9.402060508728027,11.39103889465332,1.9604955911636357,0.0352271348237991,16.003005981445312,9.413939476013184,11.421541213989258,2.065494537353516,0.03342717140913,15.827576637268066,5.100004196166992,10.048007011413574,1.6956379413604736,0.0182045623660087,16.022666931152344
validation_minutes,20260915_2215,t,0,empty,ok,42,44,5338,129.0,5867,1833,0.31242543037327425,4200,529,90.9850177803676,6.296000003814697,100,3.6041489431667157,29,570.0,5.124687671661377,7.39639949798584,7.803610801696777,0.6615541577339172,0.646702229976654,21.90423011779785,9.985626220703123,12.142991065979004,0.7580764889717102,0.0226513631641864,16.3984375,9.984487533569336,12.22206687927246,0.7971635460853577,0.0218530911952257,16.538196563720703,5.39513635635376,10.573249816894531,0.6547096967697144,0.0121205681934952,16.40171241760254
validation_minutes,20260915_2216,t,0,empty,ok,39,41,5175,130.0,5118,1156,0.2258694802657288,3900,141,101.11569170794681,6.573999881744385,100,4.308287665994197,30,500.0,5.434271812438965,7.397671699523926,7.817528247833252,0.6662596464157104,0.6462997794151306,21.85257339477539,9.903240203857422,12.035985946655272,1.0490132570266724,0.025410171598196,16.34242820739746,9.90408706665039,12.109823226928713,1.114932417869568,0.0245733745396137,16.43510627746582,5.352932453155518,10.480079650878906,0.9128818511962892,0.0135205518454313,16.348976135253906
validation_minutes,20260915_2217,t,0,empty,ok,52,53,6496,129.0,5879,925,0.15733968361966322,5200,459,110.5100199522548,3.2780001163482666,100,2.7052756516417613,48,570.0,5.508782863616943,7.400711059570312,7.812911987304687,0.6652835607528687,0.6469966173171997,21.84772300720215,9.896062850952148,12.023500442504885,1.067964792251587,0.0248337611556053,16.336658477783203,9.897220611572266,12.104608535766602,1.127391338348389,0.0238971300423145,16.425437927246094,5.348966598510742,10.465967178344728,0.9321427941322328,0.0132971405982971,16.343503952026367
validation_minutes,20260915_2218,t,0,empty,ok,31,33,4500,130.0,5880,2457,0.41785714285714287,3100,208,76.53321559920727,7.125,100,4.222786660060848,14,520.0,5.455736637115479,7.400319576263428,7.804810523986816,0.6639794707298279,0.6466472744941711,21.890729904174805,9.96342658996582,12.10177993774414,0.8455297350883484,0.0239004306495189,16.38341522216797,9.96376609802246,12.225199699401855,0.8916072845458984,0.0233445763587951,16.510517120361328,5.382693290710449,10.531583786010742,0.7394602298736572,0.0128382099792361,16.38763999938965
validation_minutes,20260915_2219,t,0,empty,ok,47,49,6030,129.0,5861,1253,0.21378604333731446,4700,295,102.88346716930396,9.399999856948853,100,3.5099333924098293,44,570.0,5.110909938812256,7.402241706848144,7.808300971984863,0.6617860198020935,0.646446943283081,21.89716148376465,9.974513053894045,12.113043785095217,0.7966156005859375,0.0230462476611137,16.390399932861328,9.973849296569824,12.249300956726074,0.8535126447677612,0.0222960971295833,16.52284812927246,5.3874945640563965,10.531911849975586,0.7054181098937988,0.0123529341071844,16.394264221191406
validation_minutes,20260915_2220,t,0,empty,ok,53,55,6634,128.0,5875,820,0.13957446808510637,5300,552,112.92107085764125,1.3459999561309814,100,5.473297243284,45,570.0,5.601595878601074,7.403481960296631,7.801321983337402,0.661292314529419,0.6462289690971375,21.90117645263672,9.980101585388184,12.110809326171877,0.767559289932251,0.0231854282319545,16.39460563659668,9.979717254638672,12.255535125732422,0.8190851211547852,0.0221956390887498,16.530664443969727,5.389634132385254,10.530755996704102,0.683215856552124,0.0124746533110737,16.398197174072266
validation_minutes,20260915_2221,t,0,empty,ok,34,35,4147,129.0,5862,2706,0.4616171954964176,3400,407,70.75101530463101,8.781999826431274,100,3.6981598673829663,22,480.0,4.866870880126953,7.400196075439453,7.804699420928955,0.667434811592102,0.6463861465454102,21.859594345092773,9.911676406860352,12.019364356994627,1.003584384918213,0.0254612620919942,16.349727630615234,9.9139404296875,12.155721664428713,1.0684056282043457,0.0248043052852153,16.44742202758789,5.354004859924316,10.441134452819824,0.887982964515686,0.0136212846264243,16.355966567993164
validation_minutes,20260915_2222,t,0,empty,ok,54,55,6847,130.0,5465,206,0.03769441903019213,5400,196,125.30883395137114,0.41900014877319336,100,2.4261696464832108,52,530.0,5.48891019821167,7.398804664611816,7.792624473571777,0.6659505367279053,0.6455854773521423,21.869674682617188,9.92497444152832,12.026272773742676,0.949941098690033,0.0247355289757251,16.361318588256836,9.926719665527344,12.171907424926758,1.0184969902038574,0.0238674283027648,16.465686798095703,5.359383583068848,10.448862075805664,0.8435516357421875,0.01333499699831,16.36697769165039
validation_minutes,20260915_2223,t,0,empty,ok,37,38,4480,129.0,5642,2229,0.39507266926621765,3700,460,79.40728138826468,7.687999963760376,100,1.8123333015360885,27,550.0,4.955195426940918,7.398362159729004,7.794315338134766,0.661022424697876,0.6461232900619507,21.9069938659668,9.97853183746338,12.106037139892578,0.7462989091873169,0.0230200234800577,16.402917861938477,9.978713035583496,12.218995094299316,0.7943354845046997,0.0223053637892007,16.537389755249023,5.385941505432129,10.503803253173828,0.6673069000244141,0.0124160069972276,16.40634536743164
validation_minutes,20260915_2224,t,0,empty,ok,47,49,5994,129.0,5862,1266,0.21596724667349027,4700,279,102.26400259670548,5.896000146865845,100,4.506250289919292,42,570.0,4.910948276519775,7.396357536315918,7.801294326782227,0.6623630523681641,0.646539568901062,21.90686416625977,9.971539497375488,12.110076904296877,0.7603750228881836,0.022832203656435,16.40353775024414,9.97198486328125,12.212817192077637,0.816059947013855,0.0219356790184974,16.533443450927734,5.381590843200684,10.498817443847656,0.6770914196968079,0.012363014742732,16.40709114074707
validation_minutes,20260915_2225,t,0,empty,ok,50,52,6351,129.0,5862,995,0.16973729102695326,5000,362,108.35480155016292,6.141999959945679,100,1.721002526969219,44,570.0,5.174402713775635,7.396260738372803,7.803492069244385,0.6640307903289795,0.6474454998970032,21.882179260253903,9.92750644683838,12.069726943969728,0.9194725751876832,0.024031788110733,16.37701416015625,9.93051052093506,12.149765014648438,0.9689928889274596,0.0233708433806896,16.481319427490234,5.358732223510742,10.45758056640625,0.8195205330848694,0.0130160180851817,16.382171630859375
validation_minutes,20260915_2226,t,0,empty,ok,35,36,4458,129.0,5920,2526,0.4266891891891892,3500,399,75.30532595062567,5.166000127792358,100,3.489700842882063,19,540.0,5.401792049407959,7.38624095916748,7.797161102294922,0.6732888221740723,0.6491647958755493,21.6640625,9.57900047302246,11.611577987670898,1.6681702136993408,0.0317785367369651,16.13938331604004,9.597163200378418,11.724663734436035,1.7423982620239258,0.0298812091350555,16.04946517944336,5.179765701293945,10.142626762390137,1.4918882846832275,0.0166093725711107,16.157915115356445
validation_minutes,20260915_2227,t,0,empty,ok,49,51,6218,129.0,5987,1200,0.2004342742608986,4900,280,103.8705044638117,7.927999973297119,100,2.3222213056412038,45,570.0,5.618342876434326,7.375880241394043,7.78245735168457,0.6706798076629639,0.6489992141723633,21.53565216064453,9.371210098266602,11.398390769958496,1.938472032546997,0.0358071736991405,16.004619598388672,9.401232719421388,11.47118091583252,2.0199570655822754,0.0332322791218757,15.806406021118164,5.073690891265869,10.010218620300291,1.7295253276824951,0.0186062082648277,16.025882720947266
validation_minutes,20260915_2228,t,0,empty,ok,50,52,6312,129.0,5860,999,0.1704778156996587,5000,276,107.71698727499114,4.186000108718872,100,5.9199601468588945,44,570.0,4.903838634490967,7.388174057006836,7.792574882507324,0.6703559160232544,0.647216260433197,21.724822998046875,9.672146797180176,11.741499900817873,1.5187292098999023,0.0295398999005556,16.206249237060547,9.687078475952148,11.826090812683104,1.5737006664276123,0.0279415510594844,16.162710189819336,5.226935863494873,10.215850830078123,1.3543779850006104,0.0157383438199758,16.221025466918945
validation_minutes,20260915_2229,t,0,empty,ok,42,43,5382,129.0,5998,1884,0.31410470156718906,4200,384,89.73140585513003,4.41700005531311,100,4.624126108608052,28,550.0,4.978633403778076,7.388622760772705,7.779544830322266,0.665743350982666,0.6466777920722961,21.85732650756836,9.88022232055664,12.014290809631348,1.0574843883514404,0.0250170808285474,16.351184844970703,9.88666534423828,12.092809677124023,1.0867847204208374,0.023816717788577,16.428979873657227,5.333741188049316,10.401369094848633,0.941819190979004,0.0133892642334103,16.357852935791016
validation_minutes,20260915_2230,t,0,empty,ok,34,34,4403,129.0,5943,2582,0.43446071007908466,3400,359,74.0884078427063,7.341000080108643,100,2.8586303714619654,21,520.0,4.875597953796387,7.393851280212402,7.7973785400390625,0.6671501398086548,0.6455492973327637,21.846715927124023,9.86264991760254,11.994589805603027,1.0998055934906006,0.0261665061116218,16.339641571044922,9.869152069091797,12.069953918457031,1.1328139305114746,0.0249646920710802,16.406726837158203,5.324108600616455,10.382562637329102,0.978184938430786,0.0140343001112341,16.346973419189453
validation_minutes,20260915_2231,t,0,empty,ok,45,46,5656,129.0,5820,1487,0.25549828178694156,4500,352,97.1971610985051,5.977999925613403,100,3.9983862995374415,39,560.0,4.758778095245361,7.396804809570312,7.796878814697266,0.6613038778305054,0.6448590159416199,21.909257888793945,9.960747718811035,12.097596168518066,0.7725207805633545,0.0230747871100902,16.40830421447754,9.962467193603516,12.194305419921877,0.7935579419136047,0.0221069864928722,16.532785415649414,5.374143123626709,10.47618007659912,0.6853123903274536,0.0123477522283792,16.411834716796875
validation_minutes,20260915_2232,t,0,empty,ok,57,59,7270,129.0,5861,268,0.04572598532673605,5700,256,124.04661585844028,0.5550000667572021,100,5.391310701465473,55,570.0,4.789316654205322,7.398771286010742,7.800936222076416,0.6613297462463379,0.646169900894165,21.924097061157227,9.98214626312256,12.122284889221191,0.6719678044319153,0.0226815771311521,16.424631118774414,9.982966423034668,12.223041534423828,0.6898491382598877,0.021958403289318,16.562007904052734,5.384695053100586,10.496384620666504,0.600388765335083,0.0123093044385313,16.42729949951172
validation_minutes,20260915_2233,t,0,empty,ok,45,47,5696,128.0,5432,1064,0.1958762886597938,4500,314,104.86394964470374,3.864000082015991,100,1.580738621496545,37,530.0,5.095493793487549,7.394715785980225,7.798484802246094,0.6657154560089111,0.6468405723571777,21.87898826599121,9.907344818115234,12.047761917114258,0.9581469297409058,0.0246465262025594,16.37569808959961,9.912412643432615,12.116957664489746,0.9793197512626648,0.0235307514667511,16.469926834106445,5.346296310424805,10.430295944213867,0.8504313826560974,0.0132379001006484,16.38113021850586
validation_minutes,20260915_2234,t,0,empty,ok,48,50,5806,128.0,5952,1516,0.2547043010752688,4800,554,97.55359897904482,3.1610002517700195,100,2.4608171354558177,38,560.0,5.057892799377441,7.393787384033203,7.792656898498535,0.6654143333435059,0.6467036604881287,21.84298515319824,9.84899616241455,11.983409881591797,1.1227788925170898,0.0256292968988418,16.336822509765625,9.856693267822266,12.029921531677246,1.1439379453659058,0.0242309663444757,16.397689819335938,5.316060543060303,10.36827278137207,0.994954228401184,0.0136954942718148,16.344377517700195
validation_minutes,20260915_2235,t,0,empty,ok,34,36,4526,129.0,5862,2406,0.4104401228249744,3400,308,77.22099939067418,9.891000032424927,100,2.4468663051127915,25,570.0,5.065955638885498,7.376161575317383,7.795877456665039,0.6727044582366943,0.6494631767272949,21.45409393310547,9.22839641571045,11.245418548583984,2.084683656692505,0.0389808788895607,15.92345142364502,9.268694877624512,11.271016120910645,2.113958835601806,0.0357302688062191,15.648409843444824,4.998489856719971,9.831974983215332,1.8499386310577397,0.0203432943671941,15.944121360778809
validation_minutes,20260915_2236,t,0,empty,ok,52,54,6595,128.5,5877,821,0.1396971243831887,5200,466,112.22666533186343,1.943000078201294,100,3.817222779040581,44,570.0,4.698355674743652,7.403787612915039,7.802967548370361,0.6605554819107056,0.6452482342720032,21.925861358642575,9.976879119873049,12.160210609436035,0.6740347146987915,0.0226729493588209,16.427330017089844,9.978291511535645,12.199620246887209,0.6865036487579346,0.022052127867937,16.563020706176758,5.380739688873291,10.497072219848633,0.5984817743301392,0.0123850237578153,16.42997169494629
validation_minutes,20260915_2237,t,0,empty,ok,33,35,4615,130.0,5998,2479,0.4133044348116039,3300,317,76.946162698147,7.480999946594238,100,25.52127852801847,17,570.0,5.027043342590332,7.40447998046875,7.797739028930664,0.6627118587493896,0.6456725597381592,21.91245460510254,9.955022811889648,12.134729385375977,0.7674616575241089,0.0230764746665954,16.413040161132812,9.957528114318848,12.167719841003418,0.7803040742874146,0.0223485734313726,16.53627586364746,5.369372844696045,10.477153778076172,0.6786606311798096,0.0124772069975733,16.416465759277344
validation_minutes,20260915_2238,t,0,empty,ok,31,33,4368,130.0,5848,2518,0.43057455540355677,3100,188,74.69731162747912,8.960000038146973,100,3.317671034816847,15,560.0,4.857489109039307,7.37921142578125,7.806807518005371,0.6702760457992554,0.6469663381576538,21.56172752380371,9.395949363708496,11.412280082702637,1.89805805683136,0.0355064459145069,16.033843994140625,9.428732872009276,11.46170139312744,1.9318292140960691,0.0326718837022781,15.850912094116213,5.083332538604736,9.990880966186523,1.6882987022399902,0.0183703955262899,16.055715560913086
validation_minutes,20260915_2239,t,0,empty,ok,49,51,6276,130.0,5861,1060,0.18085650912813514,4900,386,107.08801156398862,5.336999893188477,100,16.700553913799283,40,570.0,4.903460502624512,7.398904800415039,7.794581413269043,0.6613012552261353,0.6446667313575745,21.90363121032715,9.93769645690918,12.097228050231934,0.8262389898300171,0.0236924421042203,16.403623580932617,9.941136360168455,12.127978324890137,0.8382564187049866,0.0226886868476867,16.517942428588867,5.360031127929688,10.46232795715332,0.7334619760513306,0.0127872629091143,16.407564163208008
validation_minutes,20260915_2240,t,0,empty,ok,57,59,7253,130.0,5861,293,0.0499914690325883,5700,281,123.75232479674897,0.4850001335144043,100,15.667994938333267,55,570.0,4.93939208984375,7.402612686157227,7.795580863952637,0.6586593389511108,0.6443153619766235,21.92573928833008,9.972100257873535,12.14594268798828,0.6789965629577637,0.0227241087704896,16.427778244018555,9.97340965270996,12.170310974121094,0.6863983273506165,0.0219488274306058,16.562421798706055,5.377233505249023,10.494264602661133,0.5984727144241333,0.0123142851516604,16.430408477783203
validation_minutes,20260915_2241,t,0,empty,ok,44,46,5721,129.5,5862,1510,0.2575912657795974,4400,407,97.61132890236276,4.835000038146973,100,7.4138682689761,32,570.0,4.679971218109131,7.400954246520996,7.7964677810668945,0.662321925163269,0.6458525657653809,21.911945343017575,9.949392318725586,12.11057186126709,0.7738335132598877,0.023067532107234,16.412933349609375,9.95218276977539,12.139178276062012,0.7819017767906189,0.0221253670752048,16.5351505279541,5.365598678588867,10.474223136901855,0.6788451671600342,0.0124699315056204,16.416343688964844
validation_minutes,20260915_2242,t,0,empty,ok,38,40,5047,129.0,5861,2020,0.34465108343286127,3800,380,86.11452390598627,5.948999881744385,100,2.7664904380731556,22,570.0,4.821316242218018,7.400271415710449,7.792222499847412,0.6622279286384583,0.6458271741867065,21.912145614624023,9.948657989501951,12.115922927856444,0.770603597164154,0.0231956914067268,16.413379669189453,9.951566696166992,12.136263847351074,0.7817155122756958,0.0221966262906789,16.5354061126709,5.364964008331299,10.471890449523926,0.6812187433242798,0.0125479064881801,16.41678810119629
validation_minutes,20260915_2243,t,0,empty,ok,40,42,5196,129.0,5328,1348,0.253003003003003,4000,298,97.52984454102634,7.450000047683716,100,3.520051456122647,32,520.0,4.883665084838867,7.394775867462158,7.810786724090576,0.6675254702568054,0.6465765237808228,21.805971145629883,9.778244972229004,11.870800018310549,1.2732938528060913,0.0272802971303462,16.298057556152344,9.789517402648926,11.895048141479492,1.2919683456420898,0.0260095242410898,16.320125579833984,5.277247905731201,10.298974990844728,1.1260446310043335,0.0146323619410395,16.307804107666016
validation_minutes,20260915_2244,t,0,empty,ok,55,57,7067,129.0,5998,586,0.09769923307769257,5500,360,117.82653654281094,1.7940001487731934,100,3.804114332289248,49,570.0,4.884658336639404,7.398756980895996,7.802106857299805,0.6595832109451294,0.644666314125061,21.92679977416992,9.968181610107422,12.158086776733398,0.6742078065872192,0.0228902008384466,16.429580688476562,9.969596862792969,12.150741577148438,0.6864516139030457,0.0221432670950889,16.563108444213867,5.374233722686768,10.49290370941162,0.5963014364242554,0.0124464426189661,16.432193756103516
validation_minutes,20260915_2245,t,0,empty,ok,38,40,4822,129.5,5841,2156,0.3691148775894539,3800,368,82.56566562950788,6.252000093460083,100,8.806845473467858,25,570.0,4.758137702941895,7.38300085067749,7.782591342926025,0.6698956489562988,0.64741051197052,21.65314292907715,9.53309440612793,11.60879135131836,1.7139451503753662,0.0322023555636405,16.132030487060547,9.557498931884766,11.59563446044922,1.741774559020996,0.0301102846860885,16.021772384643555,5.151445865631104,10.091995239257812,1.5133930444717407,0.0169410109519958,16.150794982910156
validation_minutes,20260915_2246,t,0,empty,ok,36,38,4828,130.0,5142,1451,0.2821859198755348,3600,229,93.89707887533257,6.667999744415283,100,3.7144028871247476,28,490.0,4.85523796081543,7.395872116088867,7.787477493286133,0.6668915152549744,0.6460780501365662,21.89007377624512,9.906627655029297,12.065953254699709,0.9097896218299866,0.0252277478575706,16.390228271484375,9.911272048950195,12.05018138885498,0.923864245414734,0.0240379106253385,16.48764991760254,5.342270851135254,10.435539245605469,0.8089253902435303,0.0136629296466708,16.395069122314453
validation_minutes,20260915_2247,t,0,empty,ok,54,56,6885,129.0,5860,575,0.09812286689419795,5400,344,117.4954780399737,2.069000005722046,100,3.2632363036883913,50,570.0,4.651325225830078,7.397221565246582,7.799169063568115,0.6586474776268005,0.644234836101532,21.92749786376953,9.965378761291504,12.155729293823242,0.6758242845535278,0.0229471009224653,16.430788040161133,9.967118263244627,12.134499549865724,0.6838195323944092,0.0221700966358184,16.563488006591797,5.372306823730469,10.491278648376465,0.5985255241394043,0.0124391447752714,16.43338966369629
validation_minutes,20260915_2248,t,0,empty,ok,35,37,4681,129.0,5871,2304,0.3924374041900869,3500,285,79.73631303192191,7.687000036239624,100,12.737122958817082,21,540.0,5.201193809509277,7.382802009582519,7.790012836456299,0.6693069934844971,0.6466563940048218,21.61819839477539,9.475398063659668,11.543700218200684,1.778964281082153,0.0337016433477401,16.094533920288086,9.502572059631348,11.516979217529297,1.8111952543258667,0.0315713658928871,15.954676628112791,5.121090412139893,10.031047821044922,1.5757977962493896,0.0179513003677129,16.1153621673584
validation_minutes,20260915_2249,t,0,empty,ok,47,49,6004,130.0,4952,342,0.06906300484652665,4700,230,121.25863348731123,0.628000020980835,100,8.008512970113431,45,480.0,4.77720308303833,7.396026611328125,7.7945451736450195,0.6661169528961182,0.6445692181587219,21.88993453979492,9.902080535888672,12.065473556518556,0.9206121563911438,0.025403631851077,16.39034652709961,9.906908988952637,12.034531593322754,0.93584007024765,0.0241646114736795,16.485191345214844,5.339345455169678,10.426107406616213,0.812021017074585,0.0136811276897788,16.395263671875
validation_minutes,20260915_2250,t,0,empty,ok,54,56,6901,130.0,5869,594,0.1012097461237008,5400,341,117.6019495351634,2.427999973297119,100,5.413796694625006,52,550.0,4.5538482666015625,7.392092704772949,7.793226718902588,0.6621885895729065,0.6445579528808594,21.917863845825195,9.94606113433838,12.123091697692873,0.751215934753418,0.0233672950416803,16.420467376708984,9.948555946350098,12.091184616088867,0.7596073746681213,0.0226311553269624,16.54249382019043,5.361815452575684,10.469239234924316,0.660699725151062,0.0127345416694879,16.423677444458008
validation_minutes,20260915_2251,t,0,empty,ok,35,36,4493,129.0,5869,2441,0.415914125063895,3500,388,76.56391106934602,6.54800009727478,100,7.558362550153148,24,570.0,4.682183742523193,7.382597923278809,7.794690132141113,0.6698781251907349,0.6467655301094055,21.676523208618164,9.564647674560549,11.64473819732666,1.6614831686019895,0.0312492679804563,16.15831756591797,9.586102485656738,11.601197242736816,1.6782137155532837,0.0293521471321582,16.06425666809082,5.165850639343262,10.130521774291992,1.4598360061645508,0.0164940245449543,16.17563819885254
validation_minutes,20260915_2252,t,0,empty,ok,48,50,6201,130.0,5862,1121,0.1912316615489594,4800,342,105.79925258983,5.733999967575073,100,6.886071104008133,39,570.0,4.968576431274414,7.390157699584961,7.772578716278076,0.6632322072982788,0.6437940001487732,21.880266189575195,9.883930206298828,12.04098129272461,0.9783982038497924,0.0241509415209293,16.37997817993164,9.889935493469238,12.002386093139648,0.975787341594696,0.0233791600912809,16.466360092163086,5.329612731933594,10.403911590576172,0.8524965643882751,0.0130457272753119,16.38539695739746
validation_minutes,20260915_2253,t,0,empty,ok,51,52,6331,129.0,5828,1025,0.1758750857927248,5100,505,108.63261245276047,2.7009999752044678,100,3.9848693917713423,43,570.0,4.871232032775879,7.394360542297363,7.790552139282227,0.6594235897064209,0.6441842317581177,21.928852081298828,9.959478378295898,12.144774436950684,0.6816617250442505,0.0228388700634241,16.432846069335938,9.961188316345217,12.109492301940918,0.6814574003219604,0.0219623744487762,16.564077377319336,5.368129730224609,10.471352577209473,0.5947407484054565,0.0124215334653854,16.435428619384766
validation_minutes,20260915_2254,t,0,empty,ok,42,44,5463,130.0,5862,1692,0.28863868986693964,4200,266,93.20457932236943,7.295000076293945,100,8.903437817764095,31,570.0,4.841348648071289,7.386918544769287,7.768746852874756,0.6654453873634338,0.6447822451591492,21.85855865478516,9.846631050109863,11.995243072509766,1.0827152729034424,0.0250955373048782,16.35677146911621,9.85385513305664,11.954302787780762,1.0759178400039673,0.0240415204316377,16.421907424926758,5.309983253479004,10.36556625366211,0.9463754892349244,0.013585465028882,16.36345863342285
validation_minutes,20260915_2255,t,0,empty,ok,49,50,6242,130.0,5492,714,0.13000728332119446,4900,358,113.66657569582146,1.8500001430511475,100,6.01806238362902,38,530.0,4.759100437164307,7.392081260681152,7.794751167297363,0.6630686521530151,0.6443885564804077,21.91204071044922,9.929099082946776,12.113786697387695,0.7935813665390015,0.0239806789904832,16.41488265991211,9.931929588317873,12.056207656860352,0.7951003313064575,0.0231918971985578,16.52899169921875,5.351828098297119,10.437862396240234,0.7035395503044128,0.0129496930167078,16.41846466064453
validation_minutes,20260915_2256,t,0,empty,ok,36,38,4791,129.0,5871,2212,0.3767671606199966,3600,335,81.60866674500646,7.530999660491943,100,18.984795088286084,21,560.0,5.038418292999268,7.386377334594727,7.773529529571533,0.6641095876693726,0.6450980305671692,21.856430053710938,9.83997917175293,11.99492645263672,1.0912325382232666,0.0252845007926225,16.354827880859375,9.84720230102539,11.938420295715332,1.0861008167266846,0.0241415277123451,16.41726303100586,5.306077003479004,10.356045722961426,0.9523259401321412,0.0136277349665761,16.361610412597656
validation_minutes,20260915_2257,t,0,empty,ok,44,46,5593,130.0,5860,1573,0.26843003412969285,4400,356,95.45345923389186,7.422999858856201,100,4.066352592322716,34,560.0,4.390877723693848,7.387629508972168,7.780268669128418,0.6624194383621216,0.6446183919906616,21.911001205444336,9.923215866088867,12.12029266357422,0.8050921559333801,0.0236086696386337,16.414026260375977,9.926016807556152,12.044251441955566,0.8024863600730896,0.0228685960173606,16.52635955810547,5.348348140716553,10.428462982177734,0.7080838680267334,0.0128488829359412,16.41766929626465
validation_minutes,20260915_2258,t,0,empty,ok,51,53,6210,128.0,5896,1177,0.19962686567164178,5100,611,105.3345769302463,4.031000137329102,100,4.310786490820967,43,570.0,4.772515773773193,7.386375904083252,7.782463073730469,0.6612187027931213,0.6440250277519226,21.911922454833984,9.922724723815918,12.121548652648926,0.8028987646102905,0.0235301405191421,16.415149688720703,9.926019668579102,12.045578956604004,0.7999448180198669,0.0226926933974027,16.52827262878418,5.348158836364746,10.42581558227539,0.7013583183288574,0.0126667376607656,16.41872215270996
validation_minutes,20260915_2259,t,0,empty,ok,52,54,6748,130.0,5863,686,0.11700494627323896,5200,213,115.11233212529326,4.263999938964844,100,2.471626192646972,46,570.0,4.861849784851074,7.387972831726074,7.788465976715088,0.659786581993103,0.6438544392585754,21.916000366210938,9.92782974243164,12.129039764404297,0.7804649472236633,0.0232709348201751,16.41973876953125,9.930498123168944,12.053868293762209,0.7684928774833679,0.0224121436476707,16.536773681640625,5.350624084472656,10.428483963012695,0.6790891885757446,0.0126302596181631,16.423051834106445
validation_minutes,20260915_2300,t,0,empty,ok,51,52,6361,130.0,5689,849,0.14923536649674812,5100,416,111.83192663856983,2.376000165939331,100,4.7255856560274925,45,550.0,4.432939052581787,7.388201713562012,7.768154144287109,0.661656379699707,0.6450262665748596,21.908906936645508,9.91554355621338,12.115920066833496,0.8186013698577881,0.0238679163157939,16.412033081054688,9.918684005737305,12.035950660705566,0.8108237981796265,0.0232666060328483,16.522628784179688,5.344255447387695,10.415021896362305,0.7120047807693481,0.012967487797141,16.415725708007812
validation_minutes,20260915_2301,t,0,empty,ok,49,51,6124,130.0,5862,1244,0.21221426134425111,4900,499,104.48550602485388,4.46399998664856,100,8.292187287483632,40,570.0,4.573234081268311,7.390064716339111,7.790236473083496,0.6607731580734253,0.645240068435669,21.91042137145996,9.916033744812012,12.117895126342772,0.8077660799026489,0.0234081670641899,16.413902282714844,9.919164657592772,12.036273956298828,0.8001612424850464,0.022576168179512,16.526691436767578,5.344460964202881,10.412660598754885,0.7026387453079224,0.0126394443213939,16.417455673217773
validation_minutes,20260915_2302,t,0,empty,ok,44,46,5623,130.0,5251,980,0.18663111788230813,4400,395,107.09660178236868,4.884000062942505,100,4.587469877401292,38,510.0,4.883665084838867,7.393126487731934,7.781833648681641,0.6667752861976624,0.6457445025444031,21.888671875,9.879620552062988,12.075074195861816,0.9282991886138916,0.0249090641736984,16.39073371887207,9.884163856506348,11.975485801696776,0.9266578555107116,0.0239460077136755,16.48223114013672,5.325412750244141,10.385862350463867,0.814835786819458,0.0135041261091828,16.395544052124023
validation_minutes,20260915_2303,t,0,empty,ok,56,58,7040,130.0,5861,486,0.08292100324176761,5600,394,120.12626905057202,1.2790000438690186,100,6.7622237520358945,52,570.0,4.436096668243408,7.390447616577148,7.768610000610352,0.6610450148582458,0.6450934410095215,21.92787742614746,9.940020561218262,12.146316528320312,0.682366669178009,0.0230831820517778,16.43297576904297,9.941323280334473,12.073792457580566,0.6781627535820007,0.0223737396299839,16.56151580810547,5.356328964233398,10.425752639770508,0.5973966717720032,0.0125093795359134,16.435508728027344
validation_minutes,20260915_2304,t,0,empty,ok,45,46,5533,129.0,5862,1678,0.2862504264756056,4500,586,94.40046408722323,5.247999906539917,100,11.054183238205379,29,570.0,4.678466320037842,7.390058517456055,7.792825222015381,0.6627234220504761,0.6455952525138855,21.910463333129883,9.910210609436035,12.101110458374023,0.8045341968536377,0.0234025921672582,16.414512634277344,9.912898063659668,12.025827407836914,0.8051519393920898,0.0227341260761022,16.525909423828125,5.340859413146973,10.403919219970703,0.7028741836547852,0.0127029716968536,16.418045043945312
validation_minutes,20260915_2305,t,0,empty,ok,49,51,6101,130.0,5861,1183,0.20184268896092816,4900,420,104.09664050530338,5.040999889373779,100,4.3916371655618045,43,570.0,4.609298229217529,7.389172554016113,7.789512634277344,0.6617225408554077,0.644960880279541,21.9150333404541,9.915342330932615,12.100627899169922,0.7732234597206116,0.0231208465993404,16.419721603393555,9.917807579040527,12.032458305358888,0.7724189758300781,0.0224118083715438,16.534910202026367,5.34349250793457,10.40753936767578,0.6779780387878418,0.0124786840751767,16.422996520996094
validation_minutes,20260915_2306,t,0,empty,ok,55,57,6972,130.0,5862,548,0.0934834527465029,5500,338,118.9476915113179,2.436999797821045,100,4.187986655815689,52,570.0,4.563211441040039,7.385077953338623,7.800373077392578,0.6665180921554565,0.6448373794555664,21.77787208557129,9.699068069458008,11.805519104003906,1.3666437864303589,0.0280972309410572,16.27109146118164,9.710721015930176,11.753881454467772,1.380640983581543,0.0268870014697313,16.25665855407715,5.232123374938965,10.215871810913086,1.2065973281860352,0.014921560883522,16.28215217590332
validation_minutes,20260915_2307,t,0,empty,ok,39,41,4798,120.0,5951,2298,0.3861535876323307,3900,521,80.63052459611818,8.29699993133545,100,10.41938562222213,27,570.0,4.838436126708984,7.392822265625,7.799115180969238,0.6599202156066895,0.6438746452331543,21.919620513916016,9.918761253356934,12.103100776672363,0.7412920594215393,0.023094480857253,16.42531394958496,9.920943260192873,12.02992820739746,0.7412521243095398,0.0226170923560857,16.54338836669922,5.345125675201416,10.407281875610352,0.6490494012832642,0.0125388633459806,16.428329467773438
validation_minutes,20260915_2308,t,0,empty,ok,50,52,6466,130.0,5862,941,0.16052541794609348,5000,303,110.32058817059196,4.759999990463257,100,4.215872586661521,44,570.0,5.330303192138672,7.379244327545166,7.79774284362793,0.6701897382736206,0.6471263766288757,21.61017227172852,9.433012962341309,11.483756065368652,1.8121356964111328,0.0340904891490936,16.089677810668945,9.45654582977295,11.396783828735352,1.8047327995300293,0.032055165618658,15.931406021118164,5.095226287841797,9.988420486450195,1.5877248048782349,0.0179286133497953,16.110210418701172
test_minutes,20260916_2210,pi,1,present,ok,37,39,5071,138.0,5842,2181,0.3733310510099281,3700,423,86.81138113666267,6.555000066757202,100,0.4028695545774989,22,550.0,4.958582878112793,7.397035598754883,7.780248165130615,0.6635637283325195,0.6467829942703247,21.828935623168945,9.935240745544434,12.108644485473633,0.8035763502120972,0.0242314767092466,16.3214054107666,9.934037208557127,12.084872245788574,0.830776572227478,0.0235090367496013,16.457752227783203,5.372630596160889,10.432991027832031,0.6981862187385559,0.0127281304448843,16.324172973632812
test_minutes,20260916_2211,pi,1,present,ok,32,33,4184,129.0,5906,2849,0.482390789028107,3200,443,70.8480086766018,12.51199984550476,100,2.068958908878379,16,510.0,5.7314229011535645,7.346148490905762,7.807009696960449,0.6851857900619507,0.651796281337738,21.242462158203125,8.909089088439941,10.805437088012695,2.349405527114868,0.0479827411472797,15.59495735168457,8.931042671203613,10.794840812683104,2.4740023612976074,0.0440069772303104,15.346732139587402,4.847584247589111,9.5023775100708,2.062732219696045,0.0241454634815454,15.661383628845217
test_minutes,20260916_2212,pi,1,present,ok,41,43,5043,122.0,5819,2121,0.36449561780374634,4100,606,86.6777814148257,9.40499997138977,100,0.45812396393174903,34,560.0,4.877673625946045,7.375868797302246,7.787015914916992,0.6723017692565918,0.6489880084991455,21.5650691986084,9.4732666015625,11.55441665649414,1.7932724952697754,0.034324686974287,15.986976623535156,9.48122501373291,11.484145164489746,1.90865159034729,0.0324390530586242,15.945600509643556,5.135150909423828,10.000089645385742,1.5847572088241575,0.0174705665558576,16.003082275390625
test_minutes,20260916_2213,pi,1,present,ok,57,59,7089,137.0,5856,625,0.10672814207650273,5700,609,121.07393529883909,0.370999813079834,100,0.6754256621872621,55,570.0,5.303512573242188,7.400173664093018,7.79616641998291,0.6640809774398804,0.6461434364318848,21.838600158691406,9.955707550048828,12.13910961151123,0.6829004287719727,0.0235574897378683,16.335004806518555,9.953801155090332,12.097747802734377,0.7322058081626892,0.0228381976485252,16.479305267333984,5.381618976593018,10.40224266052246,0.6087709665298462,0.0124572282657027,16.337087631225586
test_minutes,20260916_2214,pi,1,present,ok,34,36,4632,129.0,5868,2514,0.4284253578732106,3400,456,78.95005955303543,6.543999910354614,100,0.2711088045804789,17,520.0,5.349781036376953,7.393434524536133,7.804872512817383,0.6752207279205322,0.6474820971488953,21.76205062866211,9.82204246520996,12.00222110748291,1.141055464744568,0.0268897656351327,16.24173355102539,9.82355499267578,11.931406021118164,1.2120815515518188,0.0260526649653911,16.329801559448242,5.31290340423584,10.280563354492188,0.9990452527999878,0.0141094736754894,16.247364044189453
test_minutes,20260916_2215,pi,1,present,ok,24,26,3238,127.5,5363,3047,0.5681521536453478,2400,332,60.385662624798435,11.500999927520752,100,0.5595709359408902,17,340.0,5.919824600219727,7.361764430999756,7.783435344696045,0.6821033358573914,0.6511913537979126,21.415210723876957,9.220314025878906,11.242502212524414,2.062466859817505,0.0447040721774101,15.80569839477539,9.228014945983888,11.157999038696287,2.2363386154174805,0.0423018783330917,15.668411254882812,5.004016399383545,9.754589080810549,1.8325433731079104,0.0228828079998493,15.834568977355955
test_minutes,20260916_2216,pi,1,present,ok,35,37,4499,119.0,5798,2514,0.433597792342187,3500,555,77.59973782962226,7.260999917984009,100,0.3977945942406052,19,560.0,5.485231399536133,7.385677337646484,7.777071952819824,0.6712150573730469,0.6481966376304626,21.7310791015625,9.774580955505373,11.951480865478516,1.236933946609497,0.0272692572325468,16.20130157470703,9.774321556091309,11.884246826171877,1.3397867679595947,0.0265118554234504,16.27440071105957,5.287943840026856,10.221065521240234,1.100353121757507,0.0142400953918695,16.208080291748047
test_minutes,20260916_2217,pi,1,present,ok,57,59,7045,133.0,5861,704,0.12011602115679917,5700,688,120.21363759564667,0.6190001964569092,100,0.5013457967503315,55,560.0,5.6521172523498535,7.4001264572143555,7.800766944885254,0.6622433662414551,0.6456267833709717,21.832347869873047,9.94915008544922,12.149840354919434,0.6879319548606873,0.0238852705806493,16.329437255859375,9.946816444396973,12.0830078125,0.743774950504303,0.0234431866556406,16.472209930419922,5.377069473266602,10.331624984741213,0.6136116981506348,0.0125908954069018,16.331436157226562
test_minutes,20260916_2218,pi,1,present,ok,41,43,5499,137.0,5759,1781,0.309255079006772,4100,522,95.48532745607868,4.837000131607056,100,0.33676521292712447,25,570.0,5.061954498291016,7.391816139221191,7.798549652099609,0.6660367250442505,0.6460483074188232,21.7729434967041,9.840274810791016,12.023609161376951,1.0883299112319946,0.0258374661207199,16.252870559692383,9.83954620361328,11.96059513092041,1.1609615087509155,0.0249148588627576,16.350967407226562,5.3209547996521,10.24605941772461,0.962051510810852,0.0136355049908161,16.25792694091797
test_minutes,20260916_2219,pi,1,present,ok,36,38,5016,131.0,5993,2343,0.39095611546804604,3600,401,83.70463052206273,6.441999673843384,100,0.47881211793909917,15,510.0,4.79836893081665,7.394877433776855,7.804074287414551,0.6695196628570557,0.6470267176628113,21.83258438110352,9.940508842468262,12.151617050170898,0.7574829459190369,0.0244607180356979,16.32688331604004,9.93883991241455,12.071540832519531,0.823114812374115,0.0238720551133155,16.464162826538086,5.371771812438965,10.3326416015625,0.6674153804779053,0.0130358077585697,16.329238891601562
test_minutes,20260916_2220,pi,1,present,ok,35,36,4719,128.0,5891,2486,0.4219996604990664,3500,421,80.10660488751003,10.151999950408936,100,0.666301024452288,22,530.0,5.5779008865356445,7.3914384841918945,7.772100448608398,0.6646506786346436,0.6469250917434692,21.815784454345703,9.916739463806152,12.12574291229248,0.8272123336791992,0.0247313752770423,16.306474685668945,9.91464138031006,12.049986839294434,0.9014898538589478,0.0239185225218534,16.43680191040039,5.359273433685303,10.322509765625,0.7396814823150635,0.0130497245118021,16.30933952331543
test_minutes,20260916_2221,pi,1,present,ok,37,39,4955,133.0,5879,2256,0.38373873107671375,3700,468,84.28304138824873,8.937999963760376,100,0.3841513940958251,28,570.0,5.670344352722168,7.371076583862305,7.766211032867432,0.6702955365180969,0.6498817205429077,21.57477188110352,9.500507354736328,11.614949226379396,1.7342060804367063,0.0334508083760738,16.000659942626953,9.502336502075195,11.529170989990234,1.876654028892517,0.031691376119852,15.964886665344238,5.146131038665772,10.01101779937744,1.5373961925506592,0.0171354096382856,16.01463508605957
test_minutes,20260916_2222,pi,1,present,ok,50,52,6524,132.5,5876,1151,0.19588155207624233,5000,617,111.03546863879036,2.8969998359680176,100,2.1089172139840877,39,570.0,5.27296781539917,7.391987800598144,7.784202575683594,0.6662622094154358,0.6463099122047424,21.82345199584961,9.932880401611328,12.153279304504396,0.7468430995941162,0.0238014496862888,16.316192626953125,9.93043613433838,12.072850227355955,0.8089051246643066,0.0233796332031488,16.456682205200195,5.367264747619629,10.3447904586792,0.6581025123596191,0.0126692885532975,16.31849479675293
test_minutes,20260916_2223,pi,1,present,ok,34,35,4769,137.0,5990,2502,0.41769616026711187,3400,369,79.62666137696841,5.471999883651733,100,9.695192804587151,15,530.0,4.996125221252441,7.384059906005859,7.8199357986450195,0.669550895690918,0.6477420926094055,21.6502742767334,9.624571800231934,11.776999473571776,1.544279932975769,0.0309824347496032,16.096324920654297,9.624393463134766,11.68472957611084,1.6630644798278809,0.0298025328665971,16.10670280456543,5.209247589111328,10.122236251831056,1.365382432937622,0.0161687713116407,16.106990814208984
test_minutes,20260916_2224,pi,1,present,ok,35,36,4563,119.0,5679,2352,0.41415742208135237,3500,482,80.35289775390655,6.687999963760376,100,0.7487200249850448,18,540.0,5.002187728881836,7.389753341674805,7.778769493103027,0.6662701368331909,0.6464093327522278,21.808950424194336,9.895320892333984,12.109883308410645,0.904585301876068,0.0248361118137836,16.29665184020996,9.893454551696776,12.039823532104492,0.9737672209739684,0.0240047071129083,16.41884994506836,5.347584247589111,10.32340145111084,0.7971451282501221,0.0131187634542584,16.3000545501709
test_minutes,20260916_2225,pi,1,present,ok,36,37,4978,135.5,5564,1900,0.34148094895758446,3600,254,89.4744411413174,8.065000057220459,100,10.892669180358421,23,540.0,5.8217058181762695,7.391558647155762,7.786510467529297,0.6654205322265625,0.6473961472511292,21.81288146972656,9.906929969787598,12.127172470092772,0.8280432820320129,0.0246401168406009,16.301239013671875,9.904882431030272,12.05156135559082,0.9012433290481568,0.0240109544247388,16.43081283569336,5.352738380432129,10.332330703735352,0.7484863996505737,0.0130119305104017,16.304157257080078
test_minutes,20260916_2226,pi,1,present,ok,48,50,6137,131.5,5856,1367,0.23343579234972678,4800,657,104.79849737016083,2.982999801635742,100,2.4141482471351536,34,570.0,5.806021213531494,7.393215179443359,7.783993721008301,0.6633485555648804,0.6451841592788696,21.835657119750977,9.945196151733398,12.185906410217283,0.6602267622947693,0.0233890991657972,16.33043098449707,9.942397117614746,12.100895881652832,0.7168874740600586,0.0228251963853836,16.477060317993164,5.37227725982666,10.365862846374512,0.5988388061523438,0.0124730179086327,16.332273483276367
test_minutes,20260916_2227,pi,1,present,ok,56,58,7000,136.0,5857,707,0.12071026122588356,5600,560,119.52939576749313,0.747999906539917,100,1.0175746471907074,52,570.0,4.986392021179199,7.39306640625,7.812169075012207,0.6627954244613647,0.646094799041748,21.826509475708008,9.920578956604004,12.15262222290039,0.7821308970451355,0.0238559674471616,16.318235397338867,9.917882919311523,12.073137283325195,0.8402595520019531,0.0232804901897907,16.451156616210938,5.359548568725586,10.35271453857422,0.705485999584198,0.0127853006124496,16.320791244506836
test_minutes,20260916_2228,pi,1,present,ok,39,41,5410,133.0,5962,2104,0.35290171083529015,3900,520,90.74440636830911,6.797999858856201,100,0.3286740263884026,22,570.0,5.09212064743042,7.391740798950195,7.79921817779541,0.6678897142410278,0.6468654870986938,21.84507751464844,9.949193954467772,12.193071365356444,0.6667758226394653,0.0232249908149242,16.342817306518555,9.946508407592772,12.111276626586914,0.7133293747901917,0.0224856436252594,16.485872268676758,5.374436378479004,10.37456226348877,0.593839168548584,0.0122843729332089,16.344629287719727
test_minutes,20260916_2229,pi,1,present,ok,52,54,7244,137.0,5856,625,0.10672814207650273,5200,237,123.71486170492713,2.1679999828338623,100,0.48921190231530626,48,570.0,5.631384372711182,7.391275882720947,7.789720058441162,0.6659970879554749,0.6458191275596619,21.82528114318848,9.917298316955566,12.148231506347656,0.7856794595718384,0.0240263808518648,16.318708419799805,9.91481113433838,12.071504592895508,0.8378183245658875,0.0233980510383844,16.449934005737305,5.358246803283691,10.343687057495115,0.7029364109039307,0.0128000415861606,16.321210861206055
test_minutes,20260916_2230,pi,1,present,ok,49,50,6540,136.0,5999,1308,0.2180363393898983,4900,389,109.03270960838518,3.702000141143799,100,0.4548545284977138,41,570.0,5.107570171356201,7.392458915710449,7.819525241851807,0.6705403923988342,0.6463094353675842,21.82326889038086,9.910146713256836,12.147183418273926,0.8114010095596313,0.0242437217384576,16.31902503967285,9.907709121704102,12.073817253112791,0.8644677400588989,0.0235671810805797,16.441654205322266,5.354487419128418,10.33455753326416,0.7275147438049316,0.0129036381840705,16.321701049804688
test_minutes,20260916_2231,pi,1,present,ok,37,38,4660,127.0,5998,2620,0.436812270756919,3700,554,77.69515498648634,5.9019999504089355,100,0.9917868305769886,24,530.0,5.234720230102539,7.393065452575684,7.780731678009033,0.6635757684707642,0.647189199924469,21.805051803588867,9.901464462280272,12.130952835083008,0.8008531928062439,0.0244415365159511,16.335493087768555,9.899979591369627,12.095941543579102,0.8268775343894958,0.0238120518624782,16.40755844116211,5.351109981536865,10.313615798950195,0.7104792594909668,0.0129289934411644,16.337594985961914
test_minutes,20260916_2232,pi,1,present,ok,28,29,3563,134.0,5813,3170,0.5453294340271805,2800,444,61.301033861189104,10.111000061035156,100,25.90149755882663,13,490.0,19.27814102172852,7.415516376495361,7.843034744262695,0.8215641975402832,0.6555936932563782,21.78046226501465,9.878129005432127,12.117618560791016,0.8392845988273621,0.0339972302317619,16.316043853759766,9.877655982971191,12.0936861038208,0.8198916912078857,0.0326790213584899,16.368255615234375,5.337620258331299,10.272733688354492,0.7546368837356567,0.0171748995780944,16.31846809387207
test_minutes,20260916_2233,pi,1,present,ok,34,35,4526,134.0,5948,2623,0.4409885675857431,3400,442,76.09536308652737,11.494999885559082,100,104.03487812016607,19,520.0,13.122061729431152,7.391561031341553,7.786064147949219,0.684109091758728,0.6500353217124939,21.77352333068848,9.86104965209961,12.096246719360352,0.8979467749595642,0.0336017459630966,16.310302734375,9.86015510559082,12.060340881347656,0.933993399143219,0.0307322852313518,16.356609344482422,5.333994388580322,10.264598846435549,0.7888873815536499,0.017404219135642,16.31276512145996
test_minutes,20260916_2234,pi,1,present,ok,46,48,5607,134.0,5418,1309,0.24160206718346253,4600,634,103.50556570130065,5.742000102996826,100,20.05681612684095,40,530.0,5.752872467041016,7.385889053344727,7.744074821472168,0.6668668985366821,0.6480464935302734,21.774274826049805,9.860272407531738,12.09922218322754,0.8894195556640625,0.0296064428985118,16.31233024597168,9.860459327697754,12.076247215270996,0.9206836819648744,0.0281998012214899,16.357919692993164,5.33698320388794,10.2615966796875,0.7782270908355713,0.0159017667174339,16.31471824645996
test_minutes,20260916_2238,pi,1,present,ok,57,59,7286,131.0,5861,347,0.059204913837229145,5700,334,124.32174191447118,0.31100010871887207,100,14.163281591532096,55,570.0,15.228663444519045,7.398332595825195,7.815206527709961,0.7106531262397766,0.6541548371315002,21.853382110595703,9.901223182678224,12.13931655883789,0.7065097093582153,0.0280818659812212,16.385868072509766,9.899763107299805,12.14009952545166,0.7104986906051636,0.0261769853532314,16.46820640563965,5.35350227355957,10.403923034667969,0.5923337936401367,0.0148928761482238,16.38731575012207
test_minutes,20260916_2239,pi,1,present,ok,45,47,6132,131.0,5856,1279,0.2184084699453552,4500,294,104.72384440719034,4.431000232696533,100,39.4811086208114,32,570.0,20.68861198425293,7.410780429840088,7.813071250915527,0.820332407951355,0.6539241075515747,21.88875770568848,9.90786361694336,12.15398120880127,0.6864750385284424,0.0271402839571237,16.38840103149414,9.905967712402344,12.17245864868164,0.7495330572128296,0.0255769193172454,16.517852783203125,5.346339702606201,10.416827201843262,0.6135940551757812,0.0143390959128737,16.39095115661621
test_minutes,20260916_2240,pi,1,present,ok,39,40,5023,131.0,5824,2032,0.3489010989010989,3900,423,86.24804672000344,5.752000093460083,100,57.17822507480282,23,570.0,15.370311737060549,7.413382530212402,7.8383636474609375,0.727781355381012,0.6550323963165283,21.88545036315918,9.899055480957031,12.166253089904783,0.6866918802261353,0.0587850362062454,16.38626480102539,9.897242546081545,12.164875030517578,0.7092449069023132,0.0486325621604919,16.51457405090332,5.340654850006104,10.456850051879885,0.6177207231521606,0.027842603623867,16.388816833496094
test_minutes,20260916_2241,pi,1,present,ok,35,37,4619,131.0,5548,2055,0.3704037490987743,3500,423,83.26423192677231,6.115999937057495,100,16.56042832795152,18,550.0,5.38905143737793,7.392868995666504,7.853425979614258,0.6818983554840088,0.650600254535675,21.83394432067871,9.811365127563477,12.06451416015625,1.007476806640625,0.0671069473028183,16.33120346069336,9.811144828796388,12.061089515686035,1.0864568948745728,0.0541251488029956,16.404207229614258,5.299276351928711,10.494030952453612,0.9173192381858826,0.0303807184100151,16.336772918701172
test_minutes,20260916_2242,pi,1,present,ok,23,24,3205,131.0,5754,3333,0.5792492179353493,2300,241,55.705222824694225,10.437000036239624,100,20.381441389099354,9,428.0,12.302227973937988,7.39317512512207,7.774187564849853,0.6896862983703613,0.6510676145553589,21.74802589416504,9.690040588378906,11.868233680725098,1.3374792337417605,0.0467296876013278,16.237239837646484,9.6898775100708,11.908137321472168,1.448319435119629,0.0429208651185035,16.226442337036133,5.233762741088867,10.367147445678713,1.2125473022460938,0.0233861841261386,16.24750328063965
test_minutes,20260916_2243,pi,1,present,ok,46,48,6053,131.0,5840,1232,0.21095890410958903,4600,261,103.64903478831579,7.3459999561309814,100,24.17522075023791,42,480.0,4.807087421417236,7.395265102386475,7.758249759674072,0.6681492328643799,0.6468896865844727,21.82813835144043,9.816044807434082,12.029654502868652,1.027018904685974,0.0316507779061794,16.325183868408203,9.813353538513184,12.05028247833252,1.1244986057281494,0.0294548068195581,16.391481399536133,5.297786235809326,10.45184326171875,0.913373589515686,0.0171976573765277,16.331218719482422
test_minutes,20260916_2244,pi,1,present,ok,44,46,5401,126.0,5848,1761,0.3011285909712722,4400,609,92.37057655982187,4.876999855041504,100,26.964039029707983,31,570.0,5.353801727294922,7.400810241699219,7.768453598022461,0.6620784997940063,0.6458408236503601,21.88973999023437,9.908451080322266,12.176105499267578,0.692378580570221,0.0283630900084972,16.39358139038086,9.906593322753906,12.175183296203612,0.7625789642333984,0.0266067888587713,16.5148868560791,5.344346046447754,10.542848587036133,0.6094385981559753,0.0160432923585176,16.39624786376953
test_minutes,20260916_2245,pi,1,present,ok,37,39,4924,131.0,5877,2187,0.3721286370597244,3700,442,83.78566957922413,6.050000190734863,100,67.01703308835657,24,520.0,6.473635673522949,7.400490283966064,7.799779891967773,0.6731032133102417,0.6478095054626465,21.888635635375977,9.901847839355469,12.165602684020996,0.7542945742607117,0.0292278081178665,16.394426345825195,9.89969253540039,12.162664413452148,0.8380926847457886,0.027205592021346,16.502492904663086,5.340156555175781,10.526022911071776,0.6613762378692627,0.016096169129014,16.3975887298584
test_minutes,20260916_2246,pi,1,present,ok,25,27,3382,131.0,5861,3335,0.5690155263606893,2500,275,57.71331043931817,13.065999984741211,100,24.87305922215011,15,360.0,4.781898498535156,7.392380714416504,7.736167430877685,0.6703166961669922,0.6464120149612427,21.84501075744629,9.843576431274414,12.080060005187988,1.0032646656036377,0.0335124023258686,16.34762191772461,9.842256546020508,12.09092903137207,1.080949068069458,0.0315591245889663,16.415098190307617,5.3136725425720215,10.478264808654783,0.8638142943382263,0.018132209777832,16.35314178466797
test_minutes,20260916_2247,pi,1,present,ok,43,45,5770,131.0,5861,1565,0.26701927998635044,4300,438,98.45744302412723,2.197000026702881,100,10.886037921428622,25,570.0,4.856839179992676,7.394361972808838,7.750333786010742,0.6604678630828857,0.645753800868988,21.89309310913086,9.921518325805664,12.16940212249756,0.6774952411651611,0.0274408459663391,16.400442123413086,9.919322967529297,12.1902494430542,0.7339333295822144,0.0258726496249437,16.519203186035156,5.351704120635986,10.531108856201172,0.58794766664505,0.0150650078430771,16.402936935424805
test_minutes,20260916_2248,pi,1,present,ok,45,46,5674,126.0,5806,1575,0.2712710988632449,4500,574,97.73322310457547,6.4730000495910645,100,36.34964608520521,32,560.0,5.255858421325684,7.38798713684082,7.761380195617676,0.667320728302002,0.6465073227882385,21.885576248168945,9.905837059020996,12.15091037750244,0.7517876625061035,0.0284732952713966,16.391643524169922,9.904176712036133,12.166409492492676,0.8121980428695679,0.0264534689486026,16.501367568969727,5.342718601226807,10.512876510620115,0.6437584757804871,0.0157838519662618,16.394670486450195
test_minutes,20260916_2249,pi,1,present,ok,37,38,4777,132.0,5781,2192,0.379173153433662,3700,334,82.63990994694561,5.766999959945679,100,28.07452849252966,22,570.0,4.74666166305542,7.385013103485107,7.756372928619385,0.6620501279830933,0.6464278697967529,21.88379669189453,9.901815414428713,12.142162322998049,0.7674827575683594,0.0276933331042528,16.3892822265625,9.899760246276855,12.148941040039062,0.8333858251571655,0.0258318074047565,16.496137619018555,5.34086799621582,10.502986907958984,0.6584281921386719,0.0152322612702846,16.392488479614258
test_minutes,20260916_2250,pi,1,present,ok,34,36,4449,132.0,5862,2520,0.42988741044012285,3400,273,75.90336768988143,9.457000017166138,100,3.121120270991929,26,450.0,4.917901515960693,7.375515937805176,7.743354797363281,0.6695600748062134,0.6472576856613159,21.79084014892578,9.757550239562988,11.948816299438477,1.224457025527954,0.0317868515849113,16.285402297973633,9.756292343139648,11.94272518157959,1.3188719749450684,0.0299262627959251,16.303081512451172,5.267905235290527,10.382587432861328,1.0528316497802734,0.0171852186322212,16.293865203857422
test_minutes,20260916_2251,pi,1,present,ok,48,50,6037,131.0,5980,1460,0.24414715719063546,4800,584,100.96837335334331,5.186999797821045,100,11.742023688098463,38,570.0,5.215592861175537,7.380222797393799,7.74153995513916,0.6640241742134094,0.6476189494132996,21.896146774291992,9.918643951416016,12.165220260620115,0.6725553274154663,0.0245514716953039,16.402822494506836,9.91629409790039,12.158137321472168,0.7298698425292969,0.024066437035799,16.521347045898438,5.346205711364746,10.503643035888672,0.5833470225334167,0.0132843442261219,16.405303955078125
test_minutes,20260916_2252,pi,1,present,ok,38,39,5134,131.5,5861,2010,0.3429448899505204,3800,235,87.6094263547932,8.400999784469604,100,6.220416942140262,25,570.0,5.078039169311523,7.381567478179932,7.762470245361328,0.6669826507568359,0.645840585231781,21.89654922485352,9.913285255432127,12.153749465942385,0.7343519926071167,0.0238130912184715,16.403242111206055,9.911103248596191,12.127501487731934,0.8012004494667053,0.023197716102004,16.51226234436035,5.343478679656982,10.50226879119873,0.6401650905609131,0.0128909731283783,16.406208038330078
test_minutes,20260916_2253,pi,1,present,ok,33,35,4394,131.0,5876,2557,0.43515997277059226,3300,399,74.77876107408349,7.425000190734863,100,6.626036302938321,15,490.0,4.806442737579346,7.377944469451904,7.715136528015137,0.6638820171356201,0.6465535759925842,21.89434242248535,9.914133071899414,12.151808738708496,0.7284413576126099,0.0244553573429584,16.400611877441406,9.911940574645996,12.124170303344728,0.7878016829490662,0.0240458641201257,16.512554168701172,5.34356164932251,10.496828079223633,0.6334689855575562,0.0131753953173756,16.40347671508789
test_minutes,20260916_2254,pi,1,present,ok,33,35,4443,132.0,5847,2471,0.42260988541132205,3300,197,75.99158498674859,9.732999801635742,100,6.675960104240472,28,520.0,4.709321022033691,7.350654602050781,7.736399173736572,0.6728243231773376,0.6480996012687683,21.476734161376957,9.254643440246582,11.276360511779783,2.013540506362915,0.0388966090977191,15.935565948486328,9.254146575927734,11.26081657409668,2.19459867477417,0.0376848466694355,15.654756546020508,5.013242244720459,9.95670223236084,1.7477647066116333,0.0202631205320358,15.95955753326416
test_minutes,20260916_2255,pi,1,present,ok,49,51,6119,130.0,5858,1280,0.21850460908159783,4900,561,104.45901221844956,4.357000112533569,100,3.041465419781355,40,570.0,5.644485950469971,7.366644859313965,7.747701644897461,0.6702154874801636,0.646234929561615,21.831411361694336,9.8155517578125,12.013076782226562,1.051597237586975,0.0262655895203351,16.32855796813965,9.813885688781738,11.96809196472168,1.159205436706543,0.0255923178046941,16.38181495666504,5.295234680175781,10.41853141784668,0.9172194600105286,0.0142352161929011,16.33498764038086
test_minutes,20260916_2256,pi,1,present,ok,32,34,4761,132.0,5990,2441,0.4075125208681135,3200,197,79.49176013880052,6.2179999351501465,100,2.6013000429680244,15,540.0,5.146488666534424,7.355803489685059,7.765103816986084,0.6786998510360718,0.649509608745575,21.58135223388672,9.41634750366211,11.484678268432615,1.8059382438659668,0.0349063053727149,16.052671432495117,9.414868354797363,11.425532341003418,1.9967340230941768,0.0337162353098392,15.85525894165039,5.09575080871582,10.091835021972656,1.5674653053283691,0.0183050893247127,16.07404327392578
test_minutes,20260916_2257,pi,1,present,ok,29,30,3784,130.0,5871,3039,0.5176290240163516,2900,390,64.4611766362595,11.070000410079956,100,40.530044157512776,14,480.0,4.466020584106445,7.367597103118896,7.729250907897949,0.665752649307251,0.6475356817245483,21.875762939453125,9.880985260009766,12.087135314941406,0.8589780330657959,0.0253416951745748,16.382444381713867,9.879018783569336,12.036409378051758,0.9293086528778076,0.0248886477202177,16.46887969970703,5.327323913574219,10.457008361816406,0.7302041053771973,0.0135794701054692,16.38684844970703
test_minutes,20260916_2258,pi,1,present,ok,50,51,6797,132.0,5828,705,0.12096774193548387,5000,183,116.64264125692186,1.7200000286102295,100,17.591139617747313,44,570.0,4.735562801361084,7.3637237548828125,7.74575662612915,0.6639337539672852,0.6459392309188843,21.833494186401367,9.809826850891112,11.969118118286133,1.063851237297058,0.0256467144936323,16.33319854736328,9.807709693908691,11.932133674621582,1.1554381847381592,0.0250512473285198,16.384796142578125,5.290134906768799,10.392541885375977,0.9180518388748168,0.0137282004579901,16.340105056762695
test_minutes,20260916_2259,pi,1,present,ok,44,45,5635,131.0,5996,1778,0.2965310206804536,4400,522,93.99029228806229,4.074000120162964,100,20.572185918360958,28,560.0,5.179028034210205,7.36053991317749,7.733549118041992,0.666103720664978,0.6462094187736511,21.903940200805664,9.920330047607422,12.124053001403809,0.6700931787490845,0.0237582363188266,16.412967681884766,9.918067932128906,12.064531326293944,0.7345918416976929,0.0234932024031877,16.527692794799805,5.346729755401611,10.485422134399414,0.5858956575393677,0.0129438480362296,16.415681838989258
test_minutes,20260916_2300,pi,1,present,ok,32,34,4234,131.0,5992,2828,0.4719626168224299,3200,406,70.66913678920638,8.705999851226807,100,6.869035319749653,16,490.0,4.508073806762695,7.335268497467041,7.652782440185547,0.6645394563674927,0.6449687480926514,21.877178192138672,9.871850967407228,12.053211212158203,0.8935043215751648,0.0252024624496698,16.38159942626953,9.87118148803711,11.986166954040527,0.9537099599838256,0.0245917811989784,16.468578338623047,5.321934700012207,10.434606552124023,0.7650581002235413,0.0135344918817281,16.38623809814453
test_minutes,20260916_2301,pi,1,present,ok,25,27,3295,131.0,5648,3184,0.5637393767705382,2500,248,58.34956611175147,11.755000352859497,100,10.347454898015906,17,350.0,4.568536758422852,7.336271286010742,7.635432243347168,0.6698441505432129,0.646099865436554,21.853010177612305,9.833112716674805,12.00864315032959,1.0126157999038696,0.0291330926120281,16.353736877441406,9.8325777053833,11.92581558227539,1.0798749923706057,0.0285686179995536,16.4209041595459,5.302586555480957,10.405659675598145,0.859299898147583,0.0157065670937299,16.359821319580078
test_minutes,20260916_2302,pi,1,present,ok,51,53,6455,131.0,5860,1036,0.17679180887372015,5100,466,110.15734316081061,3.2920000553131104,100,17.806933407472485,44,570.0,4.533622741699219,7.340505599975586,7.6492085456848145,0.6599612832069397,0.6442066431045532,21.900880813598636,9.909998893737791,12.113821029663086,0.7028213739395142,0.0238002594560384,16.407625198364258,9.908655166625977,12.010716438293455,0.7519060969352722,0.0233473517000675,16.521913528442383,5.340564250946045,10.460716247558594,0.6087182760238647,0.0129641396924853,16.410572052001953
test_minutes,20260916_2303,pi,1,present,ok,56,58,7092,131.5,5858,492,0.08398770911573916,5600,391,121.06934329760026,0.996999979019165,100,6.781271403033831,52,570.0,5.046809196472168,7.33991527557373,7.666468143463135,0.6665365695953369,0.6458823680877686,21.901731491088867,9.918350219726562,12.110665321350098,0.6644246578216553,0.0234214998781681,16.412891387939453,9.917028427124023,12.006135940551758,0.7189264297485352,0.0233958829194307,16.52346420288086,5.3483662605285645,10.458229064941406,0.5810767412185669,0.0126854917034506,16.415639877319336
test_minutes,20260916_2304,pi,1,present,ok,47,49,5981,131.0,5815,1322,0.22734307824591574,4700,520,102.85999264534017,2.3540000915527344,100,4.866631787699467,34,560.0,5.250255584716797,7.339332103729248,7.683302402496338,0.6688896417617798,0.6454191207885742,21.793102264404297,9.730874061584473,11.88307285308838,1.276749849319458,0.0279560182243585,16.28826332092285,9.732013702392578,11.74233341217041,1.3832762241363523,0.0274376757442951,16.283857345581055,5.254550933837891,10.32931137084961,1.108208417892456,0.0150162540376186,16.29900550842285
test_minutes,20260916_2305,pi,1,present,ok,39,40,5126,132.0,5899,2082,0.35294117647058826,3900,369,86.90197700157614,5.482000112533569,100,7.531516532844703,23,540.0,4.901782989501953,7.342360019683838,7.67758846282959,0.6659717559814453,0.6462826132774353,21.87157440185547,9.853435516357422,12.04083251953125,0.9565750360488892,0.0253762621432542,16.37783432006836,9.852773666381836,11.88778305053711,1.0343263149261477,0.0247781667858362,16.443317413330078,5.317024230957031,10.441293716430664,0.8288702964782715,0.0137135228142142,16.38368034362793
test_minutes,20260916_2306,pi,1,present,ok,26,27,3386,131.0,5880,3354,0.5704081632653061,2600,329,57.59384927352735,13.922999858856201,100,7.280865407023209,16,400.0,4.62563943862915,7.3410444259643555,7.6627197265625,0.6691395044326782,0.6442179679870605,21.81816864013672,9.769401550292969,11.94710922241211,1.1841495037078855,0.0291898567229509,16.315940856933594,9.770297050476074,11.826910018920898,1.2706371545791626,0.0286532398313283,16.339162826538086,5.273782730102539,10.351079940795898,1.0224230289459229,0.0155852371826767,16.3250732421875
test_minutes,20260916_2307,pi,1,present,ok,44,46,5796,132.0,5861,1482,0.252857874082921,4400,207,98.89772387267017,9.595999956130981,100,2.8017931261458275,35,570.0,4.936357021331787,7.343357086181641,7.670552253723144,0.6613438129425049,0.6440047025680542,21.895727157592773,9.892895698547363,12.098448753356934,0.7850510478019714,0.0234868824481964,16.403852462768555,9.892431259155272,11.976420402526855,0.8456649780273438,0.0230186507105827,16.500850677490234,5.337108135223389,10.455211639404297,0.6852247714996338,0.0127784749493002,16.407880783081055
test_minutes,20260916_2308,pi,1,present,ok,49,51,6208,131.0,5860,1201,0.20494880546075087,4900,524,105.95664761618534,4.733999967575073,100,5.090465660429676,39,570.0,5.221637725830078,7.343281269073486,7.67031192779541,0.6648180484771729,0.6451454758644104,21.91048240661621,9.917594909667969,12.125292778015137,0.6704052686691284,0.0235977172851562,16.420940399169922,9.91662311553955,12.026795387268066,0.7176927328109741,0.0230134297162294,16.533222198486328,5.350668907165527,10.49478244781494,0.5750473737716675,0.0128096546977758,16.42416000366211
test_minutes,20260916_2309,pi,1,present,ok,41,42,5637,131.0,5945,1734,0.2916736753574432,4100,395,94.82555580854893,3.677999973297119,100,4.0921292297422145,21,550.0,5.019963264465332,7.356844902038574,7.667177200317383,0.6683801412582397,0.6464905142784119,21.91708374023437,9.921844482421877,12.129289627075195,0.6883220076560974,0.0244005117565393,16.430076599121094,9.92175006866455,12.07073211669922,0.7275564670562744,0.0234294328838586,16.536727905273438,5.355212688446045,10.527974128723145,0.5927340388298035,0.0132852466776967,16.433061599731445
test_minutes,20260916_2310,pi,1,present,ok,33,35,4588,131.0,5997,2563,0.42738035684508924,3300,374,76.51002224378624,7.080000162124634,100,4.173507500526933,18,550.0,5.41558837890625,7.354287147521973,7.673089981079102,0.6638023853302002,0.6460845470428467,21.889101028442383,9.876290321350098,12.094905853271484,0.8550097346305847,0.0252005290240049,16.397478103637695,9.876801490783691,12.038966178894045,0.9177188873291016,0.024473825469613,16.482961654663086,5.331380844116211,10.497962951660156,0.7336844205856323,0.0136692654341459,16.4023494720459
test_minutes,20260916_2311,pi,1,present,ok,26,28,3355,130.5,5841,3316,0.5677110083889745,2600,250,57.439778195165516,11.779000282287598,100,3.404442087358852,16,420.0,4.987725257873535,7.3525848388671875,7.649402618408203,0.6682742834091187,0.6468334197998047,21.83606719970703,9.791250228881836,12.004591941833496,1.1139897108078003,0.0287918038666248,16.335769653320312,9.79277801513672,11.958584785461426,1.1914958953857422,0.0279644262045621,16.378982543945312,5.28939151763916,10.411802291870115,0.9530991911888124,0.0154511546716094,16.344440460205078
test_minutes,20260916_2312,pi,1,present,ok,56,58,7103,132.0,5854,492,0.08404509736932013,5600,411,121.33998406230981,0.5079998970031738,100,7.466276364313041,52,570.0,5.390811920166016,7.362678527832031,7.681960105895996,0.6646679639816284,0.6459319591522217,21.91461181640625,9.91477394104004,12.15101432800293,0.7060226202011108,0.024656418710947,16.425628662109375,9.914393424987791,12.104292869567873,0.7528486847877502,0.0237234402447938,16.532739639282227,5.352346420288086,10.551294326782228,0.6031986474990845,0.0133679863065481,16.429466247558594
test_minutes,20260916_2313,pi,1,present,ok,41,43,5638,132.0,5975,1767,0.29573221757322177,4100,354,94.36141141547544,5.4709999561309814,100,32.24319201268838,23,570.0,19.49831199645996,7.402152061462402,7.827202796936035,0.8710469007492065,0.6570979356765747,21.875253677368164,9.845780372619627,12.085795402526855,1.01282000541687,0.0313299447298049,16.38084602355957,9.847308158874512,12.030735969543455,1.0788707733154297,0.0298413038253784,16.441720962524414,5.317345142364502,10.486452102661133,0.866707980632782,0.0162536948919296,16.387645721435547
test_minutes,20260916_2314,pi,1,present,ok,35,37,4404,121.0,5879,2591,0.4407212110903215,3500,586,74.91834492616496,7.831999778747559,100,135.6657789632546,24,480.0,20.86614418029785,7.429327011108398,7.928345680236816,1.0003783702850342,0.6683942079544067,21.902587890625,9.893348693847656,12.122027397155762,0.8434456586837769,0.0590750388801097,16.410991668701172,9.891718864440918,12.077250480651855,0.8743958473205566,0.0491765290498733,16.503028869628906,5.340819358825684,10.399053573608398,0.7169588804244995,0.0281024239957332,16.415983200073242
test_minutes,20260916_2315,pi,1,present,ok,27,29,3355,132.0,5856,3316,0.5662568306010929,2700,340,57.296558958852465,13.164000034332275,100,23.38636283545355,19,430.0,10.584075927734377,7.31402587890625,7.637466907501221,0.6780892014503479,0.6498754620552063,21.348966598510746,9.01007080078125,11.081034660339355,2.2743635177612305,0.0702655017375946,15.796792984008787,9.036216735839844,10.987653732299805,2.333470344543457,0.0685198605060577,15.439934730529783,4.901703834533691,9.631601333618164,1.919116735458374,0.0372135229408741,15.830171585083008
test_minutes,20260916_2316,pi,1,present,ok,57,59,7195,132.0,5861,412,0.07029517147244498,5700,385,122.76271569179771,0.40600013732910156,100,71.03827230093258,55,570.0,10.243467330932615,7.36046552658081,7.704711437225342,0.6693651080131531,0.6497024893760681,21.91239547729492,9.910090446472168,12.1451416015625,0.6952255964279175,0.0478104278445243,16.42225456237793,9.909972190856934,12.120064735412598,0.7149280309677124,0.0396158248186111,16.53595542907715,5.354456424713135,10.370302200317385,0.5917356014251709,0.0239844359457492,16.426000595092773
test_minutes,20260916_2317,pi,1,present,ok,33,34,4377,128.0,5910,2618,0.44297800338409477,3300,327,74.06717992860514,11.888999938964844,100,14.810473815078788,22,480.0,11.295577049255373,7.364157676696777,7.692175388336182,0.6682594418525696,0.6464446187019348,21.892473220825195,9.885680198669434,12.12851619720459,0.8370038866996765,0.0402339436113834,16.399898529052734,9.885542869567873,12.084250450134276,0.8625981211662292,0.0352875031530857,16.497329711914062,5.342012882232666,10.388025283813477,0.690848708152771,0.020417271181941,16.40475082397461
test_minutes,20260916_2318,pi,1,present,ok,34,36,4364,129.0,5861,2576,0.4395154410510152,3400,303,74.45955373171023,11.211999893188477,100,262.3066409260534,27,460.0,21.12802696228028,7.46881103515625,8.176952362060547,1.033897876739502,0.6744845509529114,21.85992431640625,9.852075576782228,12.13644027709961,1.0960091352462769,0.082037404179573,16.36372947692871,9.84635066986084,12.057270050048828,1.1141152381896973,0.0734705924987793,16.428274154663086,5.319903373718262,10.41910457611084,0.8718869090080261,0.0335481166839599,16.37076187133789
test_minutes,20260916_2319,pi,1,present,ok,38,40,4958,130.0,5861,2138,0.36478416652448387,3800,397,84.5988462674151,4.76200008392334,100,354.3295874298851,20,520.0,21.98506546020508,7.455328941345215,7.8500657081604,1.1576666831970217,0.6816433072090149,21.60515594482422,9.438983917236328,11.71730613708496,1.8336143493652344,0.0482497438788414,16.072357177734375,9.448744773864746,11.625170707702637,1.901740550994873,0.0456562899053096,15.918310165405272,5.11653995513916,10.075494766235352,1.5296988487243652,0.0249613989144563,16.096080780029297
test_minutes,20260916_2320,pi,1,present,ok,51,52,6328,129.0,5848,1005,0.17185362517099864,5100,384,108.2245900488739,2.258999824523926,100,123.70955641502113,43,560.0,22.97614288330078,7.44599723815918,7.795269966125488,1.0533061027526855,0.6766436100006104,21.80397224426269,9.758153915405272,12.08127784729004,1.2280102968215942,0.0385825335979461,16.299135208129883,9.760737419128418,11.985916137695312,1.2835224866867063,0.0356165021657943,16.324270248413086,5.280318260192871,10.392363548278809,1.0325274467468262,0.0199702363461256,16.309206008911133
test_minutes,20260916_2324,pi,1,present,ok,57,59,7443,131.0,5967,335,0.05614211496564438,5700,261,124.74650137867596,0.5909998416900635,100,227.15215342624134,53,570.0,24.26141357421875,7.539255619049072,8.069489479064941,1.1979926824569702,0.6944984197616577,21.921098709106445,9.933061599731444,12.269369125366213,0.6826882362365723,0.0389128141105175,16.432815551757812,9.930878639221191,12.213719367980955,0.7271041870117188,0.0350063815712928,16.544458389282227,5.361073017120361,10.533080101013184,0.5784132480621338,0.0188690591603517,16.43596076965332
test_minutes,20260916_2325,pi,1,present,ok,38,40,4747,129.0,5878,2284,0.3885675399795849,3800,498,80.76838003583187,8.268999814987183,100,23.395277920273415,26,520.0,14.94675064086914,7.374735355377197,7.719237327575684,0.6746935248374939,0.6495478749275208,21.90781021118164,9.898116111755373,12.237674713134766,0.7603206634521484,0.0279603954404592,16.4183292388916,9.899170875549316,12.19295883178711,0.8140221238136292,0.0257901847362518,16.517410278320312,5.350210189819336,10.516942977905272,0.6792388558387756,0.0152526833117008,16.42204475402832
test_minutes,20260916_2326,pi,1,present,ok,26,28,3515,130.0,5858,3190,0.5445544554455446,2600,201,60.00853626027691,10.903000116348267,100,29.304789131290313,16,420.0,10.29885482788086,7.372366428375244,7.70753002166748,0.6732707023620605,0.6495549082756042,21.878360748291016,9.850953102111816,12.198551177978516,0.9566246867179872,0.0313368961215019,16.384254455566406,9.852389335632324,12.125326156616213,1.010417103767395,0.0284472443163394,16.45697021484375,5.325944423675537,10.46376609802246,0.8273262977600098,0.0167997665703296,16.38994026184082
test_minutes,20260916_2327,pi,1,present,ok,56,58,7228,129.5,5861,334,0.05698686231018597,5600,272,123.3299774109106,0.5159997940063477,100,24.2845852842594,52,570.0,9.243000030517578,7.37642765045166,7.710630416870117,0.6651068925857544,0.6474686861038208,21.92051124572754,9.922320365905762,12.288300514221191,0.6846877932548523,0.0274990424513816,16.431941986083984,9.922399520874023,12.213703155517578,0.7176721692085266,0.0250205919146537,16.544822692871094,5.362443447113037,10.53067398071289,0.586053192615509,0.015008914284408,16.434743881225586
test_minutes,20260916_2328,pi,1,present,ok,37,38,4722,129.0,5913,2345,0.3965837984102824,3700,395,79.86199217915122,6.194999933242798,100,25.791241643383046,26,500.0,9.191932678222656,7.3747711181640625,7.7114176750183105,0.678019642829895,0.6492400765419006,21.90399742126465,9.90042209625244,12.264392852783203,0.8066064119338989,0.0294803641736507,16.41360092163086,9.901008605957031,12.195701599121094,0.8390479683876038,0.0266022104769945,16.51084327697754,5.350732326507568,10.52671718597412,0.6867532730102539,0.0157985370606184,16.417375564575195
test_minutes,20260916_2329,pi,1,present,ok,15,17,2246,126.0,5862,4143,0.7067553735926305,1500,191,38.31652926716685,11.288999795913696,100,32.594767799936,7,190.0,7.285275936126709,7.358432292938232,7.694185733795166,0.694866418838501,0.6495174169540405,21.707984924316406,9.586936950683594,11.92851448059082,1.6088353395462036,0.0452548786997795,16.19106101989746,9.596197128295898,11.806286811828612,1.6875046491622925,0.0430227778851985,16.10808563232422,5.190529823303223,10.202524185180664,1.3780720233917236,0.023622278124094,16.2075138092041
test_minutes,20260916_2330,pi,1,present,ok,49,51,6290,130.0,5861,1064,0.18153898652107148,4900,378,107.33422067855575,4.3440001010894775,100,223.67194377131938,38,570.0,22.90492057800293,7.445845603942871,7.834282875061035,1.0850367546081543,0.6742497682571411,21.673622131347656,9.545208930969238,11.882576942443848,1.70213782787323,0.042037233710289,16.15222930908203,9.550946235656738,11.77423095703125,1.7774505615234375,0.038575068116188,16.043947219848633,5.164900779724121,10.154097557067873,1.4300565719604492,0.0213745422661304,16.17058563232422
test_minutes,20260916_2331,pi,1,present,ok,52,54,6419,128.0,5862,1059,0.18065506653019447,5200,710,109.51682206958431,2.1570000648498535,100,73.84562478873761,44,570.0,26.877666473388672,7.491337299346924,8.04477310180664,1.1681029796600342,0.6788469552993774,21.91118049621582,9.938376426696776,12.259521484375,0.782691478729248,0.0496939867734909,16.412586212158203,9.93390941619873,12.229989051818848,0.7825608253479004,0.0429338701069355,16.53615379333496,5.360832214355469,10.51186752319336,0.6265507936477661,0.0230294838547706,16.4157657623291
test_minutes,20260916_2332,pi,1,present,ok,45,46,5625,129.0,5807,1524,0.2624418804890649,4500,435,96.87419261959553,6.259000062942505,100,80.32857837790768,31,550.0,20.067214965820312,7.429652214050293,7.773697853088379,0.9935486316680908,0.6680258512496948,21.93474769592285,9.880390167236328,12.114751815795898,0.6504206657409668,0.0333074256777763,16.445507049560547,9.878366470336914,12.036144256591797,0.6316084265708923,0.0314214713871479,16.54887580871582,5.341527938842773,10.52153491973877,0.595861554145813,0.0172825250774621,16.448017120361328
test_minutes,20260916_2333,pi,1,present,ok,33,34,4578,129.0,5894,2405,0.40804207668815745,3300,239,77.68538935710065,8.955000162124634,100,31.59060514689567,19,540.0,13.03844928741455,7.374225616455078,7.734653472900391,0.6781330108642578,0.6531590819358826,21.92578887939453,9.887890815734863,12.128494262695312,0.7499130368232727,0.0659676045179367,16.438968658447266,9.88638687133789,12.051608085632324,0.779655933380127,0.0532952025532722,16.530406951904297,5.351100444793701,10.642630577087402,0.6762212514877319,0.0293821990489959,16.441753387451172
test_minutes,20260916_2334,pi,1,present,ok,31,32,3788,128.0,5798,2900,0.5001724732666437,3100,388,65.34414349026201,10.601999998092651,100,30.219606270220698,21,480.0,12.947402954101562,7.371198654174805,7.740226745605469,0.6965826749801636,0.6534756422042847,21.882055282592773,9.805646896362305,12.02461051940918,0.9654746651649476,0.0592378787696361,16.388938903808594,9.806397438049316,11.964051246643066,1.0253357887268066,0.0503581464290618,16.445880889892578,5.308329582214356,10.385610580444336,0.8466760516166687,0.0272721890360116,16.393693923950195
test_minutes,20260916_2335,pi,1,present,ok,51,53,6671,129.0,5861,724,0.12352840812148097,5100,227,113.82793580996942,3.6579999923706055,100,33.827279009879106,43,570.0,13.076370239257812,7.3621721267700195,7.734087944030762,0.6727609634399414,0.6527698040008545,21.91710090637207,9.860467910766602,12.092065811157228,0.7567875981330872,0.0681322291493415,16.42552947998047,9.858506202697754,12.018111228942873,0.7892758250236511,0.0546738058328628,16.523704528808594,5.335183143615723,10.424026489257812,0.691143274307251,0.0305347442626953,16.428424835205078
test_minutes,20260916_2336,pi,1,present,ok,43,43,5347,128.0,5851,1781,0.3043924115535806,4300,527,91.3938981511119,3.624000072479248,100,30.69607379997078,29,570.0,9.426429748535156,7.349079132080078,7.691315650939941,0.6709643006324768,0.6487885117530823,21.872390747070312,9.80059051513672,12.011716842651367,0.9888173937797546,0.053232304751873,16.376792907714844,9.798395156860352,11.957282066345217,1.0497984886169434,0.0459070801734924,16.429590225219727,5.30657434463501,10.441787719726562,0.9057389497756958,0.024724893271923,16.38193702697754
test_minutes,20260916_2337,pi,1,present,ok,38,38,4666,127.5,5950,2400,0.40336134453781514,3800,481,78.4280768361679,6.290999889373779,100,33.533476562402605,23,530.0,8.228707313537598,7.359051704406738,7.718286514282227,0.6745796203613281,0.6498662233352661,21.91966819763184,9.865427017211914,12.106237411499023,0.7816908359527588,0.0573791489005088,16.42917251586914,9.86416244506836,12.02577018737793,0.8186640739440918,0.0470189750194549,16.521121978759766,5.3374505043029785,10.503166198730469,0.7127552032470703,0.0262420605868101,16.432294845581055
test_minutes,20260916_2338,pi,1,present,ok,27,27,3442,129.0,5876,3249,0.552927161334241,2700,249,58.58125123462851,10.85700011253357,100,7.625665689898701,13,390.0,8.65790843963623,7.356287479400635,7.713018417358398,0.67555832862854,0.6521273255348206,21.892824172973636,9.82054042816162,12.066411972045898,0.893564760684967,0.0581091456115245,16.399707794189453,9.819676399230955,11.99506950378418,0.9505586624145508,0.0488979779183864,16.470767974853516,5.308938026428223,10.413582801818848,0.8196685314178467,0.0275160558521747,16.40395736694336
test_minutes,20260916_2339,pi,1,present,ok,46,47,5708,129.0,5839,1485,0.25432437061140606,4600,415,97.75813907858203,7.390000104904175,100,15.184579113348978,38,550.0,14.050541877746582,7.379023551940918,7.763969421386719,0.7117464542388916,0.6559920907020569,21.9192008972168,9.878355026245115,12.12544059753418,0.7375024557113647,0.0478780791163444,16.42804527282715,9.876651763916016,12.049089431762695,0.7790587544441223,0.0403249077498912,16.52993392944336,5.341856479644775,10.47610092163086,0.6730287075042725,0.0228192377835512,16.430831909179688
test_minutes,20260916_2340,pi,1,present,ok,56,57,7054,129.0,5906,507,0.08584490348797832,5600,367,119.44999560277716,1.1140000820159912,100,12.518203261477797,50,570.0,4.6744232177734375,7.359463691711426,7.678119659423828,0.6618329286575317,0.6460599303245544,21.93149757385254,9.909860610961914,12.158158302307127,0.6569492220878601,0.0246963165700435,16.44209861755371,9.90781593322754,12.083364486694336,0.7032012343406677,0.0235057603567838,16.55365562438965,5.364771366119385,10.487473487854004,0.5956568717956543,0.0133670149371027,16.4443359375
test_minutes,20260916_2341,pi,1,present,ok,49,51,6017,129.0,5861,1252,0.21361542398908037,4900,451,102.663413108089,4.583000183105469,100,9.555543425963908,43,570.0,5.028679370880127,7.365270614624023,7.684203147888184,0.6629254817962646,0.6462278962135315,21.934812545776367,9.909069061279297,12.160582542419434,0.6936092972755432,0.0247359257191419,16.4465389251709,9.906678199768066,12.086042404174805,0.7408039569854736,0.0235664248466491,16.551513671875,5.36511754989624,10.49580192565918,0.6326082944869995,0.0133347688242793,16.449003219604492
test_minutes,20260916_2342,pi,1,present,ok,37,39,4820,129.0,5871,2201,0.3748935445409641,3700,432,82.10963864923167,5.878999948501587,100,49.35364336829709,24,510.0,13.514962196350098,7.3749494552612305,7.745121002197266,0.7245843410491943,0.6569449305534363,21.92658424377441,9.874881744384766,12.131407737731934,0.7834662199020386,0.0628409162163734,16.43646240234375,9.872064590454102,12.054484367370604,0.8400660157203674,0.0509668178856372,16.53229331970215,5.3387603759765625,10.469497680664062,0.6801092624664307,0.0279341600835323,16.439451217651367
test_minutes,20260916_2343,pi,1,present,ok,25,26,3139,128.0,5861,3468,0.5917078996758233,2500,272,53.558327248999724,10.404000043869019,100,8.770024791645953,16,400.0,6.459306716918945,7.334383010864258,7.688435077667236,0.6753681898117065,0.6510438919067383,21.61699676513672,9.452226638793944,11.624858856201172,1.7428830862045288,0.0704451650381088,16.099185943603516,9.45588493347168,11.578709602355955,1.854635238647461,0.0636494532227516,15.895936012268066,5.124792098999023,10.076833724975586,1.5806386470794678,0.0333143807947635,16.11729621887207
test_minutes,20260916_2345,pi,1,present,ok,55,57,7217,129.0,5897,362,0.06138714600644395,5500,178,122.40086808268346,1.7279999256134033,100,20.034735043607864,53,560.0,15.17184352874756,7.366001129150391,7.737977027893066,0.6757091283798218,0.6518815755844116,21.929800033569336,9.892660140991213,12.139288902282717,0.6946386694908142,0.0606921017169952,16.437236785888672,9.891073226928713,12.079034805297852,0.7024586796760559,0.0498185865581035,16.554729461669922,5.350549697875977,10.499944686889648,0.6047865748405457,0.0273685660213232,16.439516067504883
test_minutes,20260916_2346,pi,1,present,ok,30,32,4429,129.0,5866,2511,0.4280600068189567,3000,167,75.50804704775418,6.705999851226807,100,22.432911950379676,14,560.0,4.414578914642334,7.350249767303467,7.692104339599609,0.6703059673309326,0.6476184129714966,21.89770126342773,9.849689483642578,12.076614379882812,0.8404408097267151,0.0509661324322223,16.40011215209961,9.847583770751951,12.030384063720703,0.8804049491882324,0.0443907305598259,16.494699478149414,5.326046466827393,10.34917449951172,0.7548737525939941,0.0240222178399562,16.403770446777344
test_minutes,20260916_2347,pi,1,present,ok,39,41,4604,128.0,5654,2160,0.38203042094092676,3900,610,81.44060026419623,6.33299994468689,100,15.60487706667576,29,560.0,7.530445098876953,7.34561824798584,7.676959991455078,0.6687002778053284,0.6492117047309875,21.8402156829834,9.766398429870604,11.99345588684082,1.0969680547714231,0.0493402816355228,16.336469650268555,9.76376724243164,11.930719375610352,1.153498291969299,0.0436484478414058,16.379302978515625,5.282992839813232,10.246940612792969,0.9876521229743958,0.0235723778605461,16.342864990234375
test_minutes,20260916_2349,pi,1,present,ok,53,55,6801,130.0,5862,677,0.11548959399522347,5300,363,116.03623881042313,1.99399995803833,100,33.83855784513454,45,570.0,23.687049865722656,7.418783664703369,7.842682838439941,0.8946390748023987,0.6621325612068176,21.923070907592773,9.915519714355469,12.201004981994627,0.6735842227935791,0.0430382043123245,16.42816162109375,9.912925720214844,12.116107940673828,0.7100480198860168,0.0376620553433895,16.550743103027344,5.358234405517578,10.475669860839844,0.5946581363677979,0.0194766875356435,16.430438995361328
test_minutes,20260916_2350,pi,1,present,ok,31,33,4205,129.0,5995,2830,0.47206005004170143,3100,323,70.14646503591106,7.385999917984009,100,3.612010247321665,21,520.0,5.175006866455078,7.351966381072998,7.695516586303711,0.668842613697052,0.6466107964515686,21.89818572998047,9.870296478271484,12.147253036499023,0.8248124122619629,0.0260877311229705,16.400646209716797,9.87111759185791,12.069819450378418,0.8660298585891724,0.0247483476996421,16.500202178955078,5.345767021179199,10.485681533813477,0.7279258966445923,0.0140025177970528,16.404096603393555
test_minutes,20260916_2351,pi,1,present,ok,41,42,5193,130.0,5840,1875,0.3210616438356164,4100,259,88.93341559737922,8.039999961853027,100,6.930079548262484,33,520.0,5.372294425964356,7.355403423309326,7.701728343963623,0.6721815466880798,0.6469724774360657,21.89033317565918,9.85655117034912,12.120935440063477,0.8722579479217529,0.0255510471761226,16.39297866821289,9.857848167419434,12.054069519042969,0.9251807928085328,0.0244671385735273,16.480815887451172,5.33705997467041,10.489435195922852,0.7841224670410156,0.0138538358733057,16.39691925048828
test_minutes,20260916_2352,pi,1,present,ok,39,41,4649,127.0,5548,2000,0.3604902667627974,3900,568,83.80200472395069,4.296000003814697,100,2.46101032929156,26,550.0,4.8389811515808105,7.3504767417907715,7.687992572784424,0.6638869643211365,0.6457185745239258,21.82543182373047,9.758136749267578,12.02324390411377,1.166428565979004,0.0268312022089958,16.32172966003418,9.76133155822754,11.953899383544922,1.2446856498718262,0.025787403807044,16.34514617919922,5.287864208221436,10.396854400634766,1.0379908084869385,0.014232768677175,16.329092025756836
test_minutes,20260916_2353,pi,1,present,ok,48,49,6189,130.0,5806,1100,0.18945918015845678,4800,327,106.60764134381047,6.130000114440918,100,4.63811696941483,38,560.0,4.221991539001465,7.350025653839111,7.664159297943115,0.6665188670158386,0.646081268787384,21.802282333374023,9.727657318115234,11.97708797454834,1.243044137954712,0.0279138516634702,16.29546356201172,9.731955528259276,11.929717063903809,1.3193403482437134,0.0271492544561624,16.300090789794922,5.270395755767822,10.366201400756836,1.1090768575668335,0.0151095343753695,16.303903579711914
test_minutes,20260916_2354,pi,1,present,ok,36,37,4946,130.0,5912,2168,0.36671177266576455,3600,304,83.66459717818583,5.713000059127808,100,6.025983931293768,17,500.0,5.357663154602051,7.360232353210449,7.695876598358154,0.6689234375953674,0.6472839713096619,21.905799865722656,9.88180160522461,12.15498161315918,0.7756285667419434,0.0252724420279264,16.40936851501465,9.882774353027344,12.07790184020996,0.8228989839553833,0.0243020709604024,16.514795303344727,5.349359512329102,10.495077133178713,0.6979944109916687,0.0135774714872241,16.412527084350586
test_minutes,20260916_2355,pi,1,present,ok,22,24,2929,129.0,5870,3656,0.6228279386712096,2200,204,49.90118568642998,11.141000032424927,100,8.304488531506104,10,330.0,4.429524421691895,7.354867935180664,7.677858352661133,0.6736905574798584,0.6468549370765686,21.86215591430664,9.812110900878906,12.08899974822998,1.0152769088745115,0.0308988746255636,16.36166763305664,9.814411163330078,12.00601577758789,1.082793354988098,0.0297898855060338,16.42038345336914,5.313068866729736,10.414005279541016,0.9092592000961304,0.0164205078035593,16.367229461669922
test_minutes,20260916_2356,pi,1,present,ok,36,37,4571,129.5,4877,1372,0.28132048390403935,3600,261,93.73141635546655,10.01199984550476,100,14.677256815288173,28,470.0,4.525534629821777,7.359656810760498,7.682366371154785,0.6660515069961548,0.6458397507667542,21.89330291748047,9.86037826538086,12.127891540527344,0.8612287044525146,0.0267932545393705,16.39592933654785,9.861839294433594,12.05544662475586,0.915511667728424,0.0256238002330064,16.4868106842041,5.337421894073486,10.434610366821287,0.7674502730369568,0.0142907267436385,16.39983558654785
test_minutes,20260916_2357,pi,1,present,ok,54,56,6941,130.0,5859,561,0.09575012800819252,5400,323,118.47944808980381,1.565000057220459,100,5.231586493436789,46,570.0,4.706294536590576,7.360931396484375,7.704349517822266,0.6663733720779419,0.6468717455863953,21.921463012695312,9.906952857971191,12.17367458343506,0.6654446125030518,0.0243391171097755,16.426069259643555,9.90738296508789,12.103432655334473,0.7060633301734924,0.02324646897614,16.54901123046875,5.361494541168213,10.455926895141602,0.596332311630249,0.0131949866190552,16.428375244140625
test_minutes,20260916_2358,pi,1,present,ok,40,42,5244,130.0,5859,1873,0.319679126130739,4000,408,89.51402328820828,4.756999969482422,100,7.186544764191961,24,570.0,4.401804924011231,7.362611293792725,7.701122283935547,0.6637500524520874,0.6457310318946838,21.87785530090332,9.834017753601074,12.115347862243652,0.9506381154060364,0.0252956934273242,16.37897300720215,9.836577415466309,12.0303316116333,1.0156766176223757,0.0238696206361055,16.451839447021484,5.323829650878906,10.381265640258787,0.8458943367004395,0.0135239595547318,16.383825302124023
test_minutes,20260916_2359,pi,1,present,ok,34,35,4396,129.0,5998,2669,0.44498166055351784,3400,429,73.29354076457226,5.64900016784668,100,10.182803812993058,20,520.0,4.792295455932617,7.371133804321289,7.726045608520508,0.668539822101593,0.6465637683868408,21.925373077392575,9.89657497406006,12.172712326049805,0.7246260643005371,0.0244447607547044,16.432077407836914,9.897045135498049,12.113547325134276,0.7760651111602783,0.0234392788261175,16.541584014892578,5.354936599731445,10.429498672485352,0.6520551443099976,0.0131374662742018,16.434852600097656
test_minutes,20260917_0000,pi,1,present,ok,24,25,3168,130.5,5800,3421,0.5898275862068966,2400,246,54.630108630436396,13.125000238418579,100,2.4753888771630113,12,350.0,4.001379013061523,7.286449909210205,7.6034955978393555,0.6781715154647827,0.6478166580200195,20.995603561401367,8.488740921020508,10.461843490600586,2.454457521438598,0.0582932420074939,15.45230770111084,8.525840759277344,10.395337104797363,2.6134490966796875,0.0559399500489234,14.687512397766112,4.62718391418457,9.326830863952637,2.2152318954467773,0.030495086684823,15.5062837600708
test_minutes,20260917_0001,pi,1,present,ok,53,55,6857,130.0,5874,675,0.11491317671092952,5300,368,116.73675054777439,1.9549999237060547,100,11.497307367301124,45,570.0,4.756697654724121,7.360924243927002,7.68303108215332,0.6611804962158203,0.6470398902893066,21.926258087158203,9.909734725952148,12.188371658325195,0.6665722727775574,0.0235168561339378,16.43214988708496,9.910234451293944,12.120460510253906,0.7093967199325562,0.0225551091134548,16.55343246459961,5.36034631729126,10.431903839111328,0.6003334522247314,0.0126932533457875,16.434452056884766
test_minutes,20260917_0002,pi,1,present,ok,42,44,5362,130.0,5853,1791,0.30599692465402356,4200,392,91.61896610444313,4.121000051498413,100,19.24993117190374,30,570.0,4.5863356590271,7.358829975128174,7.68648624420166,0.6608407497406006,0.6468477249145508,21.911888122558597,9.890470504760742,12.172273635864258,0.7215360999107361,0.0249135084450244,16.416149139404297,9.891401290893556,12.099532127380373,0.7732532024383545,0.0236014351248741,16.53016471862793,5.351077556610107,10.40791130065918,0.6510477066040039,0.013335165567696,16.41892433166504
test_minutes,20260917_0003,pi,1,present,ok,53,55,6485,130.0,5857,936,0.15980877582380057,5300,574,110.73922942509256,2.0940001010894775,100,5.133234578485442,47,570.0,4.437064170837402,7.356739044189453,7.689606666564941,0.6662784814834595,0.6459786295890808,21.85648727416992,9.805575370788574,12.09394359588623,1.0382130146026611,0.026686206459999,16.356271743774414,9.809669494628906,12.01048183441162,1.105903148651123,0.0252372846007347,16.41173553466797,5.30718994140625,10.334763526916504,0.924386501312256,0.0143434880301356,16.36207389831543
test_minutes,20260917_0004,pi,1,present,ok,30,31,4178,130.0,5717,2561,0.44796221794647545,3000,325,73.08156529852586,7.63700008392334,100,26.976679277037213,12,530.0,4.871546268463135,7.361392498016357,7.699967384338379,0.668006420135498,0.6462929844856262,21.917821884155277,9.891611099243164,12.216863632202148,0.7523301839828491,0.0247618593275547,16.426156997680664,9.89268970489502,12.108712196350098,0.80348140001297,0.0238418709486722,16.529346466064453,5.351495742797852,10.435736656188965,0.6714503765106201,0.0133873596787452,16.429141998291016
test_minutes,20260917_0007,pi,1,present,ok,54,55,6856,130.0,5890,734,0.12461799660441426,5400,465,116.4164908121159,1.6410000324249268,100,14.900271074591974,48,560.0,5.086427211761475,7.362195014953613,7.688296318054199,0.6624188423156738,0.6468261480331421,21.92781639099121,9.906989097595217,12.233502388000488,0.6752979755401611,0.0252489019185304,16.440078735351562,9.906869888305664,12.197480201721191,0.7129286527633667,0.0238001141697168,16.551836013793945,5.357869625091553,10.475578308105469,0.602250874042511,0.0137411905452609,16.442419052124023
test_minutes,20260917_0008,pi,1,present,ok,42,43,5407,130.0,5904,1841,0.3118224932249323,4200,502,91.58197837895622,4.316999673843384,100,7.594850899139722,28,460.0,4.911861896514893,7.354677200317383,7.687811851501465,0.6738554239273071,0.6490551233291626,21.91567039489746,9.892936706542969,12.241143226623535,0.7514885663986206,0.0274849813431501,16.430469512939453,9.893355369567873,12.216595649719238,0.800892174243927,0.0255308281630277,16.528812408447266,5.3480143547058105,10.48813533782959,0.666537880897522,0.0148770092055201,16.433319091796875
test_minutes,20260917_0009,pi,1,present,ok,36,38,5069,130.0,5862,2030,0.3462981917434323,3600,219,86.48104571477565,7.004000186920166,100,23.670601944561014,16,440.0,4.582294464111328,7.35920524597168,7.66538143157959,0.6696193218231201,0.6463653445243835,21.904132843017575,9.873198509216309,12.210543632507324,0.8552079200744629,0.0286553297191858,16.41954231262207,9.87395477294922,12.202593803405762,0.8874847292900085,0.0264412686228752,16.50201988220215,5.338441848754883,10.44175148010254,0.7367942333221436,0.015242557041347,16.423124313354492
test_minutes,20260917_0010,pi,1,present,ok,31,33,4205,131.0,5362,2162,0.4032077582991421,3100,210,78.43393271837658,10.860000133514404,100,7.062181569881004,24,480.0,4.576306819915772,7.364170074462891,7.679400444030762,0.6637027263641357,0.6462409496307373,21.91604804992676,9.896379470825195,12.230192184448242,0.7480508089065552,0.0254447124898433,16.432632446289062,9.896662712097168,12.235173225402832,0.7756624817848206,0.0240438599139451,16.53141212463379,5.350205421447754,10.452987670898438,0.6499794721603394,0.0135352797806262,16.435367584228516
test_minutes,20260917_0014,pi,1,present,ok,54,56,6696,130.0,5819,757,0.13009108094174257,5400,518,115.07527332388611,1.1720001697540283,100,3.5927678328835206,48,560.0,4.727459907531738,7.359154224395752,7.665004730224609,0.6658321619033813,0.6486555337905884,21.870880126953125,9.83058261871338,12.168264389038086,0.9887900352478028,0.0265651252120733,16.384815216064453,9.83071517944336,12.20877456665039,1.028397798538208,0.0254917312413454,16.441665649414062,5.31508731842041,10.486103057861328,0.850757360458374,0.0141836572438478,16.389724731445312
test_minutes,20260917_0015,pi,1,present,ok,38,39,4805,130.0,5899,2272,0.38515002542803867,3800,387,81.46138830420838,7.25600004196167,100,3.1960209204237535,26,420.0,4.989089012145996,7.349701881408691,7.679330825805664,0.6718710660934448,0.647641122341156,21.739866256713867,9.63040256500244,11.940272331237791,1.4675357341766355,0.0337313339114189,16.243085861206055,9.633838653564451,11.965490341186523,1.5317823886871338,0.0322350561618804,16.17852020263672,5.214868068695068,10.28403377532959,1.2697036266326904,0.0176393296569585,16.254657745361328
test_minutes,20260917_0016,pi,1,present,ok,45,45,5453,129.0,5904,1782,0.3018292682926829,4500,491,92.36736941508333,4.451000213623047,100,12.13038434783187,39,550.0,4.657290935516357,7.340444087982178,7.655464172363281,0.6693325042724609,0.6474862694740295,21.62279510498047,9.450955390930176,11.727906227111816,1.7458922863006592,0.0346127413213253,16.115819931030273,9.457319259643556,11.74946403503418,1.8371021747589111,0.0328324362635612,15.943917274475098,5.122408866882324,10.100826263427734,1.5260775089263916,0.0181866846978664,16.133211135864258
test_minutes,20260917_0017,pi,1,present,ok,37,39,5016,130.0,5579,1785,0.3199498117942284,3700,343,89.91342040044013,5.804999828338623,100,4.066526466274861,21,430.0,4.927971839904785,7.369982719421387,7.713522911071777,0.6733336448669434,0.6481970548629761,21.88772392272949,9.864629745483398,12.200307846069336,0.8442810773849487,0.0290533229708671,16.402965545654297,9.8628568649292,12.24807834625244,0.8948882818222046,0.0271356534212827,16.484081268310547,5.330601215362549,10.544929504394531,0.743433952331543,0.0155751155689358,16.40662956237793
test_minutes,20260917_0018,pi,1,present,ok,54,55,6591,129.0,5768,737,0.1277739251040222,5400,529,114.27828357952689,1.3410000801086426,100,2.859898782572092,48,569.0,4.821180820465088,7.361533164978027,7.71525239944458,0.6710188984870911,0.6473003029823303,21.894392013549805,9.867074012756348,12.204792022705078,0.8741713762283325,0.025916188955307,16.412019729614258,9.865833282470703,12.253107070922852,0.925932765007019,0.024733543395996,16.483842849731445,5.33212947845459,10.54023551940918,0.7638617157936096,0.0139367133378982,16.415916442871094
test_minutes,20260917_0019,pi,1,present,ok,44,46,5256,128.0,5968,2003,0.33562332439678283,4400,705,88.07708427649506,5.630000114440918,100,6.752925245882747,32,410.0,5.079702377319336,7.3590087890625,7.682953834533691,0.6698389053344727,0.64581298828125,21.890117645263672,9.86095905303955,12.190163612365724,0.8984984159469604,0.0282994918525218,16.408037185668945,9.859697341918944,12.250990867614746,0.95503169298172,0.0268312729895114,16.475372314453125,5.329586505889893,10.534469604492188,0.7873507738113403,0.015042663551867,16.412147521972656
test_minutes,20260917_0024,pi,1,present,ok,47,48,6327,130.0,5998,1290,0.21507169056352118,4700,492,105.49923276064956,1.562999963760376,100,13.39900012721206,25,310.0,5.263360023498535,7.362977981567383,7.685259819030762,0.6789951324462891,0.6461367607116699,21.83426094055176,9.791426658630373,12.129586219787598,1.2120988368988037,0.0346813350915908,16.333240509033203,9.79804801940918,12.10478687286377,1.252714991569519,0.032227523624897,16.363746643066406,5.300118446350098,10.462727546691896,1.0351805686950684,0.0185208432376384,16.340999603271484
test_minutes,20260917_0025,pi,1,present,ok,43,45,5446,129.0,5791,1694,0.29252288033154894,4300,532,94.05709703497772,6.938000202178955,100,8.713685260529635,29,230.0,5.662675380706787,7.361893177032471,7.680049896240234,0.6850734949111938,0.648039698600769,21.826704025268555,9.781445503234863,12.125114440917969,1.233689785003662,0.0386389717459678,16.32486343383789,9.787548065185549,12.09675121307373,1.2719782590866089,0.0363744571805,16.3515567779541,5.294061660766602,10.45297622680664,1.0568076372146606,0.020318154245615,16.33285903930664
test_minutes,20260917_0026,pi,1,present,ok,37,39,4537,124.0,5973,2591,0.43378536748702495,3700,617,75.95975173125103,7.091000080108643,100,21.859705098124913,26,300.0,5.068288326263428,7.339285850524902,7.6727614402771,0.6860384941101074,0.647778332233429,21.5837459564209,9.40078353881836,11.736586570739746,1.9053590297698972,0.0422286055982112,16.055927276611328,9.422642707824709,11.60234260559082,1.9505497217178345,0.0397019609808921,15.866352081298828,5.10213565826416,10.059455871582031,1.6403155326843262,0.022223288193345,16.075664520263672
test_minutes,20260917_0027,pi,1,present,ok,40,40,5028,126.5,5999,2236,0.37272878813135524,4000,540,83.82654514724364,2.4739999771118164,100,16.94034451483227,22,260.0,5.371598243713379,7.355419158935547,7.685607433319092,0.688967764377594,0.6503300666809082,21.72355461120605,9.622169494628906,11.978057861328123,1.5712541341781616,0.0411495380103588,16.21034812927246,9.635436058044434,11.902226448059082,1.6033177375793457,0.0382708385586738,16.141921997070312,5.21489953994751,10.29112434387207,1.3476409912109375,0.0213905908167362,16.22389030456543
test_minutes,20260917_0028,pi,1,present,ok,44,46,5600,129.0,5877,1637,0.2785434745618513,4400,549,95.29644009625677,5.881999969482422,100,17.944664213436265,30,150.0,4.263987064361572,7.351815223693848,7.67323637008667,0.7008606195449829,0.6503186821937561,21.747753143310547,9.658204078674316,12.01363754272461,1.5042800903320312,0.0502608940005302,16.2380313873291,9.668184280395508,11.924428939819336,1.5265021324157717,0.0478369332849979,16.191980361938477,5.2305006980896,10.31338119506836,1.2907660007476809,0.0261193346232175,16.250112533569336
test_minutes,20260917_0029,pi,1,present,ok,35,36,4235,130.0,5491,2293,0.4175924239664906,3500,479,77.13885023270554,10.865000009536743,100,5.8833527544691755,21,310.0,4.802730083465576,7.364986419677734,7.718623161315918,0.6830997467041016,0.6483853459358215,21.869855880737305,9.856778144836426,12.19366455078125,0.9854646921157836,0.0324154235422611,16.373960494995117,9.860529899597168,12.191831588745115,1.0122045278549194,0.0304108913987875,16.450910568237305,5.333298683166504,10.511215209960938,0.8454871773719788,0.0172893349081277,16.37889862060547
test_minutes,20260917_0030,pi,1,present,ok,38,38,4687,129.0,5812,2289,0.3938403303509979,3800,546,80.65321024157566,5.635999917984009,100,3.2741700690078677,20,160.0,4.455077648162842,7.350074768066406,7.662952423095703,0.6992149353027344,0.6487756967544556,21.64243507385254,9.500027656555176,11.812795639038086,1.765169382095337,0.0538438744843006,16.121646881103516,9.519973754882812,11.755648612976074,1.820422887802124,0.0507737547159194,15.985941886901855,5.151054382324219,10.142236709594728,1.5101953744888306,0.0279899127781391,16.13895034790039
test_minutes,20260917_0031,pi,1,present,ok,31,31,3704,129.0,5306,2503,0.47173011684885036,3100,445,69.81697551249344,11.257999897003174,100,27.52426760725717,24,170.0,5.27296781539917,7.347366809844971,7.6795654296875,0.6931263208389282,0.6476275324821472,21.61693382263184,9.456182479858398,11.755661010742188,1.8334836959838867,0.0541573204100132,16.094518661499023,9.475341796875,11.71962070465088,1.8790167570114136,0.0515954457223415,15.93301486968994,5.127187728881836,10.08961296081543,1.558263063430786,0.0288678500801324,16.113174438476562
test_minutes,20260917_0036,pi,1,present,ok,39,40,5035,127.0,5902,2142,0.3629278210776008,3900,578,85.32307547741704,3.1510000228881836,100,24.31214335346348,24,270.0,5.238407135009766,7.341554641723633,7.657993793487549,0.6830103397369385,0.6467621922492981,21.592559814453125,9.413403511047363,11.706613540649414,1.8356307744979856,0.0452538430690765,16.07651138305664,9.429705619812012,11.683963775634766,1.9525046348571775,0.0432749390602111,15.87701416015625,5.104269027709961,10.081302642822266,1.6145398616790771,0.0240127258002758,16.094587326049805
test_minutes,20260917_0042,pi,1,present,ok,44,45,5524,128.0,5909,1757,0.2973430360467084,4400,644,93.49875580335924,3.7929999828338623,100,7.376745472961358,27,210.0,4.836327075958252,7.359086036682129,7.695016860961914,0.6843856573104858,0.64554762840271,21.83730697631836,9.79471206665039,12.127089500427246,1.143766164779663,0.039883092045784,16.344968795776367,9.797959327697754,12.1598482131958,1.2141839265823364,0.0376754514873027,16.371017456054688,5.296483993530273,10.46242332458496,1.010864496231079,0.0210769772529602,16.35189437866211
test_minutes,20260917_0043,pi,1,present,ok,41,43,5113,113.0,5931,2136,0.3601416287303996,4100,813,86.21678112767236,3.807999849319458,100,5.531569652536982,25,380.0,4.68479061126709,7.352079391479492,7.684416770935059,0.6699342727661133,0.6451284885406494,21.82270812988281,9.771723747253418,12.050943374633787,1.1741788387298584,0.0301379915326833,16.329296112060547,9.77255916595459,12.114585876464844,1.2458794116973877,0.0293567888438701,16.349140167236328,5.281948089599609,10.463294982910156,1.0233465433120728,0.0159666761755943,16.33626365661621
test_minutes,20260917_0044,pi,1,present,ok,40,41,5618,129.0,5998,1766,0.294431477159053,4000,358,93.6754872251602,3.5339999198913574,100,3.479750064020089,17,200.0,4.577276229858398,7.346739292144775,7.674506187438965,0.6864660978317261,0.647075355052948,21.80934333801269,9.744388580322266,12.007100105285645,1.2195695638656616,0.0400293841958045,16.315380096435547,9.744505882263184,12.029162406921388,1.2887119054794312,0.0391864851117134,16.323747634887695,5.268978118896484,10.513360023498535,1.0664231777191162,0.0210987199097871,16.322803497314453
test_minutes,20260917_0045,pi,1,present,ok,39,39,4612,129.0,5852,2340,0.3998632946001367,3900,593,78.8120097026775,9.740000009536743,100,11.12045599273892,27,220.0,4.5205278396606445,7.344605922698975,7.651242256164551,0.6890528798103333,0.6472697257995605,21.783456802368164,9.698063850402832,11.948212623596191,1.33801007270813,0.0394772551953792,16.290014266967773,9.699508666992188,11.983240127563477,1.404860258102417,0.0382976941764354,16.264942169189453,5.24828577041626,10.476129531860352,1.1719341278076172,0.0206525586545467,16.29899787902832
test_minutes,20260917_0046,pi,1,present,ok,17,18,2067,128.0,5098,3525,0.691447626520204,1700,281,40.546902454961185,12.105999946594238,100,7.758777027882788,9,80.0,4.274628639221191,7.325561046600342,7.651336669921875,0.7220654487609863,0.6481350064277649,21.491329193115234,9.257972717285156,11.515213012695312,2.0141642093658447,0.0840652212500572,15.98362922668457,9.266380310058594,11.477486610412598,2.110026597976685,0.0826836302876472,15.6832275390625,5.026504993438721,9.981051445007324,1.7517956495285034,0.0433725453913211,16.002084732055664
test_minutes,20260917_0047,pi,1,present,ok,31,33,3433,104.0,5449,2887,0.5298219856854469,3100,800,63.00238602349242,11.019999980926514,100,20.11443021200482,23,330.0,22.40747261047364,7.465468406677246,7.978689193725586,1.2263243198394775,0.6814248561859131,21.75041007995605,9.65610122680664,11.938031196594238,1.4358901977539062,0.0500730350613594,16.252504348754883,9.654282569885254,11.938350677490234,1.5008480548858645,0.0471062660217285,16.20768165588379,5.220788478851318,10.424062728881836,1.239063382148743,0.0256176572293043,16.262605667114258
test_minutes,20260917_0048,pi,1,present,ok,47,49,5997,129.0,5934,1395,0.23508594539939331,4700,590,101.07189788011591,2.187999963760376,100,13.322172418979592,27,180.0,4.806442737579346,7.322563648223877,7.640883445739746,0.6913625001907349,0.6494441628456116,21.54163932800293,9.31161403656006,11.55246639251709,1.9911044836044312,0.0523666329681873,16.033409118652344,9.31662940979004,11.450254440307615,2.110063314437866,0.0513721667230129,15.781024932861328,5.05185079574585,10.071100234985352,1.6708698272705078,0.0272229574620723,16.052955627441406
test_minutes,20260917_0049,pi,1,present,ok,38,39,4491,123.5,5799,2407,0.41507156406276946,3800,554,77.4550721134784,9.603999614715576,100,24.68198874479824,28,240.0,4.55949068069458,7.34847354888916,7.673673629760742,0.6813921928405762,0.6459386348724365,21.83140182495117,9.749817848205566,12.01918888092041,1.223426342010498,0.0386687852442264,16.341297149658203,9.748405456542969,12.035425186157228,1.2875560522079468,0.0371464155614376,16.361228942871094,5.271932125091553,10.511475563049316,1.0151870250701904,0.0208370685577392,16.348005294799805
test_minutes,20260917_0050,pi,1,present,ok,29,30,3648,125.0,5890,3150,0.534804753820034,2900,518,61.94179367494059,10.544999837875366,100,20.221246541448714,13,100.0,4.082216262817383,7.167000770568848,7.5002121925354,0.6913647651672363,0.6568319797515869,19.43303680419922,6.032060623168945,8.223093032836914,0.1520851105451584,0.1049308776855468,14.10902214050293,6.074443817138672,8.466314315795898,0.1736829429864883,0.1039398163557052,12.162492752075195,3.402963876724243,7.740425109863281,0.1279392540454864,0.0534524321556091,14.10902214050293
test_minutes,20260917_0051,pi,1,present,ok,22,23,2938,128.5,5779,3567,0.617234815712061,2200,240,50.841884905016165,15.379999876022339,100,14.111494085233426,11,120.0,4.708685874938965,7.32980489730835,7.6373772621154785,0.7047039866447449,0.6476280093193054,21.599872589111328,9.399457931518556,11.628787994384766,1.876072883605957,0.0641718953847885,16.092464447021484,9.40532684326172,11.569339752197266,1.972190737724304,0.0615248121321201,15.90212631225586,5.0950446128845215,10.191576957702637,1.5701425075531006,0.033862791955471,16.110036849975586
test_minutes,20260917_0053,pi,1,present,ok,43,45,5762,129.0,5865,1572,0.2680306905370844,4300,575,98.25722185354569,2.11899995803833,100,8.250592468882228,25,260.0,4.975653171539307,7.348484992980957,7.656590461730957,0.6785656809806824,0.6460384726524353,21.860248565673828,9.795358657836914,12.058756828308104,1.0383952856063845,0.0369102545082569,16.36951446533203,9.794452667236328,12.055455207824709,1.0935556888580322,0.0352211035788059,16.433080673217773,5.294129371643066,10.52985954284668,0.8500391244888306,0.0199544187635183,16.374303817749023
test_minutes,20260917_0054,pi,1,present,ok,39,40,4910,127.0,5998,2323,0.387295765255085,3900,565,81.87153988537844,5.72599983215332,100,16.92922469059767,23,220.0,5.12100887298584,7.327511787414551,7.659130573272705,0.6884819269180298,0.6484190821647644,21.517356872558597,9.255141258239746,11.47079372406006,2.0640265941619877,0.0491098575294017,16.008472442626953,9.265809059143066,11.379135131835938,2.1695923805236816,0.0479141175746917,15.733358383178713,5.022104263305664,10.042490005493164,1.7064154148101809,0.02535399235785,16.02876091003418
test_minutes,20260917_0055,pi,1,present,ok,29,31,3864,122.0,5549,2632,0.4743196972427464,2900,385,69.63667830601469,8.65999984741211,100,16.950141234346464,14,140.0,4.064180850982666,7.330012798309326,7.686853408813477,0.6971676349639893,0.6484596133232117,21.550142288208008,9.308696746826172,11.512067794799805,2.007761716842652,0.0589512474834919,16.041786193847656,9.319653511047363,11.44184112548828,2.0897040367126465,0.0563256554305553,15.797419548034668,5.048802375793457,10.08729076385498,1.6495407819747925,0.03071154281497,16.06207847595215
test_minutes,20260917_0056,pi,1,present,ok,33,34,3888,128.0,5254,2345,0.4463266082984393,3300,564,74.01062190555757,9.394999980926514,100,3.7954992899834616,21,310.0,5.043458461761475,7.356856346130371,7.681778430938721,0.6840879917144775,0.6475535035133362,21.84404754638672,9.770462989807127,12.00833225250244,1.1243643760681152,0.0330334305763244,16.35190200805664,9.772296905517578,12.012462615966797,1.17398202419281,0.0321026742458343,16.399961471557617,5.279771327972412,10.49073600769043,0.9295133352279664,0.0176305770874023,16.357494354248047
test_minutes,20260917_0057,pi,1,present,ok,49,50,6460,128.0,5997,1153,0.19226279806569951,4900,533,107.7241192186243,0.8980000019073486,100,8.458883799687312,30,180.0,4.586664199829102,7.342889308929443,7.68210506439209,0.7030869126319885,0.650341808795929,21.6742000579834,9.506280899047852,11.699318885803224,1.6951899528503418,0.0492404960095882,16.169809341430664,9.514396667480469,11.700103759765623,1.7723089456558228,0.0473341532051563,16.05743980407715,5.146363258361816,10.274248123168944,1.4082424640655518,0.0257871728390455,16.18355941772461
test_minutes,20260917_0058,pi,1,present,ok,27,28,3227,128.0,5626,3192,0.5673658016352648,2700,462,57.35869179784954,16.05299997329712,100,23.725490931479975,17,140.0,4.980708122253418,7.329283714294434,7.656431198120117,0.7025222778320312,0.6488540172576904,21.454465866088867,9.158366203308104,11.326375961303713,2.173298120498657,0.0623591989278793,15.942487716674805,9.171029090881348,11.250624656677246,2.2613942623138428,0.0612198486924171,15.615604400634766,4.975309371948242,9.929292678833008,1.7943484783172607,0.0318895876407623,15.962977409362791
test_minutes,20260917_0059,pi,1,present,ok,9,11,1299,116.0,4274,3303,0.772812353766963,900,200,30.393074566130622,16.45299983024597,100,725.5932751110639,4,60.0,22.754249572753903,7.480408668518066,8.710135459899902,1.4944963455200195,0.6955439448356628,20.654878616333008,8.028368949890137,9.940755844116213,2.55761194229126,0.1779790669679641,15.160111427307127,8.077317237854004,9.911084175109863,2.7217297554016118,0.1706477403640747,14.132636070251465,4.372521877288818,9.119256973266602,2.240614891052246,0.0859402194619178,15.210765838623049
test_minutes,20260917_0100,pi,1,present,ok,48,49,5728,118.0,5878,1706,0.2902347737325621,4800,984,97.44976940276246,1.6400001049041748,100,7.779762645231514,34,440.0,19.280521392822266,7.384361743927002,7.722001075744629,0.7879945039749146,0.6543539762496948,21.896900177001957,9.858550071716309,12.0919828414917,0.8054286241531372,0.032358843833208,16.406848907470703,9.856851577758787,12.141509056091309,0.8380021452903748,0.0306377653032541,16.50949478149414,5.321161270141602,10.598834991455078,0.665284276008606,0.0172671750187873,16.409650802612305
test_minutes,20260917_0101,pi,1,present,ok,45,47,5493,120.0,5974,1873,0.31352527619685305,4500,836,91.95767909367731,4.684999942779541,100,31.569732435677523,34,290.0,4.769460678100586,7.356616020202637,7.672194957733154,0.67881178855896,0.6458611488342285,21.83230781555176,9.746637344360352,11.954259872436523,1.21804940700531,0.0363526903092861,16.340763092041016,9.748534202575684,11.967519760131836,1.2499573230743408,0.0340224765241146,16.369407653808594,5.266323566436768,10.484764099121094,0.99863600730896,0.0195316709578037,16.347137451171875
test_minutes,20260917_0102,pi,1,present,ok,39,40,5131,131.0,5920,2092,0.3533783783783784,3900,360,86.68547585482109,8.50600004196167,100,22.47111637225245,23,200.0,5.227377891540527,7.339241981506348,7.670609474182129,0.6931165456771851,0.6494226455688477,21.58834648132324,9.36318302154541,11.514134407043455,1.9711984395980835,0.053535658866167,16.08363151550293,9.37704372406006,11.48375129699707,2.010931968688965,0.0508381947875022,15.873923301696776,5.076792240142822,10.170578002929688,1.6110522747039795,0.0283920243382453,16.102087020874023
test_minutes,20260917_0103,pi,1,present,ok,32,33,3813,128.0,5072,2190,0.431782334384858,3200,544,75.18337396437342,7.81499981880188,100,22.386218028093992,19,110.0,4.646815776824951,7.216244697570801,7.542954444885254,0.7078914046287537,0.654807984828949,20.052963256835938,6.96922492980957,8.906362533569336,2.3736472129821777,0.117603413760662,14.619544982910156,7.049808502197266,9.023334503173828,2.417521715164185,0.1146041750907898,13.098958015441896,3.8881192207336426,8.370959281921387,1.9565813541412356,0.0581600181758403,14.668816566467283
test_minutes,20260917_0104,pi,1,present,ok,41,42,4440,114.0,5812,2571,0.44236063317274604,4100,1022,76.40550005253857,11.8989999294281,100,27.89517431594321,30,510.0,6.398944854736328,7.361162662506103,7.693401336669922,0.6773754358291626,0.648186981678009,21.84238815307617,9.764175415039062,11.981157302856444,1.167752742767334,0.0303169507533311,16.350494384765625,9.767127990722656,11.989466667175291,1.1805695295333862,0.0289882197976112,16.392553329467773,5.275979042053223,10.52176284790039,0.9600630402565002,0.0164816845208406,16.356298446655273
test_minutes,20260917_0105,pi,1,present,ok,44,45,5908,129.0,5991,1601,0.2672341846102487,4400,493,98.6195272191441,2.2139999866485596,100,21.108178648067994,19,300.0,4.638081073760986,7.363023281097412,7.674910068511963,0.6770378351211548,0.6476076245307922,21.847339630126957,9.765568733215332,11.98342227935791,1.1624914407730105,0.0355598740279674,16.356958389282227,9.76905918121338,11.996537208557127,1.1726759672164917,0.0335181839764118,16.39830780029297,5.277339458465576,10.523859024047852,0.9533796310424804,0.0191208459436893,16.362722396850586
test_minutes,20260917_0106,pi,1,present,ok,42,42,5265,128.0,5785,1847,0.31927398444252375,4200,510,91.02382350723597,8.80299973487854,100,28.22512679212987,26,200.0,4.643561840057373,7.3517866134643555,7.652082920074463,0.6908344626426697,0.6495804786682129,21.70404815673828,9.539073944091797,11.706074714660645,1.6892192363739014,0.0478508323431015,16.205867767333984,9.550384521484377,11.671321868896484,1.6985241174697876,0.0447845831513404,16.1054744720459,5.165566444396973,10.328285217285156,1.399772882461548,0.0251837112009525,16.21881675720215
test_minutes,20260917_0107,pi,1,present,ok,30,32,3928,128.5,4741,1808,0.381354144695212,3000,459,82.86570195581196,9.065000057220459,100,37.01764047010143,18,100.0,8.96457290649414,7.317160129547119,7.662337303161621,0.7255065441131592,0.6541473865509033,21.081832885742188,8.56821060180664,10.564680099487305,2.613244771957397,0.0883027762174606,15.572425842285156,8.60995101928711,10.431031227111816,2.646367311477661,0.0853976085782051,14.90349578857422,4.681992530822754,9.538522720336914,2.161406278610229,0.045000072568655,15.60049819946289
test_minutes,20260917_0108,pi,1,present,ok,14,16,1784,114.5,5577,4223,0.7572171418325264,1400,274,31.988524443908755,15.110000133514404,100,28.25463255517264,6,90.0,3.816944360733032,7.307374477386475,7.633882522583008,0.7173488140106201,0.6510211229324341,21.14688491821289,8.671219825744629,10.692120552062988,2.548999547958374,0.0906217619776725,15.634652137756348,8.707589149475098,10.60023307800293,2.5800905227661133,0.0876480340957641,15.024344444274902,4.734262943267822,9.545233726501465,2.122076749801636,0.0458201356232166,15.656597137451172
test_minutes,20260917_0109,pi,1,present,ok,29,31,3671,119.0,5327,2612,0.4903322695701145,2900,596,68.91567122651072,7.865000009536743,100,341.4308874486351,15,130.0,4.947126865386963,7.356895446777344,7.6638689041137695,0.6984983682632446,0.6483151316642761,21.72562026977539,9.579569816589355,11.748802185058594,1.5700348615646362,0.0535857491195201,16.225875854492188,9.58926486968994,11.718586921691896,1.594244360923767,0.0513147935271263,16.159616470336914,5.186171054840088,10.368941307067873,1.311092495918274,0.0271879248321056,16.237306594848633
test_minutes,20260917_0110,pi,0,empty,ok,40,42,5183,130.0,5892,1993,0.338255261371351,4000,485,87.98166682139659,9.483000040054321,100,15.681889193213502,28,190.0,11.891165733337402,7.354889869689941,7.7125654220581055,0.7053698301315308,0.6510661840438843,21.768762588500977,9.667928695678713,11.790936470031738,1.3746180534362793,0.0458188019692897,16.27129554748535,9.675932884216309,11.835250854492188,1.3514574766159058,0.0441209450364112,16.249923706054688,5.227263450622559,10.40995979309082,1.1851887702941897,0.0233048964291811,16.280447006225586
test_minutes,20260917_0111,pi,0,empty,ok,50,52,6137,125.5,5994,1447,0.24140807474140807,5000,884,102.39596887305305,1.0290000438690186,100,2.2464912371176613,33,360.0,4.785913944244385,7.350883483886719,7.666272163391113,0.6784171462059021,0.6473020911216736,21.853269577026367,9.787684440612791,11.969051361083984,1.0744414329528809,0.0294773392379283,16.361270904541016,9.791910171508787,11.95748805999756,1.090137243270874,0.0283675193786621,16.417890548706055,5.288997650146484,10.5162353515625,0.9056097269058228,0.0155183561146259,16.366445541381836
test_minutes,20260917_0112,pi,0,empty,ok,46,48,5887,130.5,5883,1508,0.25633180350161483,4600,648,100.08330381896336,2.491000175476074,100,5.79076256307815,31,350.0,5.22398042678833,7.344511985778809,7.666251182556152,0.6860330104827881,0.6476637721061707,21.719593048095703,9.569937705993652,11.664112091064451,1.5966136455535889,0.0347861722111702,16.22066307067871,9.584114074707031,11.690303802490234,1.6180137395858765,0.032795563340187,16.141952514648438,5.180471897125244,10.313737869262695,1.3443235158920288,0.0182432606816291,16.232725143432617
test_minutes,20260917_0113,pi,0,empty,ok,35,35,4683,131.0,5635,2145,0.38065661047027505,3500,390,83.10559020276072,6.557000160217285,100,10.421856133664525,19,150.0,4.878972053527832,7.343247413635254,7.658190727233887,0.6983500719070435,0.6482105255126953,21.727813720703125,9.58419418334961,11.682433128356934,1.562363862991333,0.0493325404822826,16.228740692138672,9.597665786743164,11.696494102478027,1.5773574113845823,0.0470126643776893,16.159238815307617,5.1873779296875,10.3274507522583,1.3243181705474854,0.0253891237080097,16.24032974243164
test_minutes,20260917_0114,pi,0,empty,ok,35,36,4400,128.0,5393,2110,0.39124791396254405,3500,561,81.59783416199078,4.73199987411499,100,22.704866648973585,17,310.0,4.548545837402344,7.351417541503906,7.670800685882568,0.6841312646865845,0.647584080696106,21.77494430541992,9.66011905670166,11.783167839050291,1.4103556871414185,0.0352137982845306,16.27784538269043,9.670269012451172,11.776641845703123,1.4246424436569214,0.034208208322525,16.254898071289062,5.225060939788818,10.389406204223633,1.194643497467041,0.0184918846935033,16.287067413330078
test_minutes,20260917_0115,pi,0,empty,ok,36,37,4603,130.0,5977,2536,0.4242931236406224,3600,585,77.01961054649796,5.658999919891357,100,19.950353043459764,22,150.0,4.573888778686523,7.2359619140625,7.55174446105957,0.6992398500442505,0.6520886421203613,20.348676681518555,7.391897678375244,9.168852806091309,2.572955369949341,0.0980299636721611,14.882099151611328,7.503878116607666,9.265134811401367,2.6100518703460693,0.0910175889730453,13.586878776550291,4.09374475479126,8.631702423095703,2.189846992492676,0.0484998449683189,14.938575744628906
test_minutes,20260917_0116,pi,0,empty,ok,30,32,3860,129.0,5639,2750,0.48767511970207483,3000,436,68.46156549549097,11.110000133514404,100,10.01293524598909,16,200.0,4.175409317016602,7.327310085296631,7.63124418258667,0.6920497417449951,0.6499135494232178,21.485610961914062,9.19900894165039,11.19208812713623,2.1021623611450195,0.051456157118082,15.974328994750977,9.230057716369627,11.204856872558594,2.119434356689453,0.0483837574720382,15.673824310302734,4.995419979095459,9.99435043334961,1.7936768531799316,0.026259085163474,15.996129989624023
test_minutes,20260917_0117,pi,0,empty,ok,20,20,2544,130.0,5022,3127,0.6226602947033054,2000,212,50.665179746109,11.10099983215332,100,1.0094025036454557,10,132.0,4.774827480316162,7.303855419158935,7.618556976318359,0.7026162147521973,0.6505501866340637,21.23321914672852,8.802404403686523,10.713043212890623,2.4365909099578857,0.0698123127222061,15.719066619873049,8.852879524230957,10.775819778442385,2.457603693008423,0.0666517540812492,15.19027328491211,4.797082901000977,9.60869026184082,2.070516586303711,0.0352463386952877,15.738566398620604
test_minutes,20260917_0118,pi,0,empty,ok,44,45,5626,130.0,5972,1766,0.2957133288680509,4400,537,94.21576181896903,4.452999830245972,100,2.376094793147129,29,230.0,4.607839584350586,7.340542316436768,7.672569751739502,0.6883400678634644,0.6481256484985352,21.69524383544922,9.53947639465332,11.593276023864746,1.6422494649887085,0.0411687716841697,16.19333839416504,9.556081771850586,11.571908950805664,1.6659069061279297,0.0392480082809925,16.097633361816406,5.164928913116455,10.269683837890623,1.3993794918060305,0.0211888812482357,16.206371307373047
test_minutes,20260917_0119,pi,0,empty,ok,39,41,4920,129.0,5673,1987,0.35025559668605677,3900,545,86.74036078004997,8.032999992370605,100,4.395165510987991,23,170.0,4.534581184387207,7.346973896026611,7.673924446105957,0.6910235285758972,0.647752046585083,21.7562255859375,9.629668235778809,11.69044303894043,1.482506513595581,0.045178435742855,16.259111404418945,9.643402099609377,11.715250015258787,1.5019549131393433,0.043536651879549,16.216880798339844,5.210263729095459,10.34164810180664,1.254751443862915,0.0231741871684789,16.2694034576416
test_minutes,20260917_0120,pi,0,empty,ok,28,30,3792,131.0,4759,1928,0.40512712754780417,2800,378,79.69567669564847,11.353000164031982,100,9.918667316142614,14,340.0,4.583619117736816,7.279521942138672,7.597267150878906,0.6871976852416992,0.6506572961807251,20.932092666625977,8.318692207336426,10.103745460510254,2.6482532024383545,0.0620980896055698,15.421392440795898,8.391810417175293,10.223743438720703,2.690624237060547,0.0579462870955467,14.628304481506348,4.556363582611084,9.26780891418457,2.2458934783935547,0.0312148313969373,15.462985038757324
test_minutes,20260917_0121,pi,0,empty,ok,45,45,5363,128.0,5997,2026,0.3378355844588961,4500,798,89.43699555056556,3.677000045776367,100,9.07644769272204,26,210.0,5.449800968170166,7.344001770019531,7.649693012237549,0.6874531507492065,0.6468992233276367,21.796772003173828,9.693138122558594,11.767034530639648,1.3467192649841309,0.0390788502991199,16.302417755126953,9.704076766967772,11.798486709594728,1.365608811378479,0.0378387346863746,16.297258377075195,5.241734027862549,10.39206600189209,1.135521411895752,0.020391546189785,16.31078338623047
test_minutes,20260917_0122,pi,0,empty,ok,33,35,3922,126.0,5843,2938,0.5028238918363854,3300,645,67.13339380948472,12.410000085830688,100,11.788484690052577,20,250.0,4.735198974609375,7.329036712646484,7.658322334289551,0.6879055500030518,0.648777425289154,21.51697540283203,9.239933013916016,11.174013137817385,2.0780935287475586,0.0477375909686088,16.006086349487305,9.27139377593994,11.255610466003418,2.1050918102264404,0.0452595055103302,15.728788375854492,5.015634536743164,10.028541564941406,1.750322341918945,0.0247389916330575,16.028459548950195
test_minutes,20260917_0123,pi,0,empty,ok,15,17,1852,114.0,4749,3351,0.7056222362602653,1500,305,39.003432970471266,12.460000038146973,100,15.083800003413103,8,80.0,3.917050361633301,7.314085960388184,7.653749465942383,0.722191333770752,0.6529913544654846,21.27755546569824,8.860185623168945,10.692094802856444,2.409617185592652,0.0882221087813377,15.766888618469238,8.910884857177734,10.817928314208984,2.4423635005950928,0.084111250936985,15.271458625793455,4.8264899253845215,9.663997650146484,2.0412306785583496,0.0444577001035213,15.786714553833008
test_minutes,20260917_0124,pi,0,empty,ok,21,22,2740,131.0,4585,2575,0.5616139585605234,2100,306,59.770516110640614,10.034000158309937,100,0.6530869116104129,9,170.0,5.003238677978516,7.334064960479736,7.647626876831055,0.6934710741043091,0.6494619846343994,21.62388038635254,9.417272567749023,11.375073432922363,1.8513716459274288,0.0503088645637035,16.118623733520508,9.441039085388184,11.419954299926758,1.8714184761047363,0.0474585816264152,15.949877738952637,5.104400157928467,10.164558410644531,1.5616331100463867,0.0257299523800611,16.135547637939453
test_minutes,20260917_0125,pi,0,empty,ok,44,45,5572,128.5,5930,1794,0.30252951096121417,4400,639,93.96923906573016,2.9769999980926514,100,7.250914856731249,23,350.0,4.571284294128418,7.353925704956055,7.676446914672852,0.6743720769882202,0.6464839577674866,21.88570213317871,9.839485168457031,11.976592063903809,0.8976788520812988,0.029789499938488,16.39490509033203,9.843669891357422,11.987732887268066,0.9074649214744568,0.0284825284034013,16.482995986938477,5.314043045043945,10.509475708007812,0.7627089023590088,0.0157682970166206,16.39848518371582
test_minutes,20260917_0126,pi,0,empty,ok,51,52,6421,128.0,5992,1232,0.205607476635514,5100,635,107.17564384785851,2.368000030517578,100,8.264998064798652,37,350.0,5.003510475158691,7.347935676574707,7.651852130889893,0.6760869026184082,0.6478320360183716,21.829326629638672,9.749977111816406,11.84428882598877,1.1883575916290283,0.0306528620421886,16.3358097076416,9.757678985595703,11.840237617492676,1.204615354537964,0.0295979101210832,16.368453979492188,5.269635677337647,10.43636703491211,1.0032260417938232,0.0160767342895269,16.34225845336914
test_minutes,20260917_0127,pi,0,empty,ok,40,40,4847,123.0,5957,2353,0.3949974819540037,4000,638,81.37738821817457,9.759999990463257,100,14.810867577308457,28,170.0,4.756031513214111,7.321981430053711,7.655097007751465,0.6967438459396362,0.6494467258453369,21.49161529541016,9.207024574279783,11.163982391357422,2.0922951698303223,0.0541881099343299,15.97931957244873,9.24068832397461,11.207728385925291,2.1112451553344727,0.0514207668602466,15.685770988464355,4.99863338470459,10.001058578491213,1.7735700607299805,0.0274630766361951,16.001869201660156
test_minutes,20260917_0128,pi,0,empty,ok,31,32,3744,120.0,5509,2718,0.49337447812670177,3100,492,67.96892035229665,10.259000062942505,100,2.0563379379165374,18,160.0,4.945773124694824,7.334089279174805,7.666750431060791,0.6973166465759277,0.6511455774307251,21.58921241760254,9.361425399780272,11.355083465576172,1.9042942523956297,0.0523090474307537,16.082233428955078,9.388894081115724,11.398099899291992,1.9323426485061648,0.0502173826098442,15.878689765930176,5.075674057006836,10.12876796722412,1.619887113571167,0.027156013995409,16.100976943969727
test_minutes,20260917_0129,pi,0,empty,ok,29,31,3207,100.0,4661,2291,0.4915254237288136,2900,768,68.80940614621477,11.830000400543213,100,1.2020942051985388,19,357.0,4.759748935699463,7.350717544555664,7.677006721496582,0.6822836399078369,0.6488971710205078,21.84811782836914,9.775763511657717,11.91671371459961,1.1103461980819702,0.0316507518291473,16.353511810302734,9.782939910888672,11.84634017944336,1.1148909330368042,0.0303867328912019,16.40496253967285,5.282868385314941,10.492637634277344,0.936159610748291,0.0168554037809371,16.35917854309082
test_minutes,20260917_0130,pi,0,empty,ok,46,47,5952,130.0,5967,1488,0.24937154348919055,4600,467,99.75864837381098,2.865999937057495,100,8.776627164576059,26,230.0,5.657222747802734,7.343190193176269,7.656981945037842,0.6836071014404297,0.6475955843925476,21.811279296875,9.714472770690918,11.850557327270508,1.2800999879837036,0.0373266860842704,16.314250946044922,9.724231719970703,11.766546249389648,1.300538420677185,0.0360236540436744,16.328020095825195,5.25260591506958,10.44894027709961,1.0786538124084473,0.0193924512714147,16.322052001953125
test_minutes,20260917_0131,pi,0,empty,ok,45,46,5780,130.0,5907,1583,0.2679871339089216,4500,508,97.85332186086872,2.928999662399292,100,19.909080684137518,27,140.0,5.020620822906494,7.334576606750488,7.664656639099121,0.6985591650009155,0.6492199897766113,21.642168045043945,9.447096824645996,11.525370597839355,1.790522217750549,0.0537272617220878,16.134469985961914,9.469810485839844,11.492020606994627,1.808038592338562,0.051567830145359,15.988553047180176,5.118910789489746,10.203332901000977,1.5101089477539062,0.0273294541984796,16.15097999572754
test_minutes,20260917_0132,pi,0,empty,ok,17,19,2009,127.0,5063,3550,0.7011653170057278,1700,395,39.685518326595556,13.504999876022339,100,1.4888101290361955,8,90.0,4.164826393127441,7.312009811401367,7.636131286621094,0.7188218832015991,0.6514433026313782,21.34795188903809,8.987918853759766,10.92778491973877,2.2931203842163086,0.0795015171170234,15.830187797546388,9.028375625610352,10.963509559631348,2.326924085617065,0.075126439332962,15.41292953491211,4.888028621673584,9.79875659942627,1.931978702545166,0.0404174402356147,15.851672172546388
test_minutes,20260917_0133,pi,0,empty,ok,20,21,2507,122.5,5760,3874,0.6725694444444444,2000,298,43.52883973330021,11.759000062942505,100,24.462450954411736,9,100.0,4.714687347412109,7.161771774291992,7.485698699951172,0.6894883513450623,0.6543784737586975,19.448999404907227,6.003237247467041,8.160590171813965,0.1238074004650116,0.0991835594177246,14.134002685546877,6.17524528503418,8.595690727233887,0.1241183057427406,0.091142788529396,12.167224884033203,3.3909249305725098,7.575936317443848,0.1052307039499282,0.0482772849500179,14.134002685546877
test_minutes,20260917_0134,pi,0,empty,ok,53,55,6028,115.0,5939,1536,0.2586293988887018,5300,1045,101.51053349368107,2.25600004196167,100,17.18815631625973,43,350.0,4.881295680999756,7.349308967590332,7.686738967895508,0.6863656640052795,0.6487735509872437,21.83112525939941,9.75008773803711,11.907343864440918,1.1754794120788574,0.0309364404529333,16.334156036376953,9.757637977600098,11.806960105895996,1.2025638818740845,0.0294612254947423,16.37257194519043,5.270391464233398,10.494436264038086,0.9965801239013672,0.0163942333310842,16.340797424316406
test_minutes,20260917_0135,pi,0,empty,ok,38,39,4773,130.0,5984,2395,0.4002339572192513,3800,568,79.7733654002975,5.690000057220459,100,28.77549283941064,19,160.0,4.239351272583008,7.343950271606445,7.65993595123291,0.6917678713798523,0.6490017771720886,21.75718307495117,9.63321590423584,11.76413345336914,1.4481624364852903,0.0461371690034866,16.255496978759766,9.645766258239746,11.693310737609863,1.4938315153121948,0.0436769723892211,16.22333526611328,5.211846351623535,10.387344360351562,1.2304528951644895,0.0239384230226278,16.265979766845703
test_minutes,20260917_0136,pi,0,empty,ok,39,40,4548,122.0,5955,2520,0.42317380352644834,3900,690,76.3727960309276,6.379999876022339,100,13.67057904538147,25,230.0,4.901782989501953,7.34673261642456,7.65605354309082,0.6839525699615479,0.6480329036712646,21.83655548095703,9.76231575012207,11.929471015930176,1.132028102874756,0.0356272533535957,16.339256286621094,9.769179344177246,11.821433067321776,1.1612329483032229,0.0342245139181613,16.387880325317383,5.276401996612549,10.507838249206545,0.9639461040496826,0.0187678188085556,16.345460891723633
test_minutes,20260917_0137,pi,0,empty,ok,43,44,5481,131.0,5915,1830,0.30938292476754015,4300,551,92.6736893703211,3.434000015258789,100,3.5692217952904484,23,270.0,4.449845314025879,7.345019817352295,7.656391620635986,0.6790172457695007,0.648867666721344,21.7790641784668,9.672828674316406,11.805529594421388,1.3627880811691284,0.035311721265316,16.27763557434082,9.683646202087402,11.741691589355469,1.3925750255584717,0.033129509538412,16.273094177246094,5.231564998626709,10.422731399536133,1.149933099746704,0.0185908004641532,16.286771774291992
test_minutes,20260917_0138,pi,0,empty,ok,46,48,6020,129.5,5745,1243,0.2163620539599652,4600,556,104.79041924517693,1.5130000114440918,100,6.899688374332641,28,240.0,4.906816005706787,7.347898006439209,7.672399520874023,0.6825743913650513,0.6478928923606873,21.80804252624512,9.72005844116211,11.86917781829834,1.2451481819152832,0.0359289720654487,16.30817413330078,9.728796005249023,11.791190147399902,1.2769951820373535,0.0342680998146534,16.332582473754883,5.255283355712891,10.470331192016602,1.0525076389312744,0.0188248325139284,16.315753936767578
test_minutes,20260917_0139,pi,0,empty,ok,37,37,4486,127.0,5372,2054,0.38235294117647056,3700,574,83.52106650160057,4.620999813079834,100,2.751026506011653,22,240.0,4.623330116271973,7.339773178100586,7.668364524841309,0.686428427696228,0.6481755971908569,21.6771240234375,9.510066986083984,11.617300987243652,1.6774183511734009,0.0410279743373394,16.16746711730957,9.52744483947754,11.612669944763184,1.717186450958252,0.0390794873237609,16.063745498657227,5.150124549865723,10.272039413452148,1.4189364910125732,0.0212335214018821,16.182191848754883
test_minutes,20260917_0140,pi,0,empty,ok,42,44,5601,129.0,5968,1776,0.2975871313672922,4200,374,93.86311811345954,7.743000030517578,100,1.2183451030737362,24,200.0,5.502913475036621,7.347265720367432,7.663761615753174,0.6871492266654968,0.646686315536499,21.82207489013672,9.737080574035645,11.928720474243164,1.2017756700515747,0.0388421714305877,16.32198715209961,9.74514389038086,11.8594970703125,1.240204095840454,0.0369798131287097,16.355016708374023,5.264699459075928,10.471474647521973,1.022592306137085,0.0202077999711036,16.32925796508789
test_minutes,20260917_0141,pi,0,empty,ok,33,35,4265,131.0,5997,2858,0.4765716191429048,3300,518,71.12007858744532,8.58400011062622,100,5.053250728055921,22,250.0,4.611845970153809,7.329709529876709,7.660744667053223,0.6873835325241089,0.6486994624137878,21.498519897460938,9.232004165649414,11.329672813415527,2.0449953079223637,0.0457261204719543,15.976117134094238,9.260318756103516,11.306631088256836,2.09584379196167,0.0433387644588947,15.702508926391602,5.010409832000732,10.030990600585938,1.7323338985443115,0.0235295034945011,15.999329566955566
test_minutes,20260917_0142,pi,0,empty,ok,46,46,5234,128.5,5865,1955,0.3333333333333333,4600,835,89.24582661280725,2.757999897003174,100,1.692068347110456,32,210.0,5.253220081329346,7.352437973022461,7.702454566955566,0.6866064071655273,0.6468117237091064,21.776657104492188,9.670607566833496,11.850807189941406,1.354252576828003,0.0392061993479728,16.271730422973633,9.681211471557615,11.81496810913086,1.3881243467330933,0.0371633619070053,16.267404556274414,5.231926918029785,10.396282196044922,1.1566996574401855,0.0204398203641176,16.281312942504883
test_minutes,20260917_0143,pi,0,empty,ok,22,23,2600,115.0,4931,2988,0.6059622794564997,2200,503,52.731919042342405,13.045000314712524,100,43.67098685142398,15,180.0,5.928554534912109,7.3556928634643555,7.677063941955566,0.6975208520889282,0.6493245363235474,21.80983543395996,9.717695236206056,11.926732063293455,1.2632167339324951,0.0420755892992019,16.308149337768555,9.72600269317627,11.87112808227539,1.2974767684936523,0.0402755998075008,16.326662063598633,5.256438732147217,10.43008518218994,1.065259575843811,0.0220563597977161,16.316373825073242
test_minutes,20260917_0144,pi,0,empty,ok,42,43,5199,119.5,5833,1957,0.3355048859934853,4200,684,89.13386356260567,4.190999984741211,100,2.6729224744279154,26,240.0,5.426106929779053,7.353432655334473,7.70977783203125,0.6933024525642395,0.6488773226737976,21.789045333862305,9.682406425476074,11.882820129394531,1.356683373451233,0.0368942655622959,16.28626823425293,9.692266464233398,11.851910591125488,1.3862528800964355,0.0347897224128246,16.28046417236328,5.238987445831299,10.374088287353516,1.1516169309616089,0.0192068200558424,16.29579734802246
test_minutes,20260917_0145,pi,0,empty,ok,35,36,4540,130.0,5911,2574,0.43545931314498393,3500,563,76.81505147623429,4.213000059127808,100,36.09471729084014,16,310.0,4.856788635253906,7.336879730224609,7.696402549743652,0.6923012733459473,0.6491783857345581,21.568687438964844,9.340093612670898,11.5188570022583,1.9307390451431277,0.0404641665518283,16.048913955688477,9.363080978393556,11.450325965881348,1.9730892181396484,0.0383438766002655,15.83633804321289,5.066395282745361,10.076944351196287,1.6335909366607666,0.0210185684263706,16.070249557495117
test_minutes,20260917_0146,pi,0,empty,ok,48,50,5835,130.0,5998,1629,0.2715905301767256,4800,783,97.28729346558782,2.4819998741149902,100,2.3432077914410394,35,180.0,5.039778709411621,7.360919952392578,7.701709747314453,0.6911889314651489,0.6485292315483093,21.810630798339844,9.719544410705566,11.954879760742188,1.2770521640777588,0.0417002700269222,16.30821418762207,9.727867126464844,11.901467323303224,1.2895407676696775,0.0392901040613651,16.3273868560791,5.2584004402160645,10.41262149810791,1.0711190700531006,0.0215957853943109,16.31649398803711
test_minutes,20260917_0147,pi,0,empty,ok,45,47,5455,124.0,5953,1915,0.3216865445993617,4500,835,91.6390882212186,3.8450002670288086,100,2.7856548002153403,31,310.0,4.795654296875,7.351849555969238,7.6942267417907715,0.6870370507240295,0.6487627029418945,21.74632453918457,9.625303268432615,11.8714599609375,1.476194143295288,0.034926738590002,16.237241744995117,9.637131690979004,11.794085502624512,1.4919633865356443,0.0328016020357608,16.205137252807617,5.210331916809082,10.322624206542969,1.2440664768218994,0.0181689895689487,16.248672485351562
test_minutes,20260917_0148,pi,0,empty,ok,33,34,4393,131.0,5903,2614,0.44282568185668303,3300,380,74.42230791050169,6.871999979019165,100,8.736535126068057,13,150.0,4.746986389160156,7.353667259216309,7.701513290405273,0.6968549489974976,0.6494481563568115,21.72793197631836,9.592535018920898,11.839038848876951,1.5420799255371094,0.0483878850936889,16.217866897583008,9.606061935424805,11.73678970336914,1.5678526163101196,0.0465477257966995,16.161184310913086,5.194086074829102,10.286003112792969,1.3037941455841064,0.0249880477786064,16.23061752319336
test_minutes,20260917_0149,pi,0,empty,ok,41,42,5105,128.0,5680,1852,0.326056338028169,4100,574,89.88625535492015,3.501000165939331,100,8.42467799069601,23,260.0,5.212573528289795,7.3628082275390625,7.7498369216918945,0.6891043186187744,0.6484476923942566,21.85527610778809,9.793453216552734,12.057514190673828,1.0686973333358765,0.0341060832142829,16.35480499267578,9.798835754394531,11.997257232666016,1.085429310798645,0.0328707844018936,16.42087745666504,5.295446395874023,10.485397338867188,0.9042515754699708,0.0178954936563968,16.360610961914062
test_minutes,20260917_0150,pi,0,empty,ok,37,39,4560,126.0,5473,2032,0.371277178878129,3700,549,83.31962967050025,8.254999876022339,100,4.580664469123815,21,160.0,5.521872520446777,7.365797996520996,7.725345611572266,0.7001370191574097,0.6499421000480652,21.79769515991211,9.696308135986328,11.956894874572754,1.3463913202285769,0.0454402044415473,16.293176651000977,9.706360816955566,11.878591537475586,1.3679540157318115,0.0439125299453735,16.293920516967773,5.246486186981201,10.409123420715332,1.1316615343093872,0.0236459299921989,16.302614212036133
test_minutes,20260917_0151,pi,0,empty,ok,39,39,4704,129.0,5976,2480,0.4149933065595716,3900,670,78.71485945031264,4.952000141143799,100,3.5570740041161715,21,250.0,5.20050573348999,7.3621721267700195,7.712337017059326,0.6908055543899536,0.6486430168151855,21.822397232055664,9.74250602722168,12.017892837524414,1.2236841917037964,0.0351231098175048,16.319257736206055,9.74932098388672,11.937368392944336,1.240971326828003,0.0332673266530036,16.35320281982422,5.2696614265441895,10.47418975830078,1.037808895111084,0.0185004509985446,16.32699966430664
test_minutes,20260917_0152,pi,0,empty,ok,36,38,4518,127.5,5970,2574,0.4311557788944724,3600,514,75.68092739228112,9.758000135421753,100,10.862697228887908,20,160.0,5.132391452789307,7.361597061157227,7.733702659606934,0.7079651355743408,0.6512055397033691,21.79625129699707,9.696558952331545,11.978364944458008,1.348020076751709,0.0451247803866863,16.290937423706055,9.704578399658203,11.8623685836792,1.358365535736084,0.0428206473588943,16.29336166381836,5.246402263641357,10.43517017364502,1.1406114101409912,0.0232853759080171,16.300479888916016
test_minutes,20260917_0153,pi,0,empty,ok,34,34,4037,122.0,5868,2805,0.4780163599182004,3400,489,68.79803689264534,11.771000146865845,100,4.358019876367987,22,140.0,4.031339168548584,7.331339836120605,7.658598899841309,0.7043683528900146,0.6512677669525146,21.48606300354004,9.210515975952148,11.393946647644045,2.101327896118164,0.0589494854211807,15.959380149841309,9.234067916870115,11.225564002990724,2.1045656204223637,0.055596075952053,15.667985916137695,5.00040340423584,9.91990089416504,1.7729227542877195,0.030534328892827,15.980979919433594
test_minutes,20260917_0154,pi,0,empty,ok,42,44,5128,123.5,5660,1864,0.32932862190812723,4200,784,90.60871097106924,4.411999940872192,100,7.016616245468741,30,480.0,4.958529472351074,7.36247444152832,7.693633079528809,0.6700660586357117,0.648324728012085,21.8998966217041,9.867865562438965,12.173720359802246,0.832145631313324,0.0254667270928621,16.401309967041016,9.870802879333496,12.11370849609375,0.8348284363746643,0.0240821875631809,16.511396408081055,5.332277774810791,10.581188201904297,0.7080687284469604,0.0135980295017361,16.40481185913086
test_minutes,20260917_0155,pi,0,empty,ok,47,48,6366,130.0,5949,1185,0.19919314170448815,4700,415,107.01677694698273,1.002000093460083,100,2.918078862131404,28,190.0,5.429751873016357,7.346498489379883,7.6601948738098145,0.6895113587379456,0.6489608883857727,21.791065216064453,9.697837829589844,11.992098808288574,1.343483328819275,0.0422596037387847,16.282011032104492,9.70518684387207,11.910321235656738,1.3650398254394531,0.0406609363853931,16.288955688476562,5.245726585388184,10.412214279174805,1.1436094045639038,0.0220454037189483,16.2916316986084
test_minutes,20260917_0156,pi,0,empty,ok,27,29,3922,128.0,5469,2548,0.4658987017736332,2700,308,71.72378489464344,9.91599988937378,100,2.8065985323295584,8,170.0,4.767441272735596,7.348472595214844,7.661864280700684,0.6912146806716919,0.6473605632781982,21.74975204467773,9.626788139343262,11.906367301940918,1.4995793104171753,0.0448582768440246,16.23841094970703,9.637296676635742,11.822096824645996,1.5355737209320068,0.0426413677632808,16.19672203063965,5.20983362197876,10.319954872131348,1.289423942565918,0.0234905667603015,16.250896453857422
test_minutes,20260917_0157,pi,0,empty,ok,24,24,3148,131.0,3969,1605,0.40438397581254726,2400,316,79.33067857693297,4.257999897003174,100,4.155172430995135,8,120.0,4.272406578063965,7.34024715423584,7.674079418182373,0.7058357000350952,0.6531925201416016,21.70083236694336,9.54926300048828,11.820510864257812,1.646823167800903,0.056295458227396,16.18376350402832,9.562015533447266,11.722859382629396,1.7033956050872805,0.053839523345232,16.094253540039062,5.1702728271484375,10.214941024780272,1.410225510597229,0.0289058703929185,16.199193954467773
test_minutes,20260917_0158,pi,0,empty,ok,36,37,4407,130.0,5506,2193,0.398292771521976,3600,625,80.04722575135804,5.569000005722046,100,27.165913526002946,20,270.0,4.628681182861328,7.322939872741699,7.672245979309082,0.6960812211036682,0.6505017876625061,21.46883773803711,9.182339668273926,11.355260848999023,2.1078572273254395,0.046276468783617,15.93739891052246,9.208318710327148,11.219669342041016,2.191235065460205,0.044224239885807,15.630060195922852,4.984299182891846,9.869268417358398,1.824029564857483,0.0239747166633605,15.957926750183104
test_minutes,20260917_0159,pi,0,empty,ok,42,42,5592,130.0,5916,1767,0.2986815415821501,4200,538,94.53451201124328,2.8550000190734863,100,2.4199564409237477,23,200.0,4.6458258628845215,7.347022533416748,7.689122200012207,0.6973587274551392,0.6475193500518799,21.750268936157227,9.636932373046877,11.925703048706056,1.4660664796829224,0.0415518954396247,16.234439849853516,9.647459983825684,11.825839042663574,1.5321321487426758,0.0391659885644912,16.20406723022461,5.214195251464844,10.26045036315918,1.2744715213775637,0.0216110590845346,16.246681213378906
test_minutes,20260917_0200,pi,0,empty,ok,26,28,3549,123.0,5977,3311,0.5539568345323741,2600,397,59.3786075863548,10.34600019454956,100,6.172561312227934,13,130.0,4.268354892730713,7.183219909667969,7.527599334716797,0.7196776866912842,0.6565049290657043,19.91023826599121,6.662772178649902,8.522807121276855,1.9318405389785769,0.1143118441104888,14.507253646850586,6.772357940673828,8.799731254577637,2.0237808227539062,0.1095227226614952,12.85084629058838,3.71018648147583,8.034126281738281,1.681972622871399,0.0579045563936233,14.556493759155272
test_minutes,20260917_0201,pi,0,empty,ok,35,37,4203,122.0,5954,2778,0.4665770910312395,3500,624,70.59831338098542,9.23799991607666,100,2.3270312552894676,25,220.0,4.843993663787842,7.245867729187012,7.574911117553711,0.7029637098312378,0.6529142260551453,20.660348892211918,7.8725128173828125,9.727313041687012,2.62682580947876,0.0778461322188377,15.14628791809082,7.941015720367432,9.710626602172852,2.752627372741699,0.0739533603191375,14.093073844909668,4.321380615234375,8.87228775024414,2.28201675415039,0.0388077162206172,15.223831176757812
test_minutes,20260917_0202,pi,0,empty,ok,49,51,6065,129.0,5998,1473,0.24558186062020673,4900,745,101.1220968069906,3.5370001792907715,100,4.723512084569504,36,340.0,4.969605445861816,7.338287353515625,7.689587593078613,0.6880912184715271,0.6489645838737488,21.73622131347656,9.615459442138672,11.889248847961426,1.512650966644287,0.0342901907861232,16.216978073120117,9.62680721282959,11.805500984191896,1.5931222438812256,0.0328679829835891,16.172470092773438,5.203051090240479,10.195371627807615,1.322121500968933,0.0180195290595293,16.230262756347656
test_minutes,20260917_0203,pi,0,empty,ok,29,31,3904,129.0,5853,2914,0.49786434307192895,2900,360,66.70311659620131,11.414000034332275,100,1.2167853684237924,14,160.0,5.599723815917969,7.326386451721191,7.654479503631592,0.6969992518424988,0.6498648524284363,21.626689910888672,9.433691024780272,11.66312313079834,1.812666416168213,0.051403310149908,16.097270965576172,9.451600074768066,11.58489227294922,1.917153596878052,0.0497912503778934,15.93639850616455,5.1109771728515625,10.062496185302734,1.5764892101287842,0.0267539490014314,16.117305755615234
test_minutes,20260917_0204,pi,0,empty,ok,38,40,4320,107.0,5967,2745,0.46003016591251883,3800,966,72.40061676682375,7.710999965667725,100,18.595259004214682,18,350.0,4.789642333984375,7.334603309631348,7.698498725891113,0.6840601563453674,0.6474867463111877,21.69124984741211,9.538599014282228,11.804641723632812,1.6555736064910889,0.0357939749956131,16.167362213134766,9.552955627441406,11.724743843078612,1.7504756450653076,0.0343887135386467,16.07183265686035,5.164292335510254,10.131706237792969,1.4406085014343262,0.0188115537166595,16.18364715576172
test_minutes,20260917_0205,pi,0,empty,ok,44,46,5890,129.0,5894,1475,0.2502544960977265,4400,489,99.9338300762601,2.2960000038146973,100,1.6978899600809132,25,210.0,5.625195026397705,7.328428268432617,7.646778106689453,0.6853370070457458,0.6467829346656799,21.67483901977539,9.509929656982422,11.762752532958984,1.7016793489456177,0.0435911864042282,16.149627685546875,9.525815963745115,11.696910858154297,1.8077353239059448,0.0417527556419372,16.034090042114258,5.149661540985107,10.090139389038086,1.481424331665039,0.0228799004107713,16.16710090637207
test_minutes,20260917_0206,pi,0,empty,ok,38,39,4796,123.0,5714,2115,0.37014350717535877,3800,590,83.94007222869439,11.233000040054321,100,2.2082753125729395,25,260.0,5.296871185302734,7.332073211669922,7.692018508911133,0.6940733790397644,0.6476799845695496,21.677326202392575,9.511168479919434,11.768200874328612,1.68961763381958,0.0400306209921836,16.152029037475586,9.527804374694824,11.696891784667969,1.798777461051941,0.0379855707287788,16.036457061767578,5.150217533111572,10.067956924438477,1.4862830638885498,0.0209386106580495,16.169567108154297
test_minutes,20260917_0207,pi,0,empty,ok,20,21,2389,122.0,5285,3461,0.6548722800378429,2000,367,45.210249620264875,11.49399995803833,100,17.36756600421397,12,80.0,3.780855894088745,7.160378456115723,7.505190849304199,0.6930694580078125,0.6525157690048218,19.52714157104492,6.014964580535889,7.930690765380859,0.1239127665758133,0.0975021049380302,14.217245101928713,6.157627105712891,8.370194435119629,0.1256941705942154,0.0917693078517913,12.338443756103516,3.376997232437134,7.419773101806641,0.1099891811609268,0.0490010790526866,14.217245101928713
test_minutes,20260917_0208,pi,0,empty,ok,49,50,5831,119.0,5902,1632,0.27651643510674345,4900,1044,98.8020401571996,0.9830002784729004,100,3.483844069691127,32,510.0,5.605964660644531,7.357111930847168,7.711748123168945,0.670901894569397,0.6461288928985596,21.889692306518555,9.862804412841797,12.191384315490724,0.8733680248260498,0.0253485981374979,16.382116317749023,9.867828369140623,12.177586555480955,0.9321551322937012,0.0242566652595996,16.491931915283203,5.3282575607299805,10.325353622436523,0.7711082100868225,0.0136139057576656,16.3864688873291
test_minutes,20260917_0209,pi,0,empty,ok,43,45,5753,130.0,5980,1667,0.27876254180602006,4300,492,96.21366706734976,3.567999839782715,100,1.3860590131660335,22,190.0,4.72006368637085,7.349099159240723,7.680241107940674,0.6872382760047913,0.6464128494262695,21.814546585083008,9.733506202697754,12.064167976379396,1.2535765171051023,0.0404663607478141,16.300140380859375,9.74281120300293,12.024652481079102,1.3315597772598269,0.0386483296751976,16.323484420776367,5.262354850769043,10.205892562866213,1.1050376892089844,0.0212922431528568,16.30948257446289
test_minutes,20260917_0210,pi,0,empty,ok,41,43,4897,115.0,5919,2273,0.38401757053556346,4100,706,82.74615164450546,11.049000024795532,100,2.909860590309959,32,270.0,4.541078090667725,7.355669975280762,7.741832256317139,0.6779648065567017,0.6464431285858154,21.84937286376953,9.783967971801758,12.11746311187744,1.1384011507034302,0.0334171056747436,16.338645935058594,9.791877746582031,12.09743595123291,1.2116351127624512,0.031986828893423,16.389028549194336,5.288204669952393,10.24832820892334,1.007054328918457,0.0176158212125301,16.346315383911133
test_minutes,20260917_0211,pi,0,empty,ok,28,29,3740,130.0,5998,3232,0.5388462820940313,2800,312,62.36347572553108,7.86299991607666,100,3.3216634917091596,13,110.0,4.724771499633789,7.24495267868042,7.597131729125977,0.7094956636428833,0.6519882678985596,20.424087524414062,7.467666149139404,9.314359664916992,2.4476633071899414,0.1026707291603088,14.943682670593262,7.568858623504639,9.48560619354248,2.603276014328003,0.0979221612215042,13.69737148284912,4.108885288238525,8.484810829162598,2.169841766357422,0.0531172938644886,15.01913833618164
test_minutes,20260917_0212,pi,0,empty,ok,52,53,5474,105.5,5978,1985,0.3320508531281365,5200,1402,91.58134232061126,2.5290000438690186,100,1.5005446002040868,41,550.0,5.424318790435791,7.353418827056885,7.707377433776855,0.6775141954421997,0.6465068459510803,21.749923706054688,9.626323699951172,11.911914825439451,1.4581074714660645,0.0301560647785663,16.226272583007812,9.640743255615234,11.924151420593262,1.5481579303741455,0.0290896818041801,16.183948516845703,5.206940174102783,10.132782936096191,1.294916749000549,0.0159495119005441,16.239702224731445
test_minutes,20260917_0213,pi,0,empty,ok,47,49,5555,125.0,5845,1676,0.28674080410607355,4700,778,95.05475692267152,1.7060000896453857,100,4.05854517363171,28,230.0,4.957851409912109,7.361214637756348,7.700818061828613,0.6815075874328613,0.6459147930145264,21.837745666503903,9.76597023010254,12.093125343322754,1.1589913368225098,0.0362529903650283,16.32196617126465,9.774797439575195,12.098980903625488,1.237976312637329,0.0344533585011959,16.36501693725586,5.277919769287109,10.26292896270752,1.036960482597351,0.0192054100334644,16.33032989501953
test_minutes,20260917_0214,pi,0,empty,ok,36,38,4522,130.5,5675,2345,0.413215859030837,3600,614,79.69686286993218,5.713000059127808,100,2.190032190441566,18,210.0,4.037813186645508,7.356343269348144,7.730121612548828,0.6851719617843628,0.6464956402778625,21.85540199279785,9.786592483520508,12.105592727661133,1.1178109645843506,0.0376673005521297,16.341073989868164,9.794536590576172,12.124750137329102,1.1928791999816897,0.0363514833152294,16.3931884765625,5.287836074829102,10.2830810546875,0.997877836227417,0.0197355486452579,16.348806381225586
test_minutes,20260917_0215,pi,0,empty,ok,12,13,1629,121.5,4998,3757,0.7517006802721088,1200,134,32.593037357925624,12.370000123977661,100,20.86385876522852,6,50.0,4.36157751083374,7.322272777557373,7.67727518081665,0.7445204854011536,0.6538151502609253,21.447694778442383,9.12753677368164,11.297213554382324,2.0640835762023926,0.1116503924131393,15.911493301391602,9.162482261657717,11.227897644042969,2.204552173614502,0.1065521389245987,15.548784255981444,4.950822830200195,9.683913230895996,1.8624367713928225,0.0572181418538093,15.9292573928833
test_minutes,20260917_0216,pi,0,empty,ok,22,24,3022,117.0,5373,3114,0.5795644891122278,2200,369,56.245230598942754,14.599999904632568,100,1.4842791305128022,8,146.0,4.400539875030518,7.306670188903809,7.64371395111084,0.6993495225906372,0.6489539742469788,21.309497833251957,8.910430908203125,10.985278129577637,2.238107681274414,0.0642169713973999,15.769407272338867,8.956172943115234,10.9097261428833,2.369223356246948,0.0601752921938896,15.279494285583496,4.83842134475708,9.489739418029783,1.993590831756592,0.0333566553890705,15.804217338562012
test_minutes,20260917_0217,pi,0,empty,ok,32,34,3827,120.0,5858,3024,0.5162171389552749,3200,655,65.33392518471712,9.950999975204468,100,4.2946638325219055,18,330.0,4.764077186584473,7.339027881622314,7.700667381286621,0.6890319585800171,0.6470906734466553,21.723466873168945,9.5762300491333,11.83203125,1.5173548460006714,0.0364933162927627,16.191974639892578,9.593151092529297,11.822845458984377,1.6145193576812744,0.0344167649745941,16.119089126586914,5.17832612991333,10.08041763305664,1.365074872970581,0.0194762330502271,16.207155227661133
test_minutes,20260917_0218,pi,0,empty,ok,43,45,5215,125.0,5270,1417,0.2688804554079696,4300,770,98.96386803902674,2.2330000400543213,100,4.158658675572096,31,260.0,5.705652236938477,7.346668243408203,7.682833671569824,0.6789238452911377,0.647239089012146,21.87511444091797,9.816919326782228,12.096487998962402,1.0089930295944214,0.0335122942924499,16.35797691345215,9.822125434875488,12.090888023376465,1.0827966928482056,0.0320320576429367,16.442277908325195,5.301115036010742,10.296003341674805,0.90433931350708,0.0177974570542573,16.36422348022461
test_minutes,20260917_0219,pi,0,empty,ok,41,43,5054,131.0,5351,1569,0.2932162212670529,4100,540,94.45846204486944,4.773000001907349,100,1.2431907172881744,28,180.0,4.395855903625488,7.336668968200684,7.698531150817871,0.6929721832275391,0.6474637985229492,21.80856704711914,9.702162742614746,11.94682788848877,1.301713943481445,0.041654959321022,16.285730361938477,9.712664604187012,11.94063949584961,1.3935630321502686,0.0398832820355892,16.291170120239258,5.241881370544434,10.199955940246582,1.162139654159546,0.0219926629215478,16.29631805419922
test_minutes,20260917_0220,pi,0,empty,ok,25,25,3227,131.0,5916,3489,0.5897565922920892,2500,206,54.553446260702856,13.525999784469604,100,1.331924971600703,12,90.0,3.924306869506836,7.321381568908691,7.6420207023620605,0.7138804197311401,0.6475483179092407,21.518693923950195,9.236613273620604,11.417445182800291,1.9656007289886477,0.0729565694928169,15.978275299072266,9.270835876464844,11.356475830078123,2.116976499557495,0.0713454112410545,15.691885948181152,5.003008365631104,9.789173126220703,1.7603180408477783,0.0377673618495464,15.995586395263672
test_minutes,20260917_0221,pi,0,empty,ok,42,44,4832,121.0,5875,2367,0.4028936170212766,4200,832,82.26081033734252,12.031000137329102,100,5.046760269037565,36,440.0,5.364617347717285,7.340080261230469,7.680224418640137,0.6775357723236084,0.6472386121749878,21.85553359985352,9.784453392028809,12.032299041748049,1.1031585931777954,0.0275686644017696,16.3343448638916,9.791341781616213,12.044477462768556,1.1735477447509766,0.0263222642242908,16.402376174926758,5.283910274505615,10.25439453125,0.9746500849723816,0.0148151526227593,16.341663360595703
test_minutes,20260917_0222,pi,0,empty,ok,48,49,6366,131.0,5998,1281,0.21357119039679892,4800,495,106.14422692993251,1.6850001811981201,100,1.5847847130753143,27,190.0,4.807590484619141,7.338577270507812,7.68996000289917,0.6881676316261292,0.6475474238395691,21.80406379699707,9.693473815917969,11.915101051330566,1.32403302192688,0.04234304651618,16.277870178222656,9.70566177368164,11.929607391357422,1.4057700634002686,0.0399936251342296,16.281314849853516,5.23673677444458,10.172181129455566,1.169475555419922,0.0223910752683877,16.288612365722656
test_minutes,20260917_0223,pi,0,empty,ok,28,29,3924,130.5,5915,2986,0.5048182586644125,2800,332,66.34317904344097,10.098999977111816,100,3.8210515130123586,11,190.0,4.33726692199707,7.321736335754394,7.668312072753906,0.7032199501991272,0.649997353553772,21.51504898071289,9.21881866455078,11.384832382202148,2.0089776515960693,0.0517043881118297,15.977008819580078,9.254685401916504,11.285706520080566,2.131972551345825,0.0485215075314044,15.672144889831545,4.9928297996521,9.753700256347656,1.7750394344329834,0.0269268918782472,15.993379592895508
test_minutes,20260917_0224,pi,0,empty,ok,16,17,2093,132.5,5998,4458,0.7432477492497499,1600,267,34.8990380102696,12.717000007629395,100,11.627780265014016,8,60.0,3.8227627277374254,7.179013252258301,7.526555061340332,0.7034943103790283,0.6520750522613525,19.542314529418945,6.020103931427002,8.076334953308105,0.1259781271219253,0.0996015518903732,14.225937843322754,6.221566200256348,8.488340377807617,0.1253534406423568,0.0889840051531791,12.446964263916016,3.352334260940552,7.180471420288086,0.1088186204433441,0.051649771630764,14.225937843322754
test_minutes,20260917_0225,pi,0,empty,ok,32,32,3663,119.0,5715,3006,0.525984251968504,3200,645,64.09897465909138,10.57099986076355,100,1.603507327719072,21,340.0,4.908855438232422,7.339441299438477,7.666444778442383,0.6743724346160889,0.6464967727661133,21.871469497680664,9.79944896697998,12.04367733001709,1.0808533430099487,0.0305435974150896,16.350048065185547,9.80642318725586,12.031100273132324,1.1397892236709597,0.0291115194559097,16.426687240600586,5.291195392608643,10.22572135925293,0.944942057132721,0.0165053084492683,16.356801986694336
test_minutes,20260917_0226,pi,0,empty,ok,47,49,6282,130.0,5994,1401,0.23373373373373374,4700,593,104.80480512162886,2.2950000762939453,100,2.4847903465585364,31,310.0,5.21165943145752,7.343927383422852,7.683199882507324,0.6759878396987915,0.6461445093154907,21.901525497436523,9.847533226013184,12.102745056152344,0.9463040232658386,0.0299818161875009,16.384201049804688,9.852290153503418,12.088006973266602,0.9867770671844482,0.0290498808026313,16.489715576171875,5.316455364227295,10.28715991973877,0.832686185836792,0.0161066465079784,16.389299392700195
test_minutes,20260917_0227,pi,0,empty,ok,42,43,5608,129.0,5942,1796,0.30225513295186807,4200,526,94.37899722822551,5.542999982833862,100,6.45914512391049,21,250.0,4.757360935211182,7.333611965179443,7.6364240646362305,0.681262731552124,0.6467756628990173,21.79391860961914,9.670135498046877,11.845890045166016,1.3967247009277344,0.0369121618568897,16.267881393432617,9.684724807739258,11.870153427124023,1.438275694847107,0.0346459299325943,16.249385833740234,5.225791931152344,10.15207290649414,1.2283681631088257,0.0194156225770711,16.279085159301758
test_minutes,20260917_0228,pi,0,empty,ok,39,40,5215,132.0,5641,1746,0.3095195887254033,3900,385,92.46126032029453,6.381999969482422,100,17.367082239413822,21,160.0,5.322361946105957,7.333286285400391,7.660622596740723,0.6892701387405396,0.6463366150856018,21.823604583740234,9.709903717041016,11.834040641784668,1.3390132188796997,0.0454592481255531,16.29915428161621,9.722851753234863,11.856983184814451,1.3538326025009155,0.0427058972418308,16.312145233154297,5.2464094161987305,10.23996353149414,1.139636516571045,0.0238249655812978,16.30876922607422
test_minutes,20260917_0229,pi,0,empty,ok,30,32,3577,116.5,5753,3115,0.5414566313227881,3000,630,62.17625589742529,11.616999864578247,100,4.475163461946915,16,360.0,5.427197456359863,7.336349010467529,7.680328369140625,0.6863604784011841,0.6484410762786865,21.828388214111328,9.705615043640137,11.784725189208984,1.365779161453247,0.0324107110500335,16.305570602416992,9.723346710205078,11.725128173828123,1.350142478942871,0.0305001996457576,16.31509017944336,5.2425713539123535,10.26559829711914,1.150521755218506,0.0172432512044906,16.315176010131836
test_minutes,20260917_0230,pi,0,empty,ok,51,51,5909,119.0,5995,1619,0.2700583819849875,5100,939,98.5802706245177,3.0980000495910645,100,2.063492064677288,42,270.0,5.018631935119629,7.344427108764648,7.67874813079834,0.6787313222885132,0.6460527181625366,21.88062286376953,9.780389785766602,11.916287422180176,1.1919480562210083,0.0351320393383502,16.363962173461914,9.794447898864746,11.826086044311523,1.129759430885315,0.0335566774010658,16.4165096282959,5.277930736541748,10.340127944946287,1.016606092453003,0.0188193283975124,16.371055603027344
test_minutes,20260917_0231,pi,0,empty,ok,38,39,4761,132.0,5717,2177,0.38079412279167396,3800,592,83.28377058163537,7.393999814987183,100,2.329547901605319,25,160.0,4.716121196746826,7.337629318237305,7.692939758300781,0.703628420829773,0.6477780938148499,21.78766441345215,9.617751121520996,11.74703884124756,1.536471605300903,0.0481335781514644,16.26752471923828,9.64674472808838,11.730867385864258,1.489206075668335,0.0455715954303741,16.203153610229492,5.193820476531982,10.184829711914062,1.3286240100860596,0.0257648285478353,16.280254364013672
test_minutes,20260917_0232,pi,0,empty,ok,25,25,3034,120.0,5416,3156,0.5827178729689808,2500,466,56.020236793288376,17.519999980926514,100,7.854168850727799,13,140.0,5.082056045532227,7.330942153930664,7.672583103179932,0.7022678852081299,0.6486612558364868,21.650400161743164,9.389029502868652,11.481170654296877,1.8475030660629272,0.0568189620971679,16.12039566040039,9.432859420776367,11.52040958404541,1.8168460130691528,0.0530234612524509,15.922792434692385,5.075416088104248,9.960198402404783,1.631111979484558,0.0297691598534584,16.14069366455078
test_minutes,20260917_0233,pi,0,empty,ok,45,46,5581,120.0,5806,1689,0.29090595935239405,4500,719,96.12469868240268,3.068000316619873,100,1.768387526770049,31,320.0,5.235760688781738,7.354619026184082,7.696056365966797,0.6821352243423462,0.6463701128959656,21.93907928466797,9.871187210083008,12.065998077392578,0.9011026620864868,0.0296129547059535,16.436580657958984,9.877843856811523,12.013744354248049,0.8924119472503662,0.0284457802772521,16.531879425048828,5.3234710693359375,10.448349952697754,0.7932651042938232,0.0160169824957847,16.44080352783203
test_minutes,20260917_0234,pi,0,empty,ok,47,49,5967,131.0,5673,1216,0.21434866913449674,4700,622,105.18800571510269,2.175999879837036,100,2.8648665792947243,34,240.0,5.192461490631104,7.349520683288574,7.682345390319824,0.6850820183753967,0.6464177370071411,21.77176094055176,9.60031032562256,11.74947452545166,1.544065237045288,0.040100809186697,16.255821228027344,9.623544692993164,11.76339054107666,1.5322346687316897,0.0381837226450443,16.171228408813477,5.183608531951904,10.197504043579102,1.3681471347808838,0.0213644187897443,16.26944351196289
test_minutes,20260917_0235,pi,0,empty,ok,34,35,4575,130.5,5501,2071,0.376477004181058,3400,327,83.18030556166462,7.955000162124634,100,5.37715055606118,16,150.0,5.045527935028076,7.334123611450195,7.679697513580322,0.6972691416740417,0.6471915245056152,21.55227279663086,9.233753204345703,11.371271133422852,2.0215439796447754,0.0565683208405971,16.023073196411133,9.279043197631836,11.344474792480469,2.0152246952056885,0.0532227493822574,15.721981048583984,4.994302749633789,9.854124069213867,1.7950294017791748,0.0297197569161653,16.044639587402344
test_minutes,20260917_0236,pi,0,empty,ok,28,29,3814,130.0,4787,1932,0.4035930645498224,2800,285,79.68909958287882,10.074000120162964,100,1.4275336707016522,14,110.0,4.789642333984375,7.316981792449951,7.64300537109375,0.7091882228851318,0.6492114067077637,21.243284225463867,8.737789154052734,10.71338939666748,2.377150774002075,0.0779148563742637,15.704419136047363,8.8059720993042,10.757665634155272,2.3892030715942383,0.0722233727574348,15.136927604675291,4.73838996887207,9.485411643981934,2.1176929473876958,0.0405195392668247,15.740330696105955
test_minutes,20260917_0237,pi,0,empty,ok,40,42,4772,119.5,5755,2243,0.389748045178106,4000,765,82.92352347983226,9.32099986076355,100,2.5073778585921707,28,300.0,5.667763710021973,7.369231224060059,7.72212553024292,0.6779717206954956,0.6458321809768677,21.927001953125,9.87242031097412,12.098589897155762,0.9138674736022948,0.0303021240979433,16.433183670043945,9.87761402130127,12.052145957946776,0.9306467175483704,0.0290875602513551,16.509523391723633,5.325751781463623,10.416173934936523,0.8163580894470215,0.0163828842341899,16.437726974487305
test_minutes,20260917_0238,pi,0,empty,ok,46,48,5332,112.5,5948,1979,0.33271687962340285,4600,955,89.64960645761748,7.124000072479248,100,5.19880578021016,32,320.0,5.598296642303467,7.368618965148926,7.711928367614746,0.6866998672485352,0.647485077381134,21.892955780029297,9.824951171875,12.04792022705078,1.0717018842697144,0.0319622755050659,16.40015983581543,9.83274745941162,11.994905471801758,1.097351312637329,0.0300918966531753,16.435792922973633,5.30088996887207,10.344474792480469,0.9716789722442628,0.0173677075654268,16.406606674194336
test_minutes,20260917_0239,pi,0,empty,ok,36,37,4544,127.0,5966,2571,0.4309420046932618,3600,571,76.17642618324018,8.697999954223633,100,2.415918067099077,22,160.0,4.573777198791504,7.263624668121338,7.601818084716797,0.6973350048065186,0.6510198712348938,20.60065650939941,7.705916881561279,9.683926582336426,2.50870418548584,0.0867688059806823,15.081026077270508,7.790917873382568,9.638047218322754,2.620272636413574,0.0824298933148384,14.049501419067385,4.201494216918945,8.4999361038208,2.262904405593872,0.0447340868413448,15.158737182617188
test_minutes,20260917_0240,pi,0,empty,ok,34,35,4323,131.0,5920,2704,0.45675675675675675,3400,478,73.02858289000726,11.122999906539917,100,4.252468139974899,18,160.0,5.582983016967773,7.357659339904785,7.664222717285156,0.6942465305328369,0.6487239003181458,21.83572769165039,9.763410568237305,12.016738891601562,1.2329728603363037,0.0443024523556232,16.34695816040039,9.770061492919922,11.941619873046877,1.293213129043579,0.0424265228211879,16.332807540893555,5.268210887908936,10.312421798706056,1.1092982292175293,0.0235043410211801,16.356962203979492
test_minutes,20260917_0241,pi,0,empty,ok,41,41,4660,122.0,5015,1566,0.3122632103688933,4100,785,92.93976845333526,3.826000213623047,100,4.3115565491652905,28,310.0,4.815168380737305,7.358911514282227,7.689603328704834,0.6795295476913452,0.6458394527435303,21.89046669006348,9.868172645568848,12.12128448486328,0.9430237412452698,0.0307863000780344,16.413015365600586,9.872410774230955,12.071683883666992,0.9760685563087464,0.0300315581262111,16.4548282623291,5.323033332824707,10.435897827148438,0.8483500480651855,0.016625128686428,16.42099380493164
test_minutes,20260917_0242,pi,0,empty,ok,48,49,6092,129.0,5998,1445,0.2409136378792931,4800,593,101.57565668506894,2.2699999809265137,100,5.670353147213268,31,210.0,5.289210319519043,7.348048210144043,7.661970615386963,0.683108925819397,0.6459755301475525,21.803911209106445,9.72378158569336,11.93910312652588,1.3212807178497314,0.0393611155450344,16.319087982177734,9.73317050933838,11.924480438232422,1.35647714138031,0.0378178283572196,16.274850845336914,5.2497334480285645,10.332969665527344,1.180002212524414,0.0207019448280334,16.333005905151367
test_minutes,20260917_0243,pi,0,empty,ok,32,33,4040,130.5,5725,2724,0.4758078602620087,3200,456,70.5738493855627,8.027999877929688,100,38.64527562374515,17,180.0,5.371944904327393,7.351964950561523,7.689002513885498,0.6936385631561279,0.6473819017410278,21.76858901977539,9.674856185913086,11.8771390914917,1.4360558986663818,0.0440831705927848,16.282411575317383,9.688820838928224,11.891998291015623,1.4510470628738403,0.041817981749773,16.20810317993164,5.225603103637695,10.292545318603516,1.2775585651397705,0.0234747920185327,16.29884910583496
test_minutes,20260917_0244,pi,0,empty,ok,36,37,4453,126.5,5741,2400,0.4180456366486675,3600,603,77.57028895658189,8.605999946594238,100,11.102240433269463,20,130.0,4.397123336791992,7.3531599044799805,7.700220584869385,0.7231063842773438,0.6513110995292664,21.721969604492188,9.602713584899902,11.805828094482422,1.5476230382919312,0.055921446532011,16.228361129760742,9.621926307678224,11.82655429840088,1.5828171968460083,0.0536501705646514,16.11871337890625,5.18854284286499,10.231313705444336,1.3817453384399414,0.0294910464435815,16.247831344604492
test_minutes,20260917_0245,pi,0,empty,ok,37,38,5109,130.0,5897,2102,0.3564524334407326,3700,304,86.64021138519144,5.957000017166138,100,11.613137540185924,17,200.0,4.653252601623535,7.3389363288879395,7.6750688552856445,0.6926981210708618,0.6487506628036499,21.638063430786133,9.474817276000977,11.680267333984377,1.7191237211227417,0.0461096242070198,16.135662078857422,9.499418258666992,11.69011116027832,1.7723783254623413,0.044488176703453,15.96658420562744,5.12331485748291,10.142765045166016,1.5533971786499023,0.0242079775780439,16.160396575927734
