split,minute,placement,label,activity,status,valid_seconds,raw_valid_seconds,packets,median_packets_per_valid_second,resampled_samples,interpolated_samples,interpolated_fraction,used_resampled_samples,used_interpolated_samples,original_rate_hz,max_raw_gap_seconds,target_rate_hz,csi,n_windows_3s,radar_frames,snr_db,rd_mean,rd_p90,rd_std,rd_delta,rd_peak,ra_mean,ra_p90,ra_std,ra_delta,ra_peak,re_mean,re_p90,re_std,re_delta,re_peak,xy_mean,xy_p90,xy_std,xy_delta,xy_peak
test_minutes,20260916_2210,pi,1,present,ok,37,39,5071,138.0,5842,2181,0.3733310510099281,3700,423,86.81138113666267,6.555000066757202,100,0.4028695545774989,22,550.0,4.958582878112793,7.397035598754883,7.780248165130615,0.6635637283325195,0.6467829942703247,21.828935623168945,9.935240745544434,12.108644485473633,0.8035763502120972,0.0242314767092466,16.3214054107666,9.934037208557127,12.084872245788574,0.830776572227478,0.0235090367496013,16.457752227783203,5.372630596160889,10.432991027832031,0.6981862187385559,0.0127281304448843,16.324172973632812
test_minutes,20260916_2214,pi,1,present,ok,34,36,4632,129.0,5868,2514,0.4284253578732106,3400,456,78.95005955303543,6.543999910354614,100,0.2711088045804789,17,520.0,5.349781036376953,7.393434524536133,7.804872512817383,0.6752207279205322,0.6474820971488953,21.76205062866211,9.82204246520996,12.00222110748291,1.141055464744568,0.0268897656351327,16.24173355102539,9.82355499267578,11.931406021118164,1.2120815515518188,0.0260526649653911,16.329801559448242,5.31290340423584,10.280563354492188,0.9990452527999878,0.0141094736754894,16.247364044189453
test_minutes,20260916_2215,pi,1,present,ok,24,26,3238,127.5,5363,3047,0.5681521536453478,2400,332,60.385662624798435,11.500999927520752,100,0.5595709359408902,17,340.0,5.919824600219727,7.361764430999756,7.783435344696045,0.6821033358573914,0.6511913537979126,21.415210723876957,9.220314025878906,11.242502212524414,2.062466859817505,0.0447040721774101,15.80569839477539,9.228014945983888,11.157999038696287,2.2363386154174805,0.0423018783330917,15.668411254882812,5.004016399383545,9.754589080810549,1.8325433731079104,0.0228828079998493,15.834568977355955
test_minutes,20260916_2217,pi,1,present,ok,57,59,7045,133.0,5861,704,0.12011602115679917,5700,688,120.21363759564667,0.6190001964569092,100,0.5013457967503315,55,560.0,5.6521172523498535,7.4001264572143555,7.800766944885254,0.6622433662414551,0.6456267833709717,21.832347869873047,9.94915008544922,12.149840354919434,0.6879319548606873,0.0238852705806493,16.329437255859375,9.946816444396973,12.0830078125,0.743774950504303,0.0234431866556406,16.472209930419922,5.377069473266602,10.331624984741213,0.6136116981506348,0.0125908954069018,16.331436157226562
test_minutes,20260916_2219,pi,1,present,ok,36,38,5016,131.0,5993,2343,0.39095611546804604,3600,401,83.70463052206273,6.441999673843384,100,0.47881211793909917,15,510.0,4.79836893081665,7.394877433776855,7.804074287414551,0.6695196628570557,0.6470267176628113,21.83258438110352,9.940508842468262,12.151617050170898,0.7574829459190369,0.0244607180356979,16.32688331604004,9.93883991241455,12.071540832519531,0.823114812374115,0.0238720551133155,16.464162826538086,5.371771812438965,10.3326416015625,0.6674153804779053,0.0130358077585697,16.329238891601562
test_minutes,20260916_2220,pi,1,present,ok,35,36,4719,128.0,5891,2486,0.4219996604990664,3500,421,80.10660488751003,10.151999950408936,100,0.666301024452288,22,530.0,5.5779008865356445,7.3914384841918945,7.772100448608398,0.6646506786346436,0.6469250917434692,21.815784454345703,9.916739463806152,12.12574291229248,0.8272123336791992,0.0247313752770423,16.306474685668945,9.91464138031006,12.049986839294434,0.9014898538589478,0.0239185225218534,16.43680191040039,5.359273433685303,10.322509765625,0.7396814823150635,0.0130497245118021,16.30933952331543
test_minutes,20260916_2221,pi,1,present,ok,37,39,4955,133.0,5879,2256,0.38373873107671375,3700,468,84.28304138824873,8.937999963760376,100,0.3841513940958251,28,570.0,5.670344352722168,7.371076583862305,7.766211032867432,0.6702955365180969,0.6498817205429077,21.57477188110352,9.500507354736328,11.614949226379396,1.7342060804367063,0.0334508083760738,16.000659942626953,9.502336502075195,11.529170989990234,1.876654028892517,0.031691376119852,15.964886665344238,5.146131038665772,10.01101779937744,1.5373961925506592,0.0171354096382856,16.01463508605957
test_minutes,20260916_2222,pi,1,present,ok,50,52,6524,132.5,5876,1151,0.19588155207624233,5000,617,111.03546863879036,2.8969998359680176,100,2.1089172139840877,39,570.0,5.27296781539917,7.391987800598144,7.784202575683594,0.6662622094154358,0.6463099122047424,21.82345199584961,9.932880401611328,12.153279304504396,0.7468430995941162,0.0238014496862888,16.316192626953125,9.93043613433838,12.072850227355955,0.8089051246643066,0.0233796332031488,16.456682205200195,5.367264747619629,10.3447904586792,0.6581025123596191,0.0126692885532975,16.31849479675293
test_minutes,20260916_2225,pi,1,present,ok,36,37,4978,135.5,5564,1900,0.34148094895758446,3600,254,89.4744411413174,8.065000057220459,100,10.892669180358421,23,540.0,5.8217058181762695,7.391558647155762,7.786510467529297,0.6654205322265625,0.6473961472511292,21.81288146972656,9.906929969787598,12.127172470092772,0.8280432820320129,0.0246401168406009,16.301239013671875,9.904882431030272,12.05156135559082,0.9012433290481568,0.0240109544247388,16.43081283569336,5.352738380432129,10.332330703735352,0.7484863996505737,0.0130119305104017,16.304157257080078
test_minutes,20260916_2226,pi,1,present,ok,48,50,6137,131.5,5856,1367,0.23343579234972678,4800,657,104.79849737016083,2.982999801635742,100,2.4141482471351536,34,570.0,5.806021213531494,7.393215179443359,7.783993721008301,0.6633485555648804,0.6451841592788696,21.835657119750977,9.945196151733398,12.185906410217283,0.6602267622947693,0.0233890991657972,16.33043098449707,9.942397117614746,12.100895881652832,0.7168874740600586,0.0228251963853836,16.477060317993164,5.37227725982666,10.365862846374512,0.5988388061523438,0.0124730179086327,16.332273483276367
test_minutes,20260916_2228,pi,1,present,ok,39,41,5410,133.0,5962,2104,0.35290171083529015,3900,520,90.74440636830911,6.797999858856201,100,0.3286740263884026,22,570.0,5.09212064743042,7.391740798950195,7.79921817779541,0.6678897142410278,0.6468654870986938,21.84507751464844,9.949193954467772,12.193071365356444,0.6667758226394653,0.0232249908149242,16.342817306518555,9.946508407592772,12.111276626586914,0.7133293747901917,0.0224856436252594,16.485872268676758,5.374436378479004,10.37456226348877,0.593839168548584,0.0122843729332089,16.344629287719727
test_minutes,20260916_2229,pi,1,present,ok,52,54,7244,137.0,5856,625,0.10672814207650273,5200,237,123.71486170492713,2.1679999828338623,100,0.48921190231530626,48,570.0,5.631384372711182,7.391275882720947,7.789720058441162,0.6659970879554749,0.6458191275596619,21.82528114318848,9.917298316955566,12.148231506347656,0.7856794595718384,0.0240263808518648,16.318708419799805,9.91481113433838,12.071504592895508,0.8378183245658875,0.0233980510383844,16.449934005737305,5.358246803283691,10.343687057495115,0.7029364109039307,0.0128000415861606,16.321210861206055
test_minutes,20260916_2232,pi,1,present,ok,28,29,3563,134.0,5813,3170,0.5453294340271805,2800,444,61.301033861189104,10.111000061035156,100,25.90149755882663,13,490.0,19.27814102172852,7.415516376495361,7.843034744262695,0.8215641975402832,0.6555936932563782,21.78046226501465,9.878129005432127,12.117618560791016,0.8392845988273621,0.0339972302317619,16.316043853759766,9.877655982971191,12.0936861038208,0.8198916912078857,0.0326790213584899,16.368255615234375,5.337620258331299,10.272733688354492,0.7546368837356567,0.0171748995780944,16.31846809387207
test_minutes,20260916_2233,pi,1,present,ok,34,35,4526,134.0,5948,2623,0.4409885675857431,3400,442,76.09536308652737,11.494999885559082,100,104.03487812016607,19,520.0,13.122061729431152,7.391561031341553,7.786064147949219,0.684109091758728,0.6500353217124939,21.77352333068848,9.86104965209961,12.096246719360352,0.8979467749595642,0.0336017459630966,16.310302734375,9.86015510559082,12.060340881347656,0.933993399143219,0.0307322852313518,16.356609344482422,5.333994388580322,10.264598846435549,0.7888873815536499,0.017404219135642,16.31276512145996
test_minutes,20260916_2234,pi,1,present,ok,46,48,5607,134.0,5418,1309,0.24160206718346253,4600,634,103.50556570130065,5.742000102996826,100,20.05681612684095,40,530.0,5.752872467041016,7.385889053344727,7.744074821472168,0.6668668985366821,0.6480464935302734,21.774274826049805,9.860272407531738,12.09922218322754,0.8894195556640625,0.0296064428985118,16.31233024597168,9.860459327697754,12.076247215270996,0.9206836819648744,0.0281998012214899,16.357919692993164,5.33698320388794,10.2615966796875,0.7782270908355713,0.0159017667174339,16.31471824645996
test_minutes,20260916_2238,pi,1,present,ok,57,59,7286,131.0,5861,347,0.059204913837229145,5700,334,124.32174191447118,0.31100010871887207,100,14.163281591532096,55,570.0,15.228663444519045,7.398332595825195,7.815206527709961,0.7106531262397766,0.6541548371315002,21.853382110595703,9.901223182678224,12.13931655883789,0.7065097093582153,0.0280818659812212,16.385868072509766,9.899763107299805,12.14009952545166,0.7104986906051636,0.0261769853532314,16.46820640563965,5.35350227355957,10.403923034667969,0.5923337936401367,0.0148928761482238,16.38731575012207
test_minutes,20260916_2239,pi,1,present,ok,45,47,6132,131.0,5856,1279,0.2184084699453552,4500,294,104.72384440719034,4.431000232696533,100,39.4811086208114,32,570.0,20.68861198425293,7.410780429840088,7.813071250915527,0.820332407951355,0.6539241075515747,21.88875770568848,9.90786361694336,12.15398120880127,0.6864750385284424,0.0271402839571237,16.38840103149414,9.905967712402344,12.17245864868164,0.7495330572128296,0.0255769193172454,16.517852783203125,5.346339702606201,10.416827201843262,0.6135940551757812,0.0143390959128737,16.39095115661621
test_minutes,20260916_2240,pi,1,present,ok,39,40,5023,131.0,5824,2032,0.3489010989010989,3900,423,86.24804672000344,5.752000093460083,100,57.17822507480282,23,570.0,15.370311737060549,7.413382530212402,7.8383636474609375,0.727781355381012,0.6550323963165283,21.88545036315918,9.899055480957031,12.166253089904783,0.6866918802261353,0.0587850362062454,16.38626480102539,9.897242546081545,12.164875030517578,0.7092449069023132,0.0486325621604919,16.51457405090332,5.340654850006104,10.456850051879885,0.6177207231521606,0.027842603623867,16.388816833496094
test_minutes,20260916_2241,pi,1,present,ok,35,37,4619,131.0,5548,2055,0.3704037490987743,3500,423,83.26423192677231,6.115999937057495,100,16.56042832795152,18,550.0,5.38905143737793,7.392868995666504,7.853425979614258,0.6818983554840088,0.650600254535675,21.83394432067871,9.811365127563477,12.06451416015625,1.007476806640625,0.0671069473028183,16.33120346069336,9.811144828796388,12.061089515686035,1.0864568948745728,0.0541251488029956,16.404207229614258,5.299276351928711,10.494030952453612,0.9173192381858826,0.0303807184100151,16.336772918701172
test_minutes,20260916_2242,pi,1,present,ok,23,24,3205,131.0,5754,3333,0.5792492179353493,2300,241,55.705222824694225,10.437000036239624,100,20.381441389099354,9,428.0,12.302227973937988,7.39317512512207,7.774187564849853,0.6896862983703613,0.6510676145553589,21.74802589416504,9.690040588378906,11.868233680725098,1.3374792337417605,0.0467296876013278,16.237239837646484,9.6898775100708,11.908137321472168,1.448319435119629,0.0429208651185035,16.226442337036133,5.233762741088867,10.367147445678713,1.2125473022460938,0.0233861841261386,16.24750328063965
test_minutes,20260916_2243,pi,1,present,ok,46,48,6053,131.0,5840,1232,0.21095890410958903,4600,261,103.64903478831579,7.3459999561309814,100,24.17522075023791,42,480.0,4.807087421417236,7.395265102386475,7.758249759674072,0.6681492328643799,0.6468896865844727,21.82813835144043,9.816044807434082,12.029654502868652,1.027018904685974,0.0316507779061794,16.325183868408203,9.813353538513184,12.05028247833252,1.1244986057281494,0.0294548068195581,16.391481399536133,5.297786235809326,10.45184326171875,0.913373589515686,0.0171976573765277,16.331218719482422
test_minutes,20260916_2244,pi,1,present,ok,44,46,5401,126.0,5848,1761,0.3011285909712722,4400,609,92.37057655982187,4.876999855041504,100,26.964039029707983,31,570.0,5.353801727294922,7.400810241699219,7.768453598022461,0.6620784997940063,0.6458408236503601,21.88973999023437,9.908451080322266,12.176105499267578,0.692378580570221,0.0283630900084972,16.39358139038086,9.906593322753906,12.175183296203612,0.7625789642333984,0.0266067888587713,16.5148868560791,5.344346046447754,10.542848587036133,0.6094385981559753,0.0160432923585176,16.39624786376953
test_minutes,20260916_2245,pi,1,present,ok,37,39,4924,131.0,5877,2187,0.3721286370597244,3700,442,83.78566957922413,6.050000190734863,100,67.01703308835657,24,520.0,6.473635673522949,7.400490283966064,7.799779891967773,0.6731032133102417,0.6478095054626465,21.888635635375977,9.901847839355469,12.165602684020996,0.7542945742607117,0.0292278081178665,16.394426345825195,9.89969253540039,12.162664413452148,0.8380926847457886,0.027205592021346,16.502492904663086,5.340156555175781,10.526022911071776,0.6613762378692627,0.016096169129014,16.3975887298584
test_minutes,20260916_2246,pi,1,present,ok,25,27,3382,131.0,5861,3335,0.5690155263606893,2500,275,57.71331043931817,13.065999984741211,100,24.87305922215011,15,360.0,4.781898498535156,7.392380714416504,7.736167430877685,0.6703166961669922,0.6464120149612427,21.84501075744629,9.843576431274414,12.080060005187988,1.0032646656036377,0.0335124023258686,16.34762191772461,9.842256546020508,12.09092903137207,1.080949068069458,0.0315591245889663,16.415098190307617,5.3136725425720215,10.478264808654783,0.8638142943382263,0.018132209777832,16.35314178466797
test_minutes,20260916_2247,pi,1,present,ok,43,45,5770,131.0,5861,1565,0.26701927998635044,4300,438,98.45744302412723,2.197000026702881,100,10.886037921428622,25,570.0,4.856839179992676,7.394361972808838,7.750333786010742,0.6604678630828857,0.645753800868988,21.89309310913086,9.921518325805664,12.16940212249756,0.6774952411651611,0.0274408459663391,16.400442123413086,9.919322967529297,12.1902494430542,0.7339333295822144,0.0258726496249437,16.519203186035156,5.351704120635986,10.531108856201172,0.58794766664505,0.0150650078430771,16.402936935424805
test_minutes,20260916_2248,pi,1,present,ok,45,46,5674,126.0,5806,1575,0.2712710988632449,4500,574,97.73322310457547,6.4730000495910645,100,36.34964608520521,32,560.0,5.255858421325684,7.38798713684082,7.761380195617676,0.667320728302002,0.6465073227882385,21.885576248168945,9.905837059020996,12.15091037750244,0.7517876625061035,0.0284732952713966,16.391643524169922,9.904176712036133,12.166409492492676,0.8121980428695679,0.0264534689486026,16.501367568969727,5.342718601226807,10.512876510620115,0.6437584757804871,0.0157838519662618,16.394670486450195
test_minutes,20260916_2249,pi,1,present,ok,37,38,4777,132.0,5781,2192,0.379173153433662,3700,334,82.63990994694561,5.766999959945679,100,28.07452849252966,22,570.0,4.74666166305542,7.385013103485107,7.756372928619385,0.6620501279830933,0.6464278697967529,21.88379669189453,9.901815414428713,12.142162322998049,0.7674827575683594,0.0276933331042528,16.3892822265625,9.899760246276855,12.148941040039062,0.8333858251571655,0.0258318074047565,16.496137619018555,5.34086799621582,10.502986907958984,0.6584281921386719,0.0152322612702846,16.392488479614258
test_minutes,20260916_2252,pi,1,present,ok,38,39,5134,131.5,5861,2010,0.3429448899505204,3800,235,87.6094263547932,8.400999784469604,100,6.220416942140262,25,570.0,5.078039169311523,7.381567478179932,7.762470245361328,0.6669826507568359,0.645840585231781,21.89654922485352,9.913285255432127,12.153749465942385,0.7343519926071167,0.0238130912184715,16.403242111206055,9.911103248596191,12.127501487731934,0.8012004494667053,0.023197716102004,16.51226234436035,5.343478679656982,10.50226879119873,0.6401650905609131,0.0128909731283783,16.406208038330078
test_minutes,20260916_2253,pi,1,present,ok,33,35,4394,131.0,5876,2557,0.43515997277059226,3300,399,74.77876107408349,7.425000190734863,100,6.626036302938321,15,490.0,4.806442737579346,7.377944469451904,7.715136528015137,0.6638820171356201,0.6465535759925842,21.89434242248535,9.914133071899414,12.151808738708496,0.7284413576126099,0.0244553573429584,16.400611877441406,9.911940574645996,12.124170303344728,0.7878016829490662,0.0240458641201257,16.512554168701172,5.34356164932251,10.496828079223633,0.6334689855575562,0.0131753953173756,16.40347671508789
test_minutes,20260916_2255,pi,1,present,ok,49,51,6119,130.0,5858,1280,0.21850460908159783,4900,561,104.45901221844956,4.357000112533569,100,3.041465419781355,40,570.0,5.644485950469971,7.366644859313965,7.747701644897461,0.6702154874801636,0.646234929561615,21.831411361694336,9.8155517578125,12.013076782226562,1.051597237586975,0.0262655895203351,16.32855796813965,9.813885688781738,11.96809196472168,1.159205436706543,0.0255923178046941,16.38181495666504,5.295234680175781,10.41853141784668,0.9172194600105286,0.0142352161929011,16.33498764038086
test_minutes,20260916_2256,pi,1,present,ok,32,34,4761,132.0,5990,2441,0.4075125208681135,3200,197,79.49176013880052,6.2179999351501465,100,2.6013000429680244,15,540.0,5.146488666534424,7.355803489685059,7.765103816986084,0.6786998510360718,0.649509608745575,21.58135223388672,9.41634750366211,11.484678268432615,1.8059382438659668,0.0349063053727149,16.052671432495117,9.414868354797363,11.425532341003418,1.9967340230941768,0.0337162353098392,15.85525894165039,5.09575080871582,10.091835021972656,1.5674653053283691,0.0183050893247127,16.07404327392578
test_minutes,20260916_2257,pi,1,present,ok,29,30,3784,130.0,5871,3039,0.5176290240163516,2900,390,64.4611766362595,11.070000410079956,100,40.530044157512776,14,480.0,4.466020584106445,7.367597103118896,7.729250907897949,0.665752649307251,0.6475356817245483,21.875762939453125,9.880985260009766,12.087135314941406,0.8589780330657959,0.0253416951745748,16.382444381713867,9.879018783569336,12.036409378051758,0.9293086528778076,0.0248886477202177,16.46887969970703,5.327323913574219,10.457008361816406,0.7302041053771973,0.0135794701054692,16.38684844970703
test_minutes,20260916_2258,pi,1,present,ok,50,51,6797,132.0,5828,705,0.12096774193548387,5000,183,116.64264125692186,1.7200000286102295,100,17.591139617747313,44,570.0,4.735562801361084,7.3637237548828125,7.74575662612915,0.6639337539672852,0.6459392309188843,21.833494186401367,9.809826850891112,11.969118118286133,1.063851237297058,0.0256467144936323,16.33319854736328,9.807709693908691,11.932133674621582,1.1554381847381592,0.0250512473285198,16.384796142578125,5.290134906768799,10.392541885375977,0.9180518388748168,0.0137282004579901,16.340105056762695
test_minutes,20260916_2300,pi,1,present,ok,32,34,4234,131.0,5992,2828,0.4719626168224299,3200,406,70.66913678920638,8.705999851226807,100,6.869035319749653,16,490.0,4.508073806762695,7.335268497467041,7.652782440185547,0.6645394563674927,0.6449687480926514,21.877178192138672,9.871850967407228,12.053211212158203,0.8935043215751648,0.0252024624496698,16.38159942626953,9.87118148803711,11.986166954040527,0.9537099599838256,0.0245917811989784,16.468578338623047,5.321934700012207,10.434606552124023,0.7650581002235413,0.0135344918817281,16.38623809814453
test_minutes,20260916_2302,pi,1,present,ok,51,53,6455,131.0,5860,1036,0.17679180887372015,5100,466,110.15734316081061,3.2920000553131104,100,17.806933407472485,44,570.0,4.533622741699219,7.340505599975586,7.6492085456848145,0.6599612832069397,0.6442066431045532,21.900880813598636,9.909998893737791,12.113821029663086,0.7028213739395142,0.0238002594560384,16.407625198364258,9.908655166625977,12.010716438293455,0.7519060969352722,0.0233473517000675,16.521913528442383,5.340564250946045,10.460716247558594,0.6087182760238647,0.0129641396924853,16.410572052001953
test_minutes,20260916_2304,pi,1,present,ok,47,49,5981,131.0,5815,1322,0.22734307824591574,4700,520,102.85999264534017,2.3540000915527344,100,4.866631787699467,34,560.0,5.250255584716797,7.339332103729248,7.683302402496338,0.6688896417617798,0.6454191207885742,21.793102264404297,9.730874061584473,11.88307285308838,1.276749849319458,0.0279560182243585,16.28826332092285,9.732013702392578,11.74233341217041,1.3832762241363523,0.0274376757442951,16.283857345581055,5.254550933837891,10.32931137084961,1.108208417892456,0.0150162540376186,16.29900550842285
test_minutes,20260916_2306,pi,1,present,ok,26,27,3386,131.0,5880,3354,0.5704081632653061,2600,329,57.59384927352735,13.922999858856201,100,7.280865407023209,16,400.0,4.62563943862915,7.3410444259643555,7.6627197265625,0.6691395044326782,0.6442179679870605,21.81816864013672,9.769401550292969,11.94710922241211,1.1841495037078855,0.0291898567229509,16.315940856933594,9.770297050476074,11.826910018920898,1.2706371545791626,0.0286532398313283,16.339162826538086,5.273782730102539,10.351079940795898,1.0224230289459229,0.0155852371826767,16.3250732421875
test_minutes,20260916_2308,pi,1,present,ok,49,51,6208,131.0,5860,1201,0.20494880546075087,4900,524,105.95664761618534,4.733999967575073,100,5.090465660429676,39,570.0,5.221637725830078,7.343281269073486,7.67031192779541,0.6648180484771729,0.6451454758644104,21.91048240661621,9.917594909667969,12.125292778015137,0.6704052686691284,0.0235977172851562,16.420940399169922,9.91662311553955,12.026795387268066,0.7176927328109741,0.0230134297162294,16.533222198486328,5.350668907165527,10.49478244781494,0.5750473737716675,0.0128096546977758,16.42416000366211
test_minutes,20260916_2309,pi,1,present,ok,41,42,5637,131.0,5945,1734,0.2916736753574432,4100,395,94.82555580854893,3.677999973297119,100,4.0921292297422145,21,550.0,5.019963264465332,7.356844902038574,7.667177200317383,0.6683801412582397,0.6464905142784119,21.91708374023437,9.921844482421877,12.129289627075195,0.6883220076560974,0.0244005117565393,16.430076599121094,9.92175006866455,12.07073211669922,0.7275564670562744,0.0234294328838586,16.536727905273438,5.355212688446045,10.527974128723145,0.5927340388298035,0.0132852466776967,16.433061599731445
test_minutes,20260916_2313,pi,1,present,ok,41,43,5638,132.0,5975,1767,0.29573221757322177,4100,354,94.36141141547544,5.4709999561309814,100,32.24319201268838,23,570.0,19.49831199645996,7.402152061462402,7.827202796936035,0.8710469007492065,0.6570979356765747,21.875253677368164,9.845780372619627,12.085795402526855,1.01282000541687,0.0313299447298049,16.38084602355957,9.847308158874512,12.030735969543455,1.0788707733154297,0.0298413038253784,16.441720962524414,5.317345142364502,10.486452102661133,0.866707980632782,0.0162536948919296,16.387645721435547
test_minutes,20260916_2315,pi,1,present,ok,27,29,3355,132.0,5856,3316,0.5662568306010929,2700,340,57.296558958852465,13.164000034332275,100,23.38636283545355,19,430.0,10.584075927734377,7.31402587890625,7.637466907501221,0.6780892014503479,0.6498754620552063,21.348966598510746,9.01007080078125,11.081034660339355,2.2743635177612305,0.0702655017375946,15.796792984008787,9.036216735839844,10.987653732299805,2.333470344543457,0.0685198605060577,15.439934730529783,4.901703834533691,9.631601333618164,1.919116735458374,0.0372135229408741,15.830171585083008
test_minutes,20260916_2317,pi,1,present,ok,33,34,4377,128.0,5910,2618,0.44297800338409477,3300,327,74.06717992860514,11.888999938964844,100,14.810473815078788,22,480.0,11.295577049255373,7.364157676696777,7.692175388336182,0.6682594418525696,0.6464446187019348,21.892473220825195,9.885680198669434,12.12851619720459,0.8370038866996765,0.0402339436113834,16.399898529052734,9.885542869567873,12.084250450134276,0.8625981211662292,0.0352875031530857,16.497329711914062,5.342012882232666,10.388025283813477,0.690848708152771,0.020417271181941,16.40475082397461
test_minutes,20260916_2318,pi,1,present,ok,34,36,4364,129.0,5861,2576,0.4395154410510152,3400,303,74.45955373171023,11.211999893188477,100,262.3066409260534,27,460.0,21.12802696228028,7.46881103515625,8.176952362060547,1.033897876739502,0.6744845509529114,21.85992431640625,9.852075576782228,12.13644027709961,1.0960091352462769,0.082037404179573,16.36372947692871,9.84635066986084,12.057270050048828,1.1141152381896973,0.0734705924987793,16.428274154663086,5.319903373718262,10.41910457611084,0.8718869090080261,0.0335481166839599,16.37076187133789
test_minutes,20260916_2319,pi,1,present,ok,38,40,4958,130.0,5861,2138,0.36478416652448387,3800,397,84.5988462674151,4.76200008392334,100,354.3295874298851,20,520.0,21.98506546020508,7.455328941345215,7.8500657081604,1.1576666831970217,0.6816433072090149,21.60515594482422,9.438983917236328,11.71730613708496,1.8336143493652344,0.0482497438788414,16.072357177734375,9.448744773864746,11.625170707702637,1.901740550994873,0.0456562899053096,15.918310165405272,5.11653995513916,10.075494766235352,1.5296988487243652,0.0249613989144563,16.096080780029297
test_minutes,20260916_2320,pi,1,present,ok,51,52,6328,129.0,5848,1005,0.17185362517099864,5100,384,108.2245900488739,2.258999824523926,100,123.70955641502113,43,560.0,22.97614288330078,7.44599723815918,7.795269966125488,1.0533061027526855,0.6766436100006104,21.80397224426269,9.758153915405272,12.08127784729004,1.2280102968215942,0.0385825335979461,16.299135208129883,9.760737419128418,11.985916137695312,1.2835224866867063,0.0356165021657943,16.324270248413086,5.280318260192871,10.392363548278809,1.0325274467468262,0.0199702363461256,16.309206008911133
test_minutes,20260916_2324,pi,1,present,ok,57,59,7443,131.0,5967,335,0.05614211496564438,5700,261,124.74650137867596,0.5909998416900635,100,227.15215342624134,53,570.0,24.26141357421875,7.539255619049072,8.069489479064941,1.1979926824569702,0.6944984197616577,21.921098709106445,9.933061599731444,12.269369125366213,0.6826882362365723,0.0389128141105175,16.432815551757812,9.930878639221191,12.213719367980955,0.7271041870117188,0.0350063815712928,16.544458389282227,5.361073017120361,10.533080101013184,0.5784132480621338,0.0188690591603517,16.43596076965332
test_minutes,20260916_2325,pi,1,present,ok,38,40,4747,129.0,5878,2284,0.3885675399795849,3800,498,80.76838003583187,8.268999814987183,100,23.395277920273415,26,520.0,14.94675064086914,7.374735355377197,7.719237327575684,0.6746935248374939,0.6495478749275208,21.90781021118164,9.898116111755373,12.237674713134766,0.7603206634521484,0.0279603954404592,16.4183292388916,9.899170875549316,12.19295883178711,0.8140221238136292,0.0257901847362518,16.517410278320312,5.350210189819336,10.516942977905272,0.6792388558387756,0.0152526833117008,16.42204475402832
test_minutes,20260916_2326,pi,1,present,ok,26,28,3515,130.0,5858,3190,0.5445544554455446,2600,201,60.00853626027691,10.903000116348267,100,29.304789131290313,16,420.0,10.29885482788086,7.372366428375244,7.70753002166748,0.6732707023620605,0.6495549082756042,21.878360748291016,9.850953102111816,12.198551177978516,0.9566246867179872,0.0313368961215019,16.384254455566406,9.852389335632324,12.125326156616213,1.010417103767395,0.0284472443163394,16.45697021484375,5.325944423675537,10.46376609802246,0.8273262977600098,0.0167997665703296,16.38994026184082
test_minutes,20260916_2329,pi,1,present,ok,15,17,2246,126.0,5862,4143,0.7067553735926305,1500,191,38.31652926716685,11.288999795913696,100,32.594767799936,7,190.0,7.285275936126709,7.358432292938232,7.694185733795166,0.694866418838501,0.6495174169540405,21.707984924316406,9.586936950683594,11.92851448059082,1.6088353395462036,0.0452548786997795,16.19106101989746,9.596197128295898,11.806286811828612,1.6875046491622925,0.0430227778851985,16.10808563232422,5.190529823303223,10.202524185180664,1.3780720233917236,0.023622278124094,16.2075138092041
test_minutes,20260916_2331,pi,1,present,ok,52,54,6419,128.0,5862,1059,0.18065506653019447,5200,710,109.51682206958431,2.1570000648498535,100,73.84562478873761,44,570.0,26.877666473388672,7.491337299346924,8.04477310180664,1.1681029796600342,0.6788469552993774,21.91118049621582,9.938376426696776,12.259521484375,0.782691478729248,0.0496939867734909,16.412586212158203,9.93390941619873,12.229989051818848,0.7825608253479004,0.0429338701069355,16.53615379333496,5.360832214355469,10.51186752319336,0.6265507936477661,0.0230294838547706,16.4157657623291
test_minutes,20260916_2332,pi,1,present,ok,45,46,5625,129.0,5807,1524,0.2624418804890649,4500,435,96.87419261959553,6.259000062942505,100,80.32857837790768,31,550.0,20.067214965820312,7.429652214050293,7.773697853088379,0.9935486316680908,0.6680258512496948,21.93474769592285,9.880390167236328,12.114751815795898,0.6504206657409668,0.0333074256777763,16.445507049560547,9.878366470336914,12.036144256591797,0.6316084265708923,0.0314214713871479,16.54887580871582,5.341527938842773,10.52153491973877,0.595861554145813,0.0172825250774621,16.448017120361328
test_minutes,20260916_2333,pi,1,present,ok,33,34,4578,129.0,5894,2405,0.40804207668815745,3300,239,77.68538935710065,8.955000162124634,100,31.59060514689567,19,540.0,13.03844928741455,7.374225616455078,7.734653472900391,0.6781330108642578,0.6531590819358826,21.92578887939453,9.887890815734863,12.128494262695312,0.7499130368232727,0.0659676045179367,16.438968658447266,9.88638687133789,12.051608085632324,0.779655933380127,0.0532952025532722,16.530406951904297,5.351100444793701,10.642630577087402,0.6762212514877319,0.0293821990489959,16.441753387451172
test_minutes,20260916_2334,pi,1,present,ok,31,32,3788,128.0,5798,2900,0.5001724732666437,3100,388,65.34414349026201,10.601999998092651,100,30.219606270220698,21,480.0,12.947402954101562,7.371198654174805,7.740226745605469,0.6965826749801636,0.6534756422042847,21.882055282592773,9.805646896362305,12.02461051940918,0.9654746651649476,0.0592378787696361,16.388938903808594,9.806397438049316,11.964051246643066,1.0253357887268066,0.0503581464290618,16.445880889892578,5.308329582214356,10.385610580444336,0.8466760516166687,0.0272721890360116,16.393693923950195
test_minutes,20260916_2336,pi,1,present,ok,43,43,5347,128.0,5851,1781,0.3043924115535806,4300,527,91.3938981511119,3.624000072479248,100,30.69607379997078,29,570.0,9.426429748535156,7.349079132080078,7.691315650939941,0.6709643006324768,0.6487885117530823,21.872390747070312,9.80059051513672,12.011716842651367,0.9888173937797546,0.053232304751873,16.376792907714844,9.798395156860352,11.957282066345217,1.0497984886169434,0.0459070801734924,16.429590225219727,5.30657434463501,10.441787719726562,0.9057389497756958,0.024724893271923,16.38193702697754
test_minutes,20260916_2337,pi,1,present,ok,38,38,4666,127.5,5950,2400,0.40336134453781514,3800,481,78.4280768361679,6.290999889373779,100,33.533476562402605,23,530.0,8.228707313537598,7.359051704406738,7.718286514282227,0.6745796203613281,0.6498662233352661,21.91966819763184,9.865427017211914,12.106237411499023,0.7816908359527588,0.0573791489005088,16.42917251586914,9.86416244506836,12.02577018737793,0.8186640739440918,0.0470189750194549,16.521121978759766,5.3374505043029785,10.503166198730469,0.7127552032470703,0.0262420605868101,16.432294845581055
test_minutes,20260916_2338,pi,1,present,ok,27,27,3442,129.0,5876,3249,0.552927161334241,2700,249,58.58125123462851,10.85700011253357,100,7.625665689898701,13,390.0,8.65790843963623,7.356287479400635,7.713018417358398,0.67555832862854,0.6521273255348206,21.892824172973636,9.82054042816162,12.066411972045898,0.893564760684967,0.0581091456115245,16.399707794189453,9.819676399230955,11.99506950378418,0.9505586624145508,0.0488979779183864,16.470767974853516,5.308938026428223,10.413582801818848,0.8196685314178467,0.0275160558521747,16.40395736694336
test_minutes,20260916_2340,pi,1,present,ok,56,57,7054,129.0,5906,507,0.08584490348797832,5600,367,119.44999560277716,1.1140000820159912,100,12.518203261477797,50,570.0,4.6744232177734375,7.359463691711426,7.678119659423828,0.6618329286575317,0.6460599303245544,21.93149757385254,9.909860610961914,12.158158302307127,0.6569492220878601,0.0246963165700435,16.44209861755371,9.90781593322754,12.083364486694336,0.7032012343406677,0.0235057603567838,16.55365562438965,5.364771366119385,10.487473487854004,0.5956568717956543,0.0133670149371027,16.4443359375
test_minutes,20260916_2341,pi,1,present,ok,49,51,6017,129.0,5861,1252,0.21361542398908037,4900,451,102.663413108089,4.583000183105469,100,9.555543425963908,43,570.0,5.028679370880127,7.365270614624023,7.684203147888184,0.6629254817962646,0.6462278962135315,21.934812545776367,9.909069061279297,12.160582542419434,0.6936092972755432,0.0247359257191419,16.4465389251709,9.906678199768066,12.086042404174805,0.7408039569854736,0.0235664248466491,16.551513671875,5.36511754989624,10.49580192565918,0.6326082944869995,0.0133347688242793,16.449003219604492
test_minutes,20260916_2342,pi,1,present,ok,37,39,4820,129.0,5871,2201,0.3748935445409641,3700,432,82.10963864923167,5.878999948501587,100,49.35364336829709,24,510.0,13.514962196350098,7.3749494552612305,7.745121002197266,0.7245843410491943,0.6569449305534363,21.92658424377441,9.874881744384766,12.131407737731934,0.7834662199020386,0.0628409162163734,16.43646240234375,9.872064590454102,12.054484367370604,0.8400660157203674,0.0509668178856372,16.53229331970215,5.3387603759765625,10.469497680664062,0.6801092624664307,0.0279341600835323,16.439451217651367
test_minutes,20260916_2347,pi,1,present,ok,39,41,4604,128.0,5654,2160,0.38203042094092676,3900,610,81.44060026419623,6.33299994468689,100,15.60487706667576,29,560.0,7.530445098876953,7.34561824798584,7.676959991455078,0.6687002778053284,0.6492117047309875,21.8402156829834,9.766398429870604,11.99345588684082,1.0969680547714231,0.0493402816355228,16.336469650268555,9.76376724243164,11.930719375610352,1.153498291969299,0.0436484478414058,16.379302978515625,5.282992839813232,10.246940612792969,0.9876521229743958,0.0235723778605461,16.342864990234375
test_minutes,20260916_2351,pi,1,present,ok,41,42,5193,130.0,5840,1875,0.3210616438356164,4100,259,88.93341559737922,8.039999961853027,100,6.930079548262484,33,520.0,5.372294425964356,7.355403423309326,7.701728343963623,0.6721815466880798,0.6469724774360657,21.89033317565918,9.85655117034912,12.120935440063477,0.8722579479217529,0.0255510471761226,16.39297866821289,9.857848167419434,12.054069519042969,0.9251807928085328,0.0244671385735273,16.480815887451172,5.33705997467041,10.489435195922852,0.7841224670410156,0.0138538358733057,16.39691925048828
test_minutes,20260916_2352,pi,1,present,ok,39,41,4649,127.0,5548,2000,0.3604902667627974,3900,568,83.80200472395069,4.296000003814697,100,2.46101032929156,26,550.0,4.8389811515808105,7.3504767417907715,7.687992572784424,0.6638869643211365,0.6457185745239258,21.82543182373047,9.758136749267578,12.02324390411377,1.166428565979004,0.0268312022089958,16.32172966003418,9.76133155822754,11.953899383544922,1.2446856498718262,0.025787403807044,16.34514617919922,5.287864208221436,10.396854400634766,1.0379908084869385,0.014232768677175,16.329092025756836
test_minutes,20260916_2353,pi,1,present,ok,48,49,6189,130.0,5806,1100,0.18945918015845678,4800,327,106.60764134381047,6.130000114440918,100,4.63811696941483,38,560.0,4.221991539001465,7.350025653839111,7.664159297943115,0.6665188670158386,0.646081268787384,21.802282333374023,9.727657318115234,11.97708797454834,1.243044137954712,0.0279138516634702,16.29546356201172,9.731955528259276,11.929717063903809,1.3193403482437134,0.0271492544561624,16.300090789794922,5.270395755767822,10.366201400756836,1.1090768575668335,0.0151095343753695,16.303903579711914
test_minutes,20260916_2354,pi,1,present,ok,36,37,4946,130.0,5912,2168,0.36671177266576455,3600,304,83.66459717818583,5.713000059127808,100,6.025983931293768,17,500.0,5.357663154602051,7.360232353210449,7.695876598358154,0.6689234375953674,0.6472839713096619,21.905799865722656,9.88180160522461,12.15498161315918,0.7756285667419434,0.0252724420279264,16.40936851501465,9.882774353027344,12.07790184020996,0.8228989839553833,0.0243020709604024,16.514795303344727,5.349359512329102,10.495077133178713,0.6979944109916687,0.0135774714872241,16.412527084350586
test_minutes,20260916_2355,pi,1,present,ok,22,24,2929,129.0,5870,3656,0.6228279386712096,2200,204,49.90118568642998,11.141000032424927,100,8.304488531506104,10,330.0,4.429524421691895,7.354867935180664,7.677858352661133,0.6736905574798584,0.6468549370765686,21.86215591430664,9.812110900878906,12.08899974822998,1.0152769088745115,0.0308988746255636,16.36166763305664,9.814411163330078,12.00601577758789,1.082793354988098,0.0297898855060338,16.42038345336914,5.313068866729736,10.414005279541016,0.9092592000961304,0.0164205078035593,16.367229461669922
test_minutes,20260916_2356,pi,1,present,ok,36,37,4571,129.5,4877,1372,0.28132048390403935,3600,261,93.73141635546655,10.01199984550476,100,14.677256815288173,28,470.0,4.525534629821777,7.359656810760498,7.682366371154785,0.6660515069961548,0.6458397507667542,21.89330291748047,9.86037826538086,12.127891540527344,0.8612287044525146,0.0267932545393705,16.39592933654785,9.861839294433594,12.05544662475586,0.915511667728424,0.0256238002330064,16.4868106842041,5.337421894073486,10.434610366821287,0.7674502730369568,0.0142907267436385,16.39983558654785
test_minutes,20260916_2359,pi,1,present,ok,34,35,4396,129.0,5998,2669,0.44498166055351784,3400,429,73.29354076457226,5.64900016784668,100,10.182803812993058,20,520.0,4.792295455932617,7.371133804321289,7.726045608520508,0.668539822101593,0.6465637683868408,21.925373077392575,9.89657497406006,12.172712326049805,0.7246260643005371,0.0244447607547044,16.432077407836914,9.897045135498049,12.113547325134276,0.7760651111602783,0.0234392788261175,16.541584014892578,5.354936599731445,10.429498672485352,0.6520551443099976,0.0131374662742018,16.434852600097656
test_minutes,20260917_0002,pi,1,present,ok,42,44,5362,130.0,5853,1791,0.30599692465402356,4200,392,91.61896610444313,4.121000051498413,100,19.24993117190374,30,570.0,4.5863356590271,7.358829975128174,7.68648624420166,0.6608407497406006,0.6468477249145508,21.911888122558597,9.890470504760742,12.172273635864258,0.7215360999107361,0.0249135084450244,16.416149139404297,9.891401290893556,12.099532127380373,0.7732532024383545,0.0236014351248741,16.53016471862793,5.351077556610107,10.40791130065918,0.6510477066040039,0.013335165567696,16.41892433166504
test_minutes,20260917_0003,pi,1,present,ok,53,55,6485,130.0,5857,936,0.15980877582380057,5300,574,110.73922942509256,2.0940001010894775,100,5.133234578485442,47,570.0,4.437064170837402,7.356739044189453,7.689606666564941,0.6662784814834595,0.6459786295890808,21.85648727416992,9.805575370788574,12.09394359588623,1.0382130146026611,0.026686206459999,16.356271743774414,9.809669494628906,12.01048183441162,1.105903148651123,0.0252372846007347,16.41173553466797,5.30718994140625,10.334763526916504,0.924386501312256,0.0143434880301356,16.36207389831543
test_minutes,20260917_0008,pi,1,present,ok,42,43,5407,130.0,5904,1841,0.3118224932249323,4200,502,91.58197837895622,4.316999673843384,100,7.594850899139722,28,460.0,4.911861896514893,7.354677200317383,7.687811851501465,0.6738554239273071,0.6490551233291626,21.91567039489746,9.892936706542969,12.241143226623535,0.7514885663986206,0.0274849813431501,16.430469512939453,9.893355369567873,12.216595649719238,0.800892174243927,0.0255308281630277,16.528812408447266,5.3480143547058105,10.48813533782959,0.666537880897522,0.0148770092055201,16.433319091796875
test_minutes,20260917_0009,pi,1,present,ok,36,38,5069,130.0,5862,2030,0.3462981917434323,3600,219,86.48104571477565,7.004000186920166,100,23.670601944561014,16,440.0,4.582294464111328,7.35920524597168,7.66538143157959,0.6696193218231201,0.6463653445243835,21.904132843017575,9.873198509216309,12.210543632507324,0.8552079200744629,0.0286553297191858,16.41954231262207,9.87395477294922,12.202593803405762,0.8874847292900085,0.0264412686228752,16.50201988220215,5.338441848754883,10.44175148010254,0.7367942333221436,0.015242557041347,16.423124313354492
test_minutes,20260917_0010,pi,1,present,ok,31,33,4205,131.0,5362,2162,0.4032077582991421,3100,210,78.43393271837658,10.860000133514404,100,7.062181569881004,24,480.0,4.576306819915772,7.364170074462891,7.679400444030762,0.6637027263641357,0.6462409496307373,21.91604804992676,9.896379470825195,12.230192184448242,0.7480508089065552,0.0254447124898433,16.432632446289062,9.896662712097168,12.235173225402832,0.7756624817848206,0.0240438599139451,16.53141212463379,5.350205421447754,10.452987670898438,0.6499794721603394,0.0135352797806262,16.435367584228516
test_minutes,20260917_0014,pi,1,present,ok,54,56,6696,130.0,5819,757,0.13009108094174257,5400,518,115.07527332388611,1.1720001697540283,100,3.5927678328835206,48,560.0,4.727459907531738,7.359154224395752,7.665004730224609,0.6658321619033813,0.6486555337905884,21.870880126953125,9.83058261871338,12.168264389038086,0.9887900352478028,0.0265651252120733,16.384815216064453,9.83071517944336,12.20877456665039,1.028397798538208,0.0254917312413454,16.441665649414062,5.31508731842041,10.486103057861328,0.850757360458374,0.0141836572438478,16.389724731445312
test_minutes,20260917_0015,pi,1,present,ok,38,39,4805,130.0,5899,2272,0.38515002542803867,3800,387,81.46138830420838,7.25600004196167,100,3.1960209204237535,26,420.0,4.989089012145996,7.349701881408691,7.679330825805664,0.6718710660934448,0.647641122341156,21.739866256713867,9.63040256500244,11.940272331237791,1.4675357341766355,0.0337313339114189,16.243085861206055,9.633838653564451,11.965490341186523,1.5317823886871338,0.0322350561618804,16.17852020263672,5.214868068695068,10.28403377532959,1.2697036266326904,0.0176393296569585,16.254657745361328
test_minutes,20260917_0016,pi,1,present,ok,45,45,5453,129.0,5904,1782,0.3018292682926829,4500,491,92.36736941508333,4.451000213623047,100,12.13038434783187,39,550.0,4.657290935516357,7.340444087982178,7.655464172363281,0.6693325042724609,0.6474862694740295,21.62279510498047,9.450955390930176,11.727906227111816,1.7458922863006592,0.0346127413213253,16.115819931030273,9.457319259643556,11.74946403503418,1.8371021747589111,0.0328324362635612,15.943917274475098,5.122408866882324,10.100826263427734,1.5260775089263916,0.0181866846978664,16.133211135864258
test_minutes,20260917_0017,pi,1,present,ok,37,39,5016,130.0,5579,1785,0.3199498117942284,3700,343,89.91342040044013,5.804999828338623,100,4.066526466274861,21,430.0,4.927971839904785,7.369982719421387,7.713522911071777,0.6733336448669434,0.6481970548629761,21.88772392272949,9.864629745483398,12.200307846069336,0.8442810773849487,0.0290533229708671,16.402965545654297,9.8628568649292,12.24807834625244,0.8948882818222046,0.0271356534212827,16.484081268310547,5.330601215362549,10.544929504394531,0.743433952331543,0.0155751155689358,16.40662956237793
test_minutes,20260917_0018,pi,1,present,ok,54,55,6591,129.0,5768,737,0.1277739251040222,5400,529,114.27828357952689,1.3410000801086426,100,2.859898782572092,48,569.0,4.821180820465088,7.361533164978027,7.71525239944458,0.6710188984870911,0.6473003029823303,21.894392013549805,9.867074012756348,12.204792022705078,0.8741713762283325,0.025916188955307,16.412019729614258,9.865833282470703,12.253107070922852,0.925932765007019,0.024733543395996,16.483842849731445,5.33212947845459,10.54023551940918,0.7638617157936096,0.0139367133378982,16.415916442871094
test_minutes,20260917_0025,pi,1,present,ok,43,45,5446,129.0,5791,1694,0.29252288033154894,4300,532,94.05709703497772,6.938000202178955,100,8.713685260529635,29,230.0,5.662675380706787,7.361893177032471,7.680049896240234,0.6850734949111938,0.648039698600769,21.826704025268555,9.781445503234863,12.125114440917969,1.233689785003662,0.0386389717459678,16.32486343383789,9.787548065185549,12.09675121307373,1.2719782590866089,0.0363744571805,16.3515567779541,5.294061660766602,10.45297622680664,1.0568076372146606,0.020318154245615,16.33285903930664
test_minutes,20260917_0026,pi,1,present,ok,37,39,4537,124.0,5973,2591,0.43378536748702495,3700,617,75.95975173125103,7.091000080108643,100,21.859705098124913,26,300.0,5.068288326263428,7.339285850524902,7.6727614402771,0.6860384941101074,0.647778332233429,21.5837459564209,9.40078353881836,11.736586570739746,1.9053590297698972,0.0422286055982112,16.055927276611328,9.422642707824709,11.60234260559082,1.9505497217178345,0.0397019609808921,15.866352081298828,5.10213565826416,10.059455871582031,1.6403155326843262,0.022223288193345,16.075664520263672
test_minutes,20260917_0029,pi,1,present,ok,35,36,4235,130.0,5491,2293,0.4175924239664906,3500,479,77.13885023270554,10.865000009536743,100,5.8833527544691755,21,310.0,4.802730083465576,7.364986419677734,7.718623161315918,0.6830997467041016,0.6483853459358215,21.869855880737305,9.856778144836426,12.19366455078125,0.9854646921157836,0.0324154235422611,16.373960494995117,9.860529899597168,12.191831588745115,1.0122045278549194,0.0304108913987875,16.450910568237305,5.333298683166504,10.511215209960938,0.8454871773719788,0.0172893349081277,16.37889862060547
test_minutes,20260917_0030,pi,1,present,ok,38,38,4687,129.0,5812,2289,0.3938403303509979,3800,546,80.65321024157566,5.635999917984009,100,3.2741700690078677,20,160.0,4.455077648162842,7.350074768066406,7.662952423095703,0.6992149353027344,0.6487756967544556,21.64243507385254,9.500027656555176,11.812795639038086,1.765169382095337,0.0538438744843006,16.121646881103516,9.519973754882812,11.755648612976074,1.820422887802124,0.0507737547159194,15.985941886901855,5.151054382324219,10.142236709594728,1.5101953744888306,0.0279899127781391,16.13895034790039
test_minutes,20260917_0043,pi,1,present,ok,41,43,5113,113.0,5931,2136,0.3601416287303996,4100,813,86.21678112767236,3.807999849319458,100,5.531569652536982,25,380.0,4.68479061126709,7.352079391479492,7.684416770935059,0.6699342727661133,0.6451284885406494,21.82270812988281,9.771723747253418,12.050943374633787,1.1741788387298584,0.0301379915326833,16.329296112060547,9.77255916595459,12.114585876464844,1.2458794116973877,0.0293567888438701,16.349140167236328,5.281948089599609,10.463294982910156,1.0233465433120728,0.0159666761755943,16.33626365661621
test_minutes,20260917_0044,pi,1,present,ok,40,41,5618,129.0,5998,1766,0.294431477159053,4000,358,93.6754872251602,3.5339999198913574,100,3.479750064020089,17,200.0,4.577276229858398,7.346739292144775,7.674506187438965,0.6864660978317261,0.647075355052948,21.80934333801269,9.744388580322266,12.007100105285645,1.2195695638656616,0.0400293841958045,16.315380096435547,9.744505882263184,12.029162406921388,1.2887119054794312,0.0391864851117134,16.323747634887695,5.268978118896484,10.513360023498535,1.0664231777191162,0.0210987199097871,16.322803497314453
test_minutes,20260917_0047,pi,1,present,ok,31,33,3433,104.0,5449,2887,0.5298219856854469,3100,800,63.00238602349242,11.019999980926514,100,20.11443021200482,23,330.0,22.40747261047364,7.465468406677246,7.978689193725586,1.2263243198394775,0.6814248561859131,21.75041007995605,9.65610122680664,11.938031196594238,1.4358901977539062,0.0500730350613594,16.252504348754883,9.654282569885254,11.938350677490234,1.5008480548858645,0.0471062660217285,16.20768165588379,5.220788478851318,10.424062728881836,1.239063382148743,0.0256176572293043,16.262605667114258
test_minutes,20260917_0048,pi,1,present,ok,47,49,5997,129.0,5934,1395,0.23508594539939331,4700,590,101.07189788011591,2.187999963760376,100,13.322172418979592,27,180.0,4.806442737579346,7.322563648223877,7.640883445739746,0.6913625001907349,0.6494441628456116,21.54163932800293,9.31161403656006,11.55246639251709,1.9911044836044312,0.0523666329681873,16.033409118652344,9.31662940979004,11.450254440307615,2.110063314437866,0.0513721667230129,15.781024932861328,5.05185079574585,10.071100234985352,1.6708698272705078,0.0272229574620723,16.052955627441406
test_minutes,20260917_0050,pi,1,present,ok,29,30,3648,125.0,5890,3150,0.534804753820034,2900,518,61.94179367494059,10.544999837875366,100,20.221246541448714,13,100.0,4.082216262817383,7.167000770568848,7.5002121925354,0.6913647651672363,0.6568319797515869,19.43303680419922,6.032060623168945,8.223093032836914,0.1520851105451584,0.1049308776855468,14.10902214050293,6.074443817138672,8.466314315795898,0.1736829429864883,0.1039398163557052,12.162492752075195,3.402963876724243,7.740425109863281,0.1279392540454864,0.0534524321556091,14.10902214050293
test_minutes,20260917_0051,pi,1,present,ok,22,23,2938,128.5,5779,3567,0.617234815712061,2200,240,50.841884905016165,15.379999876022339,100,14.111494085233426,11,120.0,4.708685874938965,7.32980489730835,7.6373772621154785,0.7047039866447449,0.6476280093193054,21.599872589111328,9.399457931518556,11.628787994384766,1.876072883605957,0.0641718953847885,16.092464447021484,9.40532684326172,11.569339752197266,1.972190737724304,0.0615248121321201,15.90212631225586,5.0950446128845215,10.191576957702637,1.5701425075531006,0.033862791955471,16.110036849975586
test_minutes,20260917_0053,pi,1,present,ok,43,45,5762,129.0,5865,1572,0.2680306905370844,4300,575,98.25722185354569,2.11899995803833,100,8.250592468882228,25,260.0,4.975653171539307,7.348484992980957,7.656590461730957,0.6785656809806824,0.6460384726524353,21.860248565673828,9.795358657836914,12.058756828308104,1.0383952856063845,0.0369102545082569,16.36951446533203,9.794452667236328,12.055455207824709,1.0935556888580322,0.0352211035788059,16.433080673217773,5.294129371643066,10.52985954284668,0.8500391244888306,0.0199544187635183,16.374303817749023
test_minutes,20260917_0057,pi,1,present,ok,49,50,6460,128.0,5997,1153,0.19226279806569951,4900,533,107.7241192186243,0.8980000019073486,100,8.458883799687312,30,180.0,4.586664199829102,7.342889308929443,7.68210506439209,0.7030869126319885,0.650341808795929,21.6742000579834,9.506280899047852,11.699318885803224,1.6951899528503418,0.0492404960095882,16.169809341430664,9.514396667480469,11.700103759765623,1.7723089456558228,0.0473341532051563,16.05743980407715,5.146363258361816,10.274248123168944,1.4082424640655518,0.0257871728390455,16.18355941772461
test_minutes,20260917_0058,pi,1,present,ok,27,28,3227,128.0,5626,3192,0.5673658016352648,2700,462,57.35869179784954,16.05299997329712,100,23.725490931479975,17,140.0,4.980708122253418,7.329283714294434,7.656431198120117,0.7025222778320312,0.6488540172576904,21.454465866088867,9.158366203308104,11.326375961303713,2.173298120498657,0.0623591989278793,15.942487716674805,9.171029090881348,11.250624656677246,2.2613942623138428,0.0612198486924171,15.615604400634766,4.975309371948242,9.929292678833008,1.7943484783172607,0.0318895876407623,15.962977409362791
test_minutes,20260917_0059,pi,1,present,ok,9,11,1299,116.0,4274,3303,0.772812353766963,900,200,30.393074566130622,16.45299983024597,100,725.5932751110639,4,60.0,22.754249572753903,7.480408668518066,8.710135459899902,1.4944963455200195,0.6955439448356628,20.654878616333008,8.028368949890137,9.940755844116213,2.55761194229126,0.1779790669679641,15.160111427307127,8.077317237854004,9.911084175109863,2.7217297554016118,0.1706477403640747,14.132636070251465,4.372521877288818,9.119256973266602,2.240614891052246,0.0859402194619178,15.210765838623049
test_minutes,20260917_0101,pi,1,present,ok,45,47,5493,120.0,5974,1873,0.31352527619685305,4500,836,91.95767909367731,4.684999942779541,100,31.569732435677523,34,290.0,4.769460678100586,7.356616020202637,7.672194957733154,0.67881178855896,0.6458611488342285,21.83230781555176,9.746637344360352,11.954259872436523,1.21804940700531,0.0363526903092861,16.340763092041016,9.748534202575684,11.967519760131836,1.2499573230743408,0.0340224765241146,16.369407653808594,5.266323566436768,10.484764099121094,0.99863600730896,0.0195316709578037,16.347137451171875
test_minutes,20260917_0103,pi,1,present,ok,32,33,3813,128.0,5072,2190,0.431782334384858,3200,544,75.18337396437342,7.81499981880188,100,22.386218028093992,19,110.0,4.646815776824951,7.216244697570801,7.542954444885254,0.7078914046287537,0.654807984828949,20.052963256835938,6.96922492980957,8.906362533569336,2.3736472129821777,0.117603413760662,14.619544982910156,7.049808502197266,9.023334503173828,2.417521715164185,0.1146041750907898,13.098958015441896,3.8881192207336426,8.370959281921387,1.9565813541412356,0.0581600181758403,14.668816566467283
test_minutes,20260917_0105,pi,1,present,ok,44,45,5908,129.0,5991,1601,0.2672341846102487,4400,493,98.6195272191441,2.2139999866485596,100,21.108178648067994,19,300.0,4.638081073760986,7.363023281097412,7.674910068511963,0.6770378351211548,0.6476076245307922,21.847339630126957,9.765568733215332,11.98342227935791,1.1624914407730105,0.0355598740279674,16.356958389282227,9.76905918121338,11.996537208557127,1.1726759672164917,0.0335181839764118,16.39830780029297,5.277339458465576,10.523859024047852,0.9533796310424804,0.0191208459436893,16.362722396850586
test_minutes,20260917_0106,pi,1,present,ok,42,42,5265,128.0,5785,1847,0.31927398444252375,4200,510,91.02382350723597,8.80299973487854,100,28.22512679212987,26,200.0,4.643561840057373,7.3517866134643555,7.652082920074463,0.6908344626426697,0.6495804786682129,21.70404815673828,9.539073944091797,11.706074714660645,1.6892192363739014,0.0478508323431015,16.205867767333984,9.550384521484377,11.671321868896484,1.6985241174697876,0.0447845831513404,16.1054744720459,5.165566444396973,10.328285217285156,1.399772882461548,0.0251837112009525,16.21881675720215
test_minutes,20260917_0108,pi,1,present,ok,14,16,1784,114.5,5577,4223,0.7572171418325264,1400,274,31.988524443908755,15.110000133514404,100,28.25463255517264,6,90.0,3.816944360733032,7.307374477386475,7.633882522583008,0.7173488140106201,0.6510211229324341,21.14688491821289,8.671219825744629,10.692120552062988,2.548999547958374,0.0906217619776725,15.634652137756348,8.707589149475098,10.60023307800293,2.5800905227661133,0.0876480340957641,15.024344444274902,4.734262943267822,9.545233726501465,2.122076749801636,0.0458201356232166,15.656597137451172
test_minutes,20260917_0110,pi,0,empty,ok,40,42,5183,130.0,5892,1993,0.338255261371351,4000,485,87.98166682139659,9.483000040054321,100,15.681889193213502,28,190.0,11.891165733337402,7.354889869689941,7.7125654220581055,0.7053698301315308,0.6510661840438843,21.768762588500977,9.667928695678713,11.790936470031738,1.3746180534362793,0.0458188019692897,16.27129554748535,9.675932884216309,11.835250854492188,1.3514574766159058,0.0441209450364112,16.249923706054688,5.227263450622559,10.40995979309082,1.1851887702941897,0.0233048964291811,16.280447006225586
test_minutes,20260917_0111,pi,0,empty,ok,50,52,6137,125.5,5994,1447,0.24140807474140807,5000,884,102.39596887305305,1.0290000438690186,100,2.2464912371176613,33,360.0,4.785913944244385,7.350883483886719,7.666272163391113,0.6784171462059021,0.6473020911216736,21.853269577026367,9.787684440612791,11.969051361083984,1.0744414329528809,0.0294773392379283,16.361270904541016,9.791910171508787,11.95748805999756,1.090137243270874,0.0283675193786621,16.417890548706055,5.288997650146484,10.5162353515625,0.9056097269058228,0.0155183561146259,16.366445541381836
test_minutes,20260917_0112,pi,0,empty,ok,46,48,5887,130.5,5883,1508,0.25633180350161483,4600,648,100.08330381896336,2.491000175476074,100,5.79076256307815,31,350.0,5.22398042678833,7.344511985778809,7.666251182556152,0.6860330104827881,0.6476637721061707,21.719593048095703,9.569937705993652,11.664112091064451,1.5966136455535889,0.0347861722111702,16.22066307067871,9.584114074707031,11.690303802490234,1.6180137395858765,0.032795563340187,16.141952514648438,5.180471897125244,10.313737869262695,1.3443235158920288,0.0182432606816291,16.232725143432617
test_minutes,20260917_0113,pi,0,empty,ok,35,35,4683,131.0,5635,2145,0.38065661047027505,3500,390,83.10559020276072,6.557000160217285,100,10.421856133664525,19,150.0,4.878972053527832,7.343247413635254,7.658190727233887,0.6983500719070435,0.6482105255126953,21.727813720703125,9.58419418334961,11.682433128356934,1.562363862991333,0.0493325404822826,16.228740692138672,9.597665786743164,11.696494102478027,1.5773574113845823,0.0470126643776893,16.159238815307617,5.1873779296875,10.3274507522583,1.3243181705474854,0.0253891237080097,16.24032974243164
test_minutes,20260917_0114,pi,0,empty,ok,35,36,4400,128.0,5393,2110,0.39124791396254405,3500,561,81.59783416199078,4.73199987411499,100,22.704866648973585,17,310.0,4.548545837402344,7.351417541503906,7.670800685882568,0.6841312646865845,0.647584080696106,21.77494430541992,9.66011905670166,11.783167839050291,1.4103556871414185,0.0352137982845306,16.27784538269043,9.670269012451172,11.776641845703123,1.4246424436569214,0.034208208322525,16.254898071289062,5.225060939788818,10.389406204223633,1.194643497467041,0.0184918846935033,16.287067413330078
test_minutes,20260917_0115,pi,0,empty,ok,36,37,4603,130.0,5977,2536,0.4242931236406224,3600,585,77.01961054649796,5.658999919891357,100,19.950353043459764,22,150.0,4.573888778686523,7.2359619140625,7.55174446105957,0.6992398500442505,0.6520886421203613,20.348676681518555,7.391897678375244,9.168852806091309,2.572955369949341,0.0980299636721611,14.882099151611328,7.503878116607666,9.265134811401367,2.6100518703460693,0.0910175889730453,13.586878776550291,4.09374475479126,8.631702423095703,2.189846992492676,0.0484998449683189,14.938575744628906
test_minutes,20260917_0116,pi,0,empty,ok,30,32,3860,129.0,5639,2750,0.48767511970207483,3000,436,68.46156549549097,11.110000133514404,100,10.01293524598909,16,200.0,4.175409317016602,7.327310085296631,7.63124418258667,0.6920497417449951,0.6499135494232178,21.485610961914062,9.19900894165039,11.19208812713623,2.1021623611450195,0.051456157118082,15.974328994750977,9.230057716369627,11.204856872558594,2.119434356689453,0.0483837574720382,15.673824310302734,4.995419979095459,9.99435043334961,1.7936768531799316,0.026259085163474,15.996129989624023
test_minutes,20260917_0117,pi,0,empty,ok,20,20,2544,130.0,5022,3127,0.6226602947033054,2000,212,50.665179746109,11.10099983215332,100,1.0094025036454557,10,132.0,4.774827480316162,7.303855419158935,7.618556976318359,0.7026162147521973,0.6505501866340637,21.23321914672852,8.802404403686523,10.713043212890623,2.4365909099578857,0.0698123127222061,15.719066619873049,8.852879524230957,10.775819778442385,2.457603693008423,0.0666517540812492,15.19027328491211,4.797082901000977,9.60869026184082,2.070516586303711,0.0352463386952877,15.738566398620604
test_minutes,20260917_0118,pi,0,empty,ok,44,45,5626,130.0,5972,1766,0.2957133288680509,4400,537,94.21576181896903,4.452999830245972,100,2.376094793147129,29,230.0,4.607839584350586,7.340542316436768,7.672569751739502,0.6883400678634644,0.6481256484985352,21.69524383544922,9.53947639465332,11.593276023864746,1.6422494649887085,0.0411687716841697,16.19333839416504,9.556081771850586,11.571908950805664,1.6659069061279297,0.0392480082809925,16.097633361816406,5.164928913116455,10.269683837890623,1.3993794918060305,0.0211888812482357,16.206371307373047
test_minutes,20260917_0119,pi,0,empty,ok,39,41,4920,129.0,5673,1987,0.35025559668605677,3900,545,86.74036078004997,8.032999992370605,100,4.395165510987991,23,170.0,4.534581184387207,7.346973896026611,7.673924446105957,0.6910235285758972,0.647752046585083,21.7562255859375,9.629668235778809,11.69044303894043,1.482506513595581,0.045178435742855,16.259111404418945,9.643402099609377,11.715250015258787,1.5019549131393433,0.043536651879549,16.216880798339844,5.210263729095459,10.34164810180664,1.254751443862915,0.0231741871684789,16.2694034576416
test_minutes,20260917_0120,pi,0,empty,ok,28,30,3792,131.0,4759,1928,0.40512712754780417,2800,378,79.69567669564847,11.353000164031982,100,9.918667316142614,14,340.0,4.583619117736816,7.279521942138672,7.597267150878906,0.6871976852416992,0.6506572961807251,20.932092666625977,8.318692207336426,10.103745460510254,2.6482532024383545,0.0620980896055698,15.421392440795898,8.391810417175293,10.223743438720703,2.690624237060547,0.0579462870955467,14.628304481506348,4.556363582611084,9.26780891418457,2.2458934783935547,0.0312148313969373,15.462985038757324
test_minutes,20260917_0121,pi,0,empty,ok,45,45,5363,128.0,5997,2026,0.3378355844588961,4500,798,89.43699555056556,3.677000045776367,100,9.07644769272204,26,210.0,5.449800968170166,7.344001770019531,7.649693012237549,0.6874531507492065,0.6468992233276367,21.796772003173828,9.693138122558594,11.767034530639648,1.3467192649841309,0.0390788502991199,16.302417755126953,9.704076766967772,11.798486709594728,1.365608811378479,0.0378387346863746,16.297258377075195,5.241734027862549,10.39206600189209,1.135521411895752,0.020391546189785,16.31078338623047
test_minutes,20260917_0122,pi,0,empty,ok,33,35,3922,126.0,5843,2938,0.5028238918363854,3300,645,67.13339380948472,12.410000085830688,100,11.788484690052577,20,250.0,4.735198974609375,7.329036712646484,7.658322334289551,0.6879055500030518,0.648777425289154,21.51697540283203,9.239933013916016,11.174013137817385,2.0780935287475586,0.0477375909686088,16.006086349487305,9.27139377593994,11.255610466003418,2.1050918102264404,0.0452595055103302,15.728788375854492,5.015634536743164,10.028541564941406,1.750322341918945,0.0247389916330575,16.028459548950195
test_minutes,20260917_0123,pi,0,empty,ok,15,17,1852,114.0,4749,3351,0.7056222362602653,1500,305,39.003432970471266,12.460000038146973,100,15.083800003413103,8,80.0,3.917050361633301,7.314085960388184,7.653749465942383,0.722191333770752,0.6529913544654846,21.27755546569824,8.860185623168945,10.692094802856444,2.409617185592652,0.0882221087813377,15.766888618469238,8.910884857177734,10.817928314208984,2.4423635005950928,0.084111250936985,15.271458625793455,4.8264899253845215,9.663997650146484,2.0412306785583496,0.0444577001035213,15.786714553833008
test_minutes,20260917_0124,pi,0,empty,ok,21,22,2740,131.0,4585,2575,0.5616139585605234,2100,306,59.770516110640614,10.034000158309937,100,0.6530869116104129,9,170.0,5.003238677978516,7.334064960479736,7.647626876831055,0.6934710741043091,0.6494619846343994,21.62388038635254,9.417272567749023,11.375073432922363,1.8513716459274288,0.0503088645637035,16.118623733520508,9.441039085388184,11.419954299926758,1.8714184761047363,0.0474585816264152,15.949877738952637,5.104400157928467,10.164558410644531,1.5616331100463867,0.0257299523800611,16.135547637939453
test_minutes,20260917_0125,pi,0,empty,ok,44,45,5572,128.5,5930,1794,0.30252951096121417,4400,639,93.96923906573016,2.9769999980926514,100,7.250914856731249,23,350.0,4.571284294128418,7.353925704956055,7.676446914672852,0.6743720769882202,0.6464839577674866,21.88570213317871,9.839485168457031,11.976592063903809,0.8976788520812988,0.029789499938488,16.39490509033203,9.843669891357422,11.987732887268066,0.9074649214744568,0.0284825284034013,16.482995986938477,5.314043045043945,10.509475708007812,0.7627089023590088,0.0157682970166206,16.39848518371582
test_minutes,20260917_0126,pi,0,empty,ok,51,52,6421,128.0,5992,1232,0.205607476635514,5100,635,107.17564384785851,2.368000030517578,100,8.264998064798652,37,350.0,5.003510475158691,7.347935676574707,7.651852130889893,0.6760869026184082,0.6478320360183716,21.829326629638672,9.749977111816406,11.84428882598877,1.1883575916290283,0.0306528620421886,16.3358097076416,9.757678985595703,11.840237617492676,1.204615354537964,0.0295979101210832,16.368453979492188,5.269635677337647,10.43636703491211,1.0032260417938232,0.0160767342895269,16.34225845336914
test_minutes,20260917_0127,pi,0,empty,ok,40,40,4847,123.0,5957,2353,0.3949974819540037,4000,638,81.37738821817457,9.759999990463257,100,14.810867577308457,28,170.0,4.756031513214111,7.321981430053711,7.655097007751465,0.6967438459396362,0.6494467258453369,21.49161529541016,9.207024574279783,11.163982391357422,2.0922951698303223,0.0541881099343299,15.97931957244873,9.24068832397461,11.207728385925291,2.1112451553344727,0.0514207668602466,15.685770988464355,4.99863338470459,10.001058578491213,1.7735700607299805,0.0274630766361951,16.001869201660156
test_minutes,20260917_0128,pi,0,empty,ok,31,32,3744,120.0,5509,2718,0.49337447812670177,3100,492,67.96892035229665,10.259000062942505,100,2.0563379379165374,18,160.0,4.945773124694824,7.334089279174805,7.666750431060791,0.6973166465759277,0.6511455774307251,21.58921241760254,9.361425399780272,11.355083465576172,1.9042942523956297,0.0523090474307537,16.082233428955078,9.388894081115724,11.398099899291992,1.9323426485061648,0.0502173826098442,15.878689765930176,5.075674057006836,10.12876796722412,1.619887113571167,0.027156013995409,16.100976943969727
test_minutes,20260917_0129,pi,0,empty,ok,29,31,3207,100.0,4661,2291,0.4915254237288136,2900,768,68.80940614621477,11.830000400543213,100,1.2020942051985388,19,357.0,4.759748935699463,7.350717544555664,7.677006721496582,0.6822836399078369,0.6488971710205078,21.84811782836914,9.775763511657717,11.91671371459961,1.1103461980819702,0.0316507518291473,16.353511810302734,9.782939910888672,11.84634017944336,1.1148909330368042,0.0303867328912019,16.40496253967285,5.282868385314941,10.492637634277344,0.936159610748291,0.0168554037809371,16.35917854309082
test_minutes,20260917_0130,pi,0,empty,ok,46,47,5952,130.0,5967,1488,0.24937154348919055,4600,467,99.75864837381098,2.865999937057495,100,8.776627164576059,26,230.0,5.657222747802734,7.343190193176269,7.656981945037842,0.6836071014404297,0.6475955843925476,21.811279296875,9.714472770690918,11.850557327270508,1.2800999879837036,0.0373266860842704,16.314250946044922,9.724231719970703,11.766546249389648,1.300538420677185,0.0360236540436744,16.328020095825195,5.25260591506958,10.44894027709961,1.0786538124084473,0.0193924512714147,16.322052001953125
test_minutes,20260917_0131,pi,0,empty,ok,45,46,5780,130.0,5907,1583,0.2679871339089216,4500,508,97.85332186086872,2.928999662399292,100,19.909080684137518,27,140.0,5.020620822906494,7.334576606750488,7.664656639099121,0.6985591650009155,0.6492199897766113,21.642168045043945,9.447096824645996,11.525370597839355,1.790522217750549,0.0537272617220878,16.134469985961914,9.469810485839844,11.492020606994627,1.808038592338562,0.051567830145359,15.988553047180176,5.118910789489746,10.203332901000977,1.5101089477539062,0.0273294541984796,16.15097999572754
test_minutes,20260917_0132,pi,0,empty,ok,17,19,2009,127.0,5063,3550,0.7011653170057278,1700,395,39.685518326595556,13.504999876022339,100,1.4888101290361955,8,90.0,4.164826393127441,7.312009811401367,7.636131286621094,0.7188218832015991,0.6514433026313782,21.34795188903809,8.987918853759766,10.92778491973877,2.2931203842163086,0.0795015171170234,15.830187797546388,9.028375625610352,10.963509559631348,2.326924085617065,0.075126439332962,15.41292953491211,4.888028621673584,9.79875659942627,1.931978702545166,0.0404174402356147,15.851672172546388
test_minutes,20260917_0133,pi,0,empty,ok,20,21,2507,122.5,5760,3874,0.6725694444444444,2000,298,43.52883973330021,11.759000062942505,100,24.462450954411736,9,100.0,4.714687347412109,7.161771774291992,7.485698699951172,0.6894883513450623,0.6543784737586975,19.448999404907227,6.003237247467041,8.160590171813965,0.1238074004650116,0.0991835594177246,14.134002685546877,6.17524528503418,8.595690727233887,0.1241183057427406,0.091142788529396,12.167224884033203,3.3909249305725098,7.575936317443848,0.1052307039499282,0.0482772849500179,14.134002685546877
test_minutes,20260917_0134,pi,0,empty,ok,53,55,6028,115.0,5939,1536,0.2586293988887018,5300,1045,101.51053349368107,2.25600004196167,100,17.18815631625973,43,350.0,4.881295680999756,7.349308967590332,7.686738967895508,0.6863656640052795,0.6487735509872437,21.83112525939941,9.75008773803711,11.907343864440918,1.1754794120788574,0.0309364404529333,16.334156036376953,9.757637977600098,11.806960105895996,1.2025638818740845,0.0294612254947423,16.37257194519043,5.270391464233398,10.494436264038086,0.9965801239013672,0.0163942333310842,16.340797424316406
test_minutes,20260917_0135,pi,0,empty,ok,38,39,4773,130.0,5984,2395,0.4002339572192513,3800,568,79.7733654002975,5.690000057220459,100,28.77549283941064,19,160.0,4.239351272583008,7.343950271606445,7.65993595123291,0.6917678713798523,0.6490017771720886,21.75718307495117,9.63321590423584,11.76413345336914,1.4481624364852903,0.0461371690034866,16.255496978759766,9.645766258239746,11.693310737609863,1.4938315153121948,0.0436769723892211,16.22333526611328,5.211846351623535,10.387344360351562,1.2304528951644895,0.0239384230226278,16.265979766845703
test_minutes,20260917_0136,pi,0,empty,ok,39,40,4548,122.0,5955,2520,0.42317380352644834,3900,690,76.3727960309276,6.379999876022339,100,13.67057904538147,25,230.0,4.901782989501953,7.34673261642456,7.65605354309082,0.6839525699615479,0.6480329036712646,21.83655548095703,9.76231575012207,11.929471015930176,1.132028102874756,0.0356272533535957,16.339256286621094,9.769179344177246,11.821433067321776,1.1612329483032229,0.0342245139181613,16.387880325317383,5.276401996612549,10.507838249206545,0.9639461040496826,0.0187678188085556,16.345460891723633
test_minutes,20260917_0137,pi,0,empty,ok,43,44,5481,131.0,5915,1830,0.30938292476754015,4300,551,92.6736893703211,3.434000015258789,100,3.5692217952904484,23,270.0,4.449845314025879,7.345019817352295,7.656391620635986,0.6790172457695007,0.648867666721344,21.7790641784668,9.672828674316406,11.805529594421388,1.3627880811691284,0.035311721265316,16.27763557434082,9.683646202087402,11.741691589355469,1.3925750255584717,0.033129509538412,16.273094177246094,5.231564998626709,10.422731399536133,1.149933099746704,0.0185908004641532,16.286771774291992
test_minutes,20260917_0138,pi,0,empty,ok,46,48,6020,129.5,5745,1243,0.2163620539599652,4600,556,104.79041924517693,1.5130000114440918,100,6.899688374332641,28,240.0,4.906816005706787,7.347898006439209,7.672399520874023,0.6825743913650513,0.6478928923606873,21.80804252624512,9.72005844116211,11.86917781829834,1.2451481819152832,0.0359289720654487,16.30817413330078,9.728796005249023,11.791190147399902,1.2769951820373535,0.0342680998146534,16.332582473754883,5.255283355712891,10.470331192016602,1.0525076389312744,0.0188248325139284,16.315753936767578
test_minutes,20260917_0139,pi,0,empty,ok,37,37,4486,127.0,5372,2054,0.38235294117647056,3700,574,83.52106650160057,4.620999813079834,100,2.751026506011653,22,240.0,4.623330116271973,7.339773178100586,7.668364524841309,0.686428427696228,0.6481755971908569,21.6771240234375,9.510066986083984,11.617300987243652,1.6774183511734009,0.0410279743373394,16.16746711730957,9.52744483947754,11.612669944763184,1.717186450958252,0.0390794873237609,16.063745498657227,5.150124549865723,10.272039413452148,1.4189364910125732,0.0212335214018821,16.182191848754883
test_minutes,20260917_0140,pi,0,empty,ok,42,44,5601,129.0,5968,1776,0.2975871313672922,4200,374,93.86311811345954,7.743000030517578,100,1.2183451030737362,24,200.0,5.502913475036621,7.347265720367432,7.663761615753174,0.6871492266654968,0.646686315536499,21.82207489013672,9.737080574035645,11.928720474243164,1.2017756700515747,0.0388421714305877,16.32198715209961,9.74514389038086,11.8594970703125,1.240204095840454,0.0369798131287097,16.355016708374023,5.264699459075928,10.471474647521973,1.022592306137085,0.0202077999711036,16.32925796508789
test_minutes,20260917_0141,pi,0,empty,ok,33,35,4265,131.0,5997,2858,0.4765716191429048,3300,518,71.12007858744532,8.58400011062622,100,5.053250728055921,22,250.0,4.611845970153809,7.329709529876709,7.660744667053223,0.6873835325241089,0.6486994624137878,21.498519897460938,9.232004165649414,11.329672813415527,2.0449953079223637,0.0457261204719543,15.976117134094238,9.260318756103516,11.306631088256836,2.09584379196167,0.0433387644588947,15.702508926391602,5.010409832000732,10.030990600585938,1.7323338985443115,0.0235295034945011,15.999329566955566
test_minutes,20260917_0142,pi,0,empty,ok,46,46,5234,128.5,5865,1955,0.3333333333333333,4600,835,89.24582661280725,2.757999897003174,100,1.692068347110456,32,210.0,5.253220081329346,7.352437973022461,7.702454566955566,0.6866064071655273,0.6468117237091064,21.776657104492188,9.670607566833496,11.850807189941406,1.354252576828003,0.0392061993479728,16.271730422973633,9.681211471557615,11.81496810913086,1.3881243467330933,0.0371633619070053,16.267404556274414,5.231926918029785,10.396282196044922,1.1566996574401855,0.0204398203641176,16.281312942504883
test_minutes,20260917_0143,pi,0,empty,ok,22,23,2600,115.0,4931,2988,0.6059622794564997,2200,503,52.731919042342405,13.045000314712524,100,43.67098685142398,15,180.0,5.928554534912109,7.3556928634643555,7.677063941955566,0.6975208520889282,0.6493245363235474,21.80983543395996,9.717695236206056,11.926732063293455,1.2632167339324951,0.0420755892992019,16.308149337768555,9.72600269317627,11.87112808227539,1.2974767684936523,0.0402755998075008,16.326662063598633,5.256438732147217,10.43008518218994,1.065259575843811,0.0220563597977161,16.316373825073242
test_minutes,20260917_0144,pi,0,empty,ok,42,43,5199,119.5,5833,1957,0.3355048859934853,4200,684,89.13386356260567,4.190999984741211,100,2.6729224744279154,26,240.0,5.426106929779053,7.353432655334473,7.70977783203125,0.6933024525642395,0.6488773226737976,21.789045333862305,9.682406425476074,11.882820129394531,1.356683373451233,0.0368942655622959,16.28626823425293,9.692266464233398,11.851910591125488,1.3862528800964355,0.0347897224128246,16.28046417236328,5.238987445831299,10.374088287353516,1.1516169309616089,0.0192068200558424,16.29579734802246
test_minutes,20260917_0145,pi,0,empty,ok,35,36,4540,130.0,5911,2574,0.43545931314498393,3500,563,76.81505147623429,4.213000059127808,100,36.09471729084014,16,310.0,4.856788635253906,7.336879730224609,7.696402549743652,0.6923012733459473,0.6491783857345581,21.568687438964844,9.340093612670898,11.5188570022583,1.9307390451431277,0.0404641665518283,16.048913955688477,9.363080978393556,11.450325965881348,1.9730892181396484,0.0383438766002655,15.83633804321289,5.066395282745361,10.076944351196287,1.6335909366607666,0.0210185684263706,16.070249557495117
test_minutes,20260917_0146,pi,0,empty,ok,48,50,5835,130.0,5998,1629,0.2715905301767256,4800,783,97.28729346558782,2.4819998741149902,100,2.3432077914410394,35,180.0,5.039778709411621,7.360919952392578,7.701709747314453,0.6911889314651489,0.6485292315483093,21.810630798339844,9.719544410705566,11.954879760742188,1.2770521640777588,0.0417002700269222,16.30821418762207,9.727867126464844,11.901467323303224,1.2895407676696775,0.0392901040613651,16.3273868560791,5.2584004402160645,10.41262149810791,1.0711190700531006,0.0215957853943109,16.31649398803711
test_minutes,20260917_0147,pi,0,empty,ok,45,47,5455,124.0,5953,1915,0.3216865445993617,4500,835,91.6390882212186,3.8450002670288086,100,2.7856548002153403,31,310.0,4.795654296875,7.351849555969238,7.6942267417907715,0.6870370507240295,0.6487627029418945,21.74632453918457,9.625303268432615,11.8714599609375,1.476194143295288,0.034926738590002,16.237241744995117,9.637131690979004,11.794085502624512,1.4919633865356443,0.0328016020357608,16.205137252807617,5.210331916809082,10.322624206542969,1.2440664768218994,0.0181689895689487,16.248672485351562
test_minutes,20260917_0148,pi,0,empty,ok,33,34,4393,131.0,5903,2614,0.44282568185668303,3300,380,74.42230791050169,6.871999979019165,100,8.736535126068057,13,150.0,4.746986389160156,7.353667259216309,7.701513290405273,0.6968549489974976,0.6494481563568115,21.72793197631836,9.592535018920898,11.839038848876951,1.5420799255371094,0.0483878850936889,16.217866897583008,9.606061935424805,11.73678970336914,1.5678526163101196,0.0465477257966995,16.161184310913086,5.194086074829102,10.286003112792969,1.3037941455841064,0.0249880477786064,16.23061752319336
test_minutes,20260917_0149,pi,0,empty,ok,41,42,5105,128.0,5680,1852,0.326056338028169,4100,574,89.88625535492015,3.501000165939331,100,8.42467799069601,23,260.0,5.212573528289795,7.3628082275390625,7.7498369216918945,0.6891043186187744,0.6484476923942566,21.85527610778809,9.793453216552734,12.057514190673828,1.0686973333358765,0.0341060832142829,16.35480499267578,9.798835754394531,11.997257232666016,1.085429310798645,0.0328707844018936,16.42087745666504,5.295446395874023,10.485397338867188,0.9042515754699708,0.0178954936563968,16.360610961914062
test_minutes,20260917_0150,pi,0,empty,ok,37,39,4560,126.0,5473,2032,0.371277178878129,3700,549,83.31962967050025,8.254999876022339,100,4.580664469123815,21,160.0,5.521872520446777,7.365797996520996,7.725345611572266,0.7001370191574097,0.6499421000480652,21.79769515991211,9.696308135986328,11.956894874572754,1.3463913202285769,0.0454402044415473,16.293176651000977,9.706360816955566,11.878591537475586,1.3679540157318115,0.0439125299453735,16.293920516967773,5.246486186981201,10.409123420715332,1.1316615343093872,0.0236459299921989,16.302614212036133
test_minutes,20260917_0151,pi,0,empty,ok,39,39,4704,129.0,5976,2480,0.4149933065595716,3900,670,78.71485945031264,4.952000141143799,100,3.5570740041161715,21,250.0,5.20050573348999,7.3621721267700195,7.712337017059326,0.6908055543899536,0.6486430168151855,21.822397232055664,9.74250602722168,12.017892837524414,1.2236841917037964,0.0351231098175048,16.319257736206055,9.74932098388672,11.937368392944336,1.240971326828003,0.0332673266530036,16.35320281982422,5.2696614265441895,10.47418975830078,1.037808895111084,0.0185004509985446,16.32699966430664
test_minutes,20260917_0152,pi,0,empty,ok,36,38,4518,127.5,5970,2574,0.4311557788944724,3600,514,75.68092739228112,9.758000135421753,100,10.862697228887908,20,160.0,5.132391452789307,7.361597061157227,7.733702659606934,0.7079651355743408,0.6512055397033691,21.79625129699707,9.696558952331545,11.978364944458008,1.348020076751709,0.0451247803866863,16.290937423706055,9.704578399658203,11.8623685836792,1.358365535736084,0.0428206473588943,16.29336166381836,5.246402263641357,10.43517017364502,1.1406114101409912,0.0232853759080171,16.300479888916016
test_minutes,20260917_0153,pi,0,empty,ok,34,34,4037,122.0,5868,2805,0.4780163599182004,3400,489,68.79803689264534,11.771000146865845,100,4.358019876367987,22,140.0,4.031339168548584,7.331339836120605,7.658598899841309,0.7043683528900146,0.6512677669525146,21.48606300354004,9.210515975952148,11.393946647644045,2.101327896118164,0.0589494854211807,15.959380149841309,9.234067916870115,11.225564002990724,2.1045656204223637,0.055596075952053,15.667985916137695,5.00040340423584,9.91990089416504,1.7729227542877195,0.030534328892827,15.980979919433594
test_minutes,20260917_0154,pi,0,empty,ok,42,44,5128,123.5,5660,1864,0.32932862190812723,4200,784,90.60871097106924,4.411999940872192,100,7.016616245468741,30,480.0,4.958529472351074,7.36247444152832,7.693633079528809,0.6700660586357117,0.648324728012085,21.8998966217041,9.867865562438965,12.173720359802246,0.832145631313324,0.0254667270928621,16.401309967041016,9.870802879333496,12.11370849609375,0.8348284363746643,0.0240821875631809,16.511396408081055,5.332277774810791,10.581188201904297,0.7080687284469604,0.0135980295017361,16.40481185913086
test_minutes,20260917_0155,pi,0,empty,ok,47,48,6366,130.0,5949,1185,0.19919314170448815,4700,415,107.01677694698273,1.002000093460083,100,2.918078862131404,28,190.0,5.429751873016357,7.346498489379883,7.6601948738098145,0.6895113587379456,0.6489608883857727,21.791065216064453,9.697837829589844,11.992098808288574,1.343483328819275,0.0422596037387847,16.282011032104492,9.70518684387207,11.910321235656738,1.3650398254394531,0.0406609363853931,16.288955688476562,5.245726585388184,10.412214279174805,1.1436094045639038,0.0220454037189483,16.2916316986084
test_minutes,20260917_0156,pi,0,empty,ok,27,29,3922,128.0,5469,2548,0.4658987017736332,2700,308,71.72378489464344,9.91599988937378,100,2.8065985323295584,8,170.0,4.767441272735596,7.348472595214844,7.661864280700684,0.6912146806716919,0.6473605632781982,21.74975204467773,9.626788139343262,11.906367301940918,1.4995793104171753,0.0448582768440246,16.23841094970703,9.637296676635742,11.822096824645996,1.5355737209320068,0.0426413677632808,16.19672203063965,5.20983362197876,10.319954872131348,1.289423942565918,0.0234905667603015,16.250896453857422
test_minutes,20260917_0157,pi,0,empty,ok,24,24,3148,131.0,3969,1605,0.40438397581254726,2400,316,79.33067857693297,4.257999897003174,100,4.155172430995135,8,120.0,4.272406578063965,7.34024715423584,7.674079418182373,0.7058357000350952,0.6531925201416016,21.70083236694336,9.54926300048828,11.820510864257812,1.646823167800903,0.056295458227396,16.18376350402832,9.562015533447266,11.722859382629396,1.7033956050872805,0.053839523345232,16.094253540039062,5.1702728271484375,10.214941024780272,1.410225510597229,0.0289058703929185,16.199193954467773
test_minutes,20260917_0158,pi,0,empty,ok,36,37,4407,130.0,5506,2193,0.398292771521976,3600,625,80.04722575135804,5.569000005722046,100,27.165913526002946,20,270.0,4.628681182861328,7.322939872741699,7.672245979309082,0.6960812211036682,0.6505017876625061,21.46883773803711,9.182339668273926,11.355260848999023,2.1078572273254395,0.046276468783617,15.93739891052246,9.208318710327148,11.219669342041016,2.191235065460205,0.044224239885807,15.630060195922852,4.984299182891846,9.869268417358398,1.824029564857483,0.0239747166633605,15.957926750183104
test_minutes,20260917_0159,pi,0,empty,ok,42,42,5592,130.0,5916,1767,0.2986815415821501,4200,538,94.53451201124328,2.8550000190734863,100,2.4199564409237477,23,200.0,4.6458258628845215,7.347022533416748,7.689122200012207,0.6973587274551392,0.6475193500518799,21.750268936157227,9.636932373046877,11.925703048706056,1.4660664796829224,0.0415518954396247,16.234439849853516,9.647459983825684,11.825839042663574,1.5321321487426758,0.0391659885644912,16.20406723022461,5.214195251464844,10.26045036315918,1.2744715213775637,0.0216110590845346,16.246681213378906
test_minutes,20260917_0200,pi,0,empty,ok,26,28,3549,123.0,5977,3311,0.5539568345323741,2600,397,59.3786075863548,10.34600019454956,100,6.172561312227934,13,130.0,4.268354892730713,7.183219909667969,7.527599334716797,0.7196776866912842,0.6565049290657043,19.91023826599121,6.662772178649902,8.522807121276855,1.9318405389785769,0.1143118441104888,14.507253646850586,6.772357940673828,8.799731254577637,2.0237808227539062,0.1095227226614952,12.85084629058838,3.71018648147583,8.034126281738281,1.681972622871399,0.0579045563936233,14.556493759155272
test_minutes,20260917_0201,pi,0,empty,ok,35,37,4203,122.0,5954,2778,0.4665770910312395,3500,624,70.59831338098542,9.23799991607666,100,2.3270312552894676,25,220.0,4.843993663787842,7.245867729187012,7.574911117553711,0.7029637098312378,0.6529142260551453,20.660348892211918,7.8725128173828125,9.727313041687012,2.62682580947876,0.0778461322188377,15.14628791809082,7.941015720367432,9.710626602172852,2.752627372741699,0.0739533603191375,14.093073844909668,4.321380615234375,8.87228775024414,2.28201675415039,0.0388077162206172,15.223831176757812
test_minutes,20260917_0202,pi,0,empty,ok,49,51,6065,129.0,5998,1473,0.24558186062020673,4900,745,101.1220968069906,3.5370001792907715,100,4.723512084569504,36,340.0,4.969605445861816,7.338287353515625,7.689587593078613,0.6880912184715271,0.6489645838737488,21.73622131347656,9.615459442138672,11.889248847961426,1.512650966644287,0.0342901907861232,16.216978073120117,9.62680721282959,11.805500984191896,1.5931222438812256,0.0328679829835891,16.172470092773438,5.203051090240479,10.195371627807615,1.322121500968933,0.0180195290595293,16.230262756347656
test_minutes,20260917_0203,pi,0,empty,ok,29,31,3904,129.0,5853,2914,0.49786434307192895,2900,360,66.70311659620131,11.414000034332275,100,1.2167853684237924,14,160.0,5.599723815917969,7.326386451721191,7.654479503631592,0.6969992518424988,0.6498648524284363,21.626689910888672,9.433691024780272,11.66312313079834,1.812666416168213,0.051403310149908,16.097270965576172,9.451600074768066,11.58489227294922,1.917153596878052,0.0497912503778934,15.93639850616455,5.1109771728515625,10.062496185302734,1.5764892101287842,0.0267539490014314,16.117305755615234
test_minutes,20260917_0204,pi,0,empty,ok,38,40,4320,107.0,5967,2745,0.46003016591251883,3800,966,72.40061676682375,7.710999965667725,100,18.595259004214682,18,350.0,4.789642333984375,7.334603309631348,7.698498725891113,0.6840601563453674,0.6474867463111877,21.69124984741211,9.538599014282228,11.804641723632812,1.6555736064910889,0.0357939749956131,16.167362213134766,9.552955627441406,11.724743843078612,1.7504756450653076,0.0343887135386467,16.07183265686035,5.164292335510254,10.131706237792969,1.4406085014343262,0.0188115537166595,16.18364715576172
test_minutes,20260917_0205,pi,0,empty,ok,44,46,5890,129.0,5894,1475,0.2502544960977265,4400,489,99.9338300762601,2.2960000038146973,100,1.6978899600809132,25,210.0,5.625195026397705,7.328428268432617,7.646778106689453,0.6853370070457458,0.6467829346656799,21.67483901977539,9.509929656982422,11.762752532958984,1.7016793489456177,0.0435911864042282,16.149627685546875,9.525815963745115,11.696910858154297,1.8077353239059448,0.0417527556419372,16.034090042114258,5.149661540985107,10.090139389038086,1.481424331665039,0.0228799004107713,16.16710090637207
test_minutes,20260917_0206,pi,0,empty,ok,38,39,4796,123.0,5714,2115,0.37014350717535877,3800,590,83.94007222869439,11.233000040054321,100,2.2082753125729395,25,260.0,5.296871185302734,7.332073211669922,7.692018508911133,0.6940733790397644,0.6476799845695496,21.677326202392575,9.511168479919434,11.768200874328612,1.68961763381958,0.0400306209921836,16.152029037475586,9.527804374694824,11.696891784667969,1.798777461051941,0.0379855707287788,16.036457061767578,5.150217533111572,10.067956924438477,1.4862830638885498,0.0209386106580495,16.169567108154297
test_minutes,20260917_0207,pi,0,empty,ok,20,21,2389,122.0,5285,3461,0.6548722800378429,2000,367,45.210249620264875,11.49399995803833,100,17.36756600421397,12,80.0,3.780855894088745,7.160378456115723,7.505190849304199,0.6930694580078125,0.6525157690048218,19.52714157104492,6.014964580535889,7.930690765380859,0.1239127665758133,0.0975021049380302,14.217245101928713,6.157627105712891,8.370194435119629,0.1256941705942154,0.0917693078517913,12.338443756103516,3.376997232437134,7.419773101806641,0.1099891811609268,0.0490010790526866,14.217245101928713
test_minutes,20260917_0208,pi,0,empty,ok,49,50,5831,119.0,5902,1632,0.27651643510674345,4900,1044,98.8020401571996,0.9830002784729004,100,3.483844069691127,32,510.0,5.605964660644531,7.357111930847168,7.711748123168945,0.670901894569397,0.6461288928985596,21.889692306518555,9.862804412841797,12.191384315490724,0.8733680248260498,0.0253485981374979,16.382116317749023,9.867828369140623,12.177586555480955,0.9321551322937012,0.0242566652595996,16.491931915283203,5.3282575607299805,10.325353622436523,0.7711082100868225,0.0136139057576656,16.3864688873291
test_minutes,20260917_0209,pi,0,empty,ok,43,45,5753,130.0,5980,1667,0.27876254180602006,4300,492,96.21366706734976,3.567999839782715,100,1.3860590131660335,22,190.0,4.72006368637085,7.349099159240723,7.680241107940674,0.6872382760047913,0.6464128494262695,21.814546585083008,9.733506202697754,12.064167976379396,1.2535765171051023,0.0404663607478141,16.300140380859375,9.74281120300293,12.024652481079102,1.3315597772598269,0.0386483296751976,16.323484420776367,5.262354850769043,10.205892562866213,1.1050376892089844,0.0212922431528568,16.30948257446289
test_minutes,20260917_0210,pi,0,empty,ok,41,43,4897,115.0,5919,2273,0.38401757053556346,4100,706,82.74615164450546,11.049000024795532,100,2.909860590309959,32,270.0,4.541078090667725,7.355669975280762,7.741832256317139,0.6779648065567017,0.6464431285858154,21.84937286376953,9.783967971801758,12.11746311187744,1.1384011507034302,0.0334171056747436,16.338645935058594,9.791877746582031,12.09743595123291,1.2116351127624512,0.031986828893423,16.389028549194336,5.288204669952393,10.24832820892334,1.007054328918457,0.0176158212125301,16.346315383911133
test_minutes,20260917_0211,pi,0,empty,ok,28,29,3740,130.0,5998,3232,0.5388462820940313,2800,312,62.36347572553108,7.86299991607666,100,3.3216634917091596,13,110.0,4.724771499633789,7.24495267868042,7.597131729125977,0.7094956636428833,0.6519882678985596,20.424087524414062,7.467666149139404,9.314359664916992,2.4476633071899414,0.1026707291603088,14.943682670593262,7.568858623504639,9.48560619354248,2.603276014328003,0.0979221612215042,13.69737148284912,4.108885288238525,8.484810829162598,2.169841766357422,0.0531172938644886,15.01913833618164
test_minutes,20260917_0212,pi,0,empty,ok,52,53,5474,105.5,5978,1985,0.3320508531281365,5200,1402,91.58134232061126,2.5290000438690186,100,1.5005446002040868,41,550.0,5.424318790435791,7.353418827056885,7.707377433776855,0.6775141954421997,0.6465068459510803,21.749923706054688,9.626323699951172,11.911914825439451,1.4581074714660645,0.0301560647785663,16.226272583007812,9.640743255615234,11.924151420593262,1.5481579303741455,0.0290896818041801,16.183948516845703,5.206940174102783,10.132782936096191,1.294916749000549,0.0159495119005441,16.239702224731445
test_minutes,20260917_0213,pi,0,empty,ok,47,49,5555,125.0,5845,1676,0.28674080410607355,4700,778,95.05475692267152,1.7060000896453857,100,4.05854517363171,28,230.0,4.957851409912109,7.361214637756348,7.700818061828613,0.6815075874328613,0.6459147930145264,21.837745666503903,9.76597023010254,12.093125343322754,1.1589913368225098,0.0362529903650283,16.32196617126465,9.774797439575195,12.098980903625488,1.237976312637329,0.0344533585011959,16.36501693725586,5.277919769287109,10.26292896270752,1.036960482597351,0.0192054100334644,16.33032989501953
test_minutes,20260917_0214,pi,0,empty,ok,36,38,4522,130.5,5675,2345,0.413215859030837,3600,614,79.69686286993218,5.713000059127808,100,2.190032190441566,18,210.0,4.037813186645508,7.356343269348144,7.730121612548828,0.6851719617843628,0.6464956402778625,21.85540199279785,9.786592483520508,12.105592727661133,1.1178109645843506,0.0376673005521297,16.341073989868164,9.794536590576172,12.124750137329102,1.1928791999816897,0.0363514833152294,16.3931884765625,5.287836074829102,10.2830810546875,0.997877836227417,0.0197355486452579,16.348806381225586
test_minutes,20260917_0215,pi,0,empty,ok,12,13,1629,121.5,4998,3757,0.7517006802721088,1200,134,32.593037357925624,12.370000123977661,100,20.86385876522852,6,50.0,4.36157751083374,7.322272777557373,7.67727518081665,0.7445204854011536,0.6538151502609253,21.447694778442383,9.12753677368164,11.297213554382324,2.0640835762023926,0.1116503924131393,15.911493301391602,9.162482261657717,11.227897644042969,2.204552173614502,0.1065521389245987,15.548784255981444,4.950822830200195,9.683913230895996,1.8624367713928225,0.0572181418538093,15.9292573928833
test_minutes,20260917_0216,pi,0,empty,ok,22,24,3022,117.0,5373,3114,0.5795644891122278,2200,369,56.245230598942754,14.599999904632568,100,1.4842791305128022,8,146.0,4.400539875030518,7.306670188903809,7.64371395111084,0.6993495225906372,0.6489539742469788,21.309497833251957,8.910430908203125,10.985278129577637,2.238107681274414,0.0642169713973999,15.769407272338867,8.956172943115234,10.9097261428833,2.369223356246948,0.0601752921938896,15.279494285583496,4.83842134475708,9.489739418029783,1.993590831756592,0.0333566553890705,15.804217338562012
test_minutes,20260917_0217,pi,0,empty,ok,32,34,3827,120.0,5858,3024,0.5162171389552749,3200,655,65.33392518471712,9.950999975204468,100,4.2946638325219055,18,330.0,4.764077186584473,7.339027881622314,7.700667381286621,0.6890319585800171,0.6470906734466553,21.723466873168945,9.5762300491333,11.83203125,1.5173548460006714,0.0364933162927627,16.191974639892578,9.593151092529297,11.822845458984377,1.6145193576812744,0.0344167649745941,16.119089126586914,5.17832612991333,10.08041763305664,1.365074872970581,0.0194762330502271,16.207155227661133
test_minutes,20260917_0218,pi,0,empty,ok,43,45,5215,125.0,5270,1417,0.2688804554079696,4300,770,98.96386803902674,2.2330000400543213,100,4.158658675572096,31,260.0,5.705652236938477,7.346668243408203,7.682833671569824,0.6789238452911377,0.647239089012146,21.87511444091797,9.816919326782228,12.096487998962402,1.0089930295944214,0.0335122942924499,16.35797691345215,9.822125434875488,12.090888023376465,1.0827966928482056,0.0320320576429367,16.442277908325195,5.301115036010742,10.296003341674805,0.90433931350708,0.0177974570542573,16.36422348022461
test_minutes,20260917_0219,pi,0,empty,ok,41,43,5054,131.0,5351,1569,0.2932162212670529,4100,540,94.45846204486944,4.773000001907349,100,1.2431907172881744,28,180.0,4.395855903625488,7.336668968200684,7.698531150817871,0.6929721832275391,0.6474637985229492,21.80856704711914,9.702162742614746,11.94682788848877,1.301713943481445,0.041654959321022,16.285730361938477,9.712664604187012,11.94063949584961,1.3935630321502686,0.0398832820355892,16.291170120239258,5.241881370544434,10.199955940246582,1.162139654159546,0.0219926629215478,16.29631805419922
test_minutes,20260917_0220,pi,0,empty,ok,25,25,3227,131.0,5916,3489,0.5897565922920892,2500,206,54.553446260702856,13.525999784469604,100,1.331924971600703,12,90.0,3.924306869506836,7.321381568908691,7.6420207023620605,0.7138804197311401,0.6475483179092407,21.518693923950195,9.236613273620604,11.417445182800291,1.9656007289886477,0.0729565694928169,15.978275299072266,9.270835876464844,11.356475830078123,2.116976499557495,0.0713454112410545,15.691885948181152,5.003008365631104,9.789173126220703,1.7603180408477783,0.0377673618495464,15.995586395263672
test_minutes,20260917_0221,pi,0,empty,ok,42,44,4832,121.0,5875,2367,0.4028936170212766,4200,832,82.26081033734252,12.031000137329102,100,5.046760269037565,36,440.0,5.364617347717285,7.340080261230469,7.680224418640137,0.6775357723236084,0.6472386121749878,21.85553359985352,9.784453392028809,12.032299041748049,1.1031585931777954,0.0275686644017696,16.3343448638916,9.791341781616213,12.044477462768556,1.1735477447509766,0.0263222642242908,16.402376174926758,5.283910274505615,10.25439453125,0.9746500849723816,0.0148151526227593,16.341663360595703
test_minutes,20260917_0222,pi,0,empty,ok,48,49,6366,131.0,5998,1281,0.21357119039679892,4800,495,106.14422692993251,1.6850001811981201,100,1.5847847130753143,27,190.0,4.807590484619141,7.338577270507812,7.68996000289917,0.6881676316261292,0.6475474238395691,21.80406379699707,9.693473815917969,11.915101051330566,1.32403302192688,0.04234304651618,16.277870178222656,9.70566177368164,11.929607391357422,1.4057700634002686,0.0399936251342296,16.281314849853516,5.23673677444458,10.172181129455566,1.169475555419922,0.0223910752683877,16.288612365722656
test_minutes,20260917_0223,pi,0,empty,ok,28,29,3924,130.5,5915,2986,0.5048182586644125,2800,332,66.34317904344097,10.098999977111816,100,3.8210515130123586,11,190.0,4.33726692199707,7.321736335754394,7.668312072753906,0.7032199501991272,0.649997353553772,21.51504898071289,9.21881866455078,11.384832382202148,2.0089776515960693,0.0517043881118297,15.977008819580078,9.254685401916504,11.285706520080566,2.131972551345825,0.0485215075314044,15.672144889831545,4.9928297996521,9.753700256347656,1.7750394344329834,0.0269268918782472,15.993379592895508
test_minutes,20260917_0224,pi,0,empty,ok,16,17,2093,132.5,5998,4458,0.7432477492497499,1600,267,34.8990380102696,12.717000007629395,100,11.627780265014016,8,60.0,3.8227627277374254,7.179013252258301,7.526555061340332,0.7034943103790283,0.6520750522613525,19.542314529418945,6.020103931427002,8.076334953308105,0.1259781271219253,0.0996015518903732,14.225937843322754,6.221566200256348,8.488340377807617,0.1253534406423568,0.0889840051531791,12.446964263916016,3.352334260940552,7.180471420288086,0.1088186204433441,0.051649771630764,14.225937843322754
test_minutes,20260917_0225,pi,0,empty,ok,32,32,3663,119.0,5715,3006,0.525984251968504,3200,645,64.09897465909138,10.57099986076355,100,1.603507327719072,21,340.0,4.908855438232422,7.339441299438477,7.666444778442383,0.6743724346160889,0.6464967727661133,21.871469497680664,9.79944896697998,12.04367733001709,1.0808533430099487,0.0305435974150896,16.350048065185547,9.80642318725586,12.031100273132324,1.1397892236709597,0.0291115194559097,16.426687240600586,5.291195392608643,10.22572135925293,0.944942057132721,0.0165053084492683,16.356801986694336
test_minutes,20260917_0226,pi,0,empty,ok,47,49,6282,130.0,5994,1401,0.23373373373373374,4700,593,104.80480512162886,2.2950000762939453,100,2.4847903465585364,31,310.0,5.21165943145752,7.343927383422852,7.683199882507324,0.6759878396987915,0.6461445093154907,21.901525497436523,9.847533226013184,12.102745056152344,0.9463040232658386,0.0299818161875009,16.384201049804688,9.852290153503418,12.088006973266602,0.9867770671844482,0.0290498808026313,16.489715576171875,5.316455364227295,10.28715991973877,0.832686185836792,0.0161066465079784,16.389299392700195
test_minutes,20260917_0227,pi,0,empty,ok,42,43,5608,129.0,5942,1796,0.30225513295186807,4200,526,94.37899722822551,5.542999982833862,100,6.45914512391049,21,250.0,4.757360935211182,7.333611965179443,7.6364240646362305,0.681262731552124,0.6467756628990173,21.79391860961914,9.670135498046877,11.845890045166016,1.3967247009277344,0.0369121618568897,16.267881393432617,9.684724807739258,11.870153427124023,1.438275694847107,0.0346459299325943,16.249385833740234,5.225791931152344,10.15207290649414,1.2283681631088257,0.0194156225770711,16.279085159301758
test_minutes,20260917_0228,pi,0,empty,ok,39,40,5215,132.0,5641,1746,0.3095195887254033,3900,385,92.46126032029453,6.381999969482422,100,17.367082239413822,21,160.0,5.322361946105957,7.333286285400391,7.660622596740723,0.6892701387405396,0.6463366150856018,21.823604583740234,9.709903717041016,11.834040641784668,1.3390132188796997,0.0454592481255531,16.29915428161621,9.722851753234863,11.856983184814451,1.3538326025009155,0.0427058972418308,16.312145233154297,5.2464094161987305,10.23996353149414,1.139636516571045,0.0238249655812978,16.30876922607422
test_minutes,20260917_0229,pi,0,empty,ok,30,32,3577,116.5,5753,3115,0.5414566313227881,3000,630,62.17625589742529,11.616999864578247,100,4.475163461946915,16,360.0,5.427197456359863,7.336349010467529,7.680328369140625,0.6863604784011841,0.6484410762786865,21.828388214111328,9.705615043640137,11.784725189208984,1.365779161453247,0.0324107110500335,16.305570602416992,9.723346710205078,11.725128173828123,1.350142478942871,0.0305001996457576,16.31509017944336,5.2425713539123535,10.26559829711914,1.150521755218506,0.0172432512044906,16.315176010131836
test_minutes,20260917_0230,pi,0,empty,ok,51,51,5909,119.0,5995,1619,0.2700583819849875,5100,939,98.5802706245177,3.0980000495910645,100,2.063492064677288,42,270.0,5.018631935119629,7.344427108764648,7.67874813079834,0.6787313222885132,0.6460527181625366,21.88062286376953,9.780389785766602,11.916287422180176,1.1919480562210083,0.0351320393383502,16.363962173461914,9.794447898864746,11.826086044311523,1.129759430885315,0.0335566774010658,16.4165096282959,5.277930736541748,10.340127944946287,1.016606092453003,0.0188193283975124,16.371055603027344
test_minutes,20260917_0231,pi,0,empty,ok,38,39,4761,132.0,5717,2177,0.38079412279167396,3800,592,83.28377058163537,7.393999814987183,100,2.329547901605319,25,160.0,4.716121196746826,7.337629318237305,7.692939758300781,0.703628420829773,0.6477780938148499,21.78766441345215,9.617751121520996,11.74703884124756,1.536471605300903,0.0481335781514644,16.26752471923828,9.64674472808838,11.730867385864258,1.489206075668335,0.0455715954303741,16.203153610229492,5.193820476531982,10.184829711914062,1.3286240100860596,0.0257648285478353,16.280254364013672
test_minutes,20260917_0232,pi,0,empty,ok,25,25,3034,120.0,5416,3156,0.5827178729689808,2500,466,56.020236793288376,17.519999980926514,100,7.854168850727799,13,140.0,5.082056045532227,7.330942153930664,7.672583103179932,0.7022678852081299,0.6486612558364868,21.650400161743164,9.389029502868652,11.481170654296877,1.8475030660629272,0.0568189620971679,16.12039566040039,9.432859420776367,11.52040958404541,1.8168460130691528,0.0530234612524509,15.922792434692385,5.075416088104248,9.960198402404783,1.631111979484558,0.0297691598534584,16.14069366455078
test_minutes,20260917_0233,pi,0,empty,ok,45,46,5581,120.0,5806,1689,0.29090595935239405,4500,719,96.12469868240268,3.068000316619873,100,1.768387526770049,31,320.0,5.235760688781738,7.354619026184082,7.696056365966797,0.6821352243423462,0.6463701128959656,21.93907928466797,9.871187210083008,12.065998077392578,0.9011026620864868,0.0296129547059535,16.436580657958984,9.877843856811523,12.013744354248049,0.8924119472503662,0.0284457802772521,16.531879425048828,5.3234710693359375,10.448349952697754,0.7932651042938232,0.0160169824957847,16.44080352783203
test_minutes,20260917_0234,pi,0,empty,ok,47,49,5967,131.0,5673,1216,0.21434866913449674,4700,622,105.18800571510269,2.175999879837036,100,2.8648665792947243,34,240.0,5.192461490631104,7.349520683288574,7.682345390319824,0.6850820183753967,0.6464177370071411,21.77176094055176,9.60031032562256,11.74947452545166,1.544065237045288,0.040100809186697,16.255821228027344,9.623544692993164,11.76339054107666,1.5322346687316897,0.0381837226450443,16.171228408813477,5.183608531951904,10.197504043579102,1.3681471347808838,0.0213644187897443,16.26944351196289
test_minutes,20260917_0235,pi,0,empty,ok,34,35,4575,130.5,5501,2071,0.376477004181058,3400,327,83.18030556166462,7.955000162124634,100,5.37715055606118,16,150.0,5.045527935028076,7.334123611450195,7.679697513580322,0.6972691416740417,0.6471915245056152,21.55227279663086,9.233753204345703,11.371271133422852,2.0215439796447754,0.0565683208405971,16.023073196411133,9.279043197631836,11.344474792480469,2.0152246952056885,0.0532227493822574,15.721981048583984,4.994302749633789,9.854124069213867,1.7950294017791748,0.0297197569161653,16.044639587402344
test_minutes,20260917_0236,pi,0,empty,ok,28,29,3814,130.0,4787,1932,0.4035930645498224,2800,285,79.68909958287882,10.074000120162964,100,1.4275336707016522,14,110.0,4.789642333984375,7.316981792449951,7.64300537109375,0.7091882228851318,0.6492114067077637,21.243284225463867,8.737789154052734,10.71338939666748,2.377150774002075,0.0779148563742637,15.704419136047363,8.8059720993042,10.757665634155272,2.3892030715942383,0.0722233727574348,15.136927604675291,4.73838996887207,9.485411643981934,2.1176929473876958,0.0405195392668247,15.740330696105955
test_minutes,20260917_0237,pi,0,empty,ok,40,42,4772,119.5,5755,2243,0.389748045178106,4000,765,82.92352347983226,9.32099986076355,100,2.5073778585921707,28,300.0,5.667763710021973,7.369231224060059,7.72212553024292,0.6779717206954956,0.6458321809768677,21.927001953125,9.87242031097412,12.098589897155762,0.9138674736022948,0.0303021240979433,16.433183670043945,9.87761402130127,12.052145957946776,0.9306467175483704,0.0290875602513551,16.509523391723633,5.325751781463623,10.416173934936523,0.8163580894470215,0.0163828842341899,16.437726974487305
test_minutes,20260917_0238,pi,0,empty,ok,46,48,5332,112.5,5948,1979,0.33271687962340285,4600,955,89.64960645761748,7.124000072479248,100,5.19880578021016,32,320.0,5.598296642303467,7.368618965148926,7.711928367614746,0.6866998672485352,0.647485077381134,21.892955780029297,9.824951171875,12.04792022705078,1.0717018842697144,0.0319622755050659,16.40015983581543,9.83274745941162,11.994905471801758,1.097351312637329,0.0300918966531753,16.435792922973633,5.30088996887207,10.344474792480469,0.9716789722442628,0.0173677075654268,16.406606674194336
test_minutes,20260917_0239,pi,0,empty,ok,36,37,4544,127.0,5966,2571,0.4309420046932618,3600,571,76.17642618324018,8.697999954223633,100,2.415918067099077,22,160.0,4.573777198791504,7.263624668121338,7.601818084716797,0.6973350048065186,0.6510198712348938,20.60065650939941,7.705916881561279,9.683926582336426,2.50870418548584,0.0867688059806823,15.081026077270508,7.790917873382568,9.638047218322754,2.620272636413574,0.0824298933148384,14.049501419067385,4.201494216918945,8.4999361038208,2.262904405593872,0.0447340868413448,15.158737182617188
test_minutes,20260917_0240,pi,0,empty,ok,34,35,4323,131.0,5920,2704,0.45675675675675675,3400,478,73.02858289000726,11.122999906539917,100,4.252468139974899,18,160.0,5.582983016967773,7.357659339904785,7.664222717285156,0.6942465305328369,0.6487239003181458,21.83572769165039,9.763410568237305,12.016738891601562,1.2329728603363037,0.0443024523556232,16.34695816040039,9.770061492919922,11.941619873046877,1.293213129043579,0.0424265228211879,16.332807540893555,5.268210887908936,10.312421798706056,1.1092982292175293,0.0235043410211801,16.356962203979492
test_minutes,20260917_0241,pi,0,empty,ok,41,41,4660,122.0,5015,1566,0.3122632103688933,4100,785,92.93976845333526,3.826000213623047,100,4.3115565491652905,28,310.0,4.815168380737305,7.358911514282227,7.689603328704834,0.6795295476913452,0.6458394527435303,21.89046669006348,9.868172645568848,12.12128448486328,0.9430237412452698,0.0307863000780344,16.413015365600586,9.872410774230955,12.071683883666992,0.9760685563087464,0.0300315581262111,16.4548282623291,5.323033332824707,10.435897827148438,0.8483500480651855,0.016625128686428,16.42099380493164
test_minutes,20260917_0242,pi,0,empty,ok,48,49,6092,129.0,5998,1445,0.2409136378792931,4800,593,101.57565668506894,2.2699999809265137,100,5.670353147213268,31,210.0,5.289210319519043,7.348048210144043,7.661970615386963,0.683108925819397,0.6459755301475525,21.803911209106445,9.72378158569336,11.93910312652588,1.3212807178497314,0.0393611155450344,16.319087982177734,9.73317050933838,11.924480438232422,1.35647714138031,0.0378178283572196,16.274850845336914,5.2497334480285645,10.332969665527344,1.180002212524414,0.0207019448280334,16.333005905151367
test_minutes,20260917_0243,pi,0,empty,ok,32,33,4040,130.5,5725,2724,0.4758078602620087,3200,456,70.5738493855627,8.027999877929688,100,38.64527562374515,17,180.0,5.371944904327393,7.351964950561523,7.689002513885498,0.6936385631561279,0.6473819017410278,21.76858901977539,9.674856185913086,11.8771390914917,1.4360558986663818,0.0440831705927848,16.282411575317383,9.688820838928224,11.891998291015623,1.4510470628738403,0.041817981749773,16.20810317993164,5.225603103637695,10.292545318603516,1.2775585651397705,0.0234747920185327,16.29884910583496
test_minutes,20260917_0244,pi,0,empty,ok,36,37,4453,126.5,5741,2400,0.4180456366486675,3600,603,77.57028895658189,8.605999946594238,100,11.102240433269463,20,130.0,4.397123336791992,7.3531599044799805,7.700220584869385,0.7231063842773438,0.6513110995292664,21.721969604492188,9.602713584899902,11.805828094482422,1.5476230382919312,0.055921446532011,16.228361129760742,9.621926307678224,11.82655429840088,1.5828171968460083,0.0536501705646514,16.11871337890625,5.18854284286499,10.231313705444336,1.3817453384399414,0.0294910464435815,16.247831344604492
test_minutes,20260917_0245,pi,0,empty,ok,37,38,5109,130.0,5897,2102,0.3564524334407326,3700,304,86.64021138519144,5.957000017166138,100,11.613137540185924,17,200.0,4.653252601623535,7.3389363288879395,7.6750688552856445,0.6926981210708618,0.6487506628036499,21.638063430786133,9.474817276000977,11.680267333984377,1.7191237211227417,0.0461096242070198,16.135662078857422,9.499418258666992,11.69011116027832,1.7723783254623413,0.044488176703453,15.96658420562744,5.12331485748291,10.142765045166016,1.5533971786499023,0.0242079775780439,16.160396575927734
train,20260906_1804,t,0,empty,ok,56,57,7287,134.0,5997,638,0.10638652659663166,5600,395,121.52696729562858,2.3980000019073486,100,4.9896355749781085,52,460.0,4.782397270202637,7.257456302642822,7.81362247467041,0.6910120844841003,0.6675635576248169,19.52217674255371,6.182733058929443,8.311306953430176,0.1443942189216613,0.0998409017920494,14.215052604675291,6.182497024536133,8.754608154296875,0.1334976404905319,0.0946387872099876,12.728882789611816,3.40809178352356,7.688152313232422,0.113837718963623,0.0504313372075557,14.215052604675291
train,20260906_1805,t,0,empty,ok,45,46,5922,132.0,5923,1585,0.26760087793347964,4500,469,99.9966226705174,2.803999900817871,100,5.825301492140854,27,500.0,5.374581336975098,7.262611865997314,7.835440635681152,0.688902735710144,0.6680809855461121,19.520368576049805,6.163093090057373,8.264443397521973,0.127465933561325,0.0990216955542564,14.207808494567873,6.160788536071777,8.677047729492188,0.1260572671890258,0.0930652022361755,12.690105438232422,3.395000457763672,7.655642509460449,0.1102665513753891,0.0497914925217628,14.207808494567873
train,20260906_1806,t,0,empty,ok,50,52,6973,133.0,5998,939,0.1565521840613538,5000,420,116.26317179863757,1.124000072479248,100,2.27859549450973,36,450.0,5.461484909057617,7.2524919509887695,7.783872604370117,0.688758373260498,0.66765296459198,19.519575119018555,6.148683071136475,8.258360862731934,0.1296611726284027,0.1004033833742141,14.203776359558104,6.156688213348389,8.650364875793457,0.1269157528877258,0.0937557891011238,12.66498851776123,3.387930393218994,7.657493591308594,0.1109156012535095,0.0504775643348693,14.203776359558104
train,20260906_1807,t,0,empty,ok,38,38,5034,135.0,5950,2271,0.38168067226890756,3800,320,84.61073005988104,11.361999988555908,100,4.655604253296173,28,300.0,4.975698947906494,7.249435424804687,7.774383068084717,0.6930384635925293,0.6699357032775879,19.519868850708008,6.140551567077637,8.246728897094727,0.1278532445430755,0.1002363935112953,14.201004028320312,6.161283493041992,8.651947021484375,0.1267681717872619,0.0938868001103401,12.643540382385254,3.38228702545166,7.654415130615234,0.1101517304778099,0.0502923093736171,14.201004028320312
train,20260906_1808,t,0,empty,ok,40,41,3923,96.0,5993,2986,0.4982479559486067,4000,1158,65.47062741997642,7.195000171661377,100,5.477943688622555,26,430.0,4.543561935424805,7.255253791809082,7.820257663726807,0.7003405094146729,0.669066309928894,19.525856018066406,6.137606143951416,8.27342414855957,0.1284563839435577,0.0998799577355384,14.20226764678955,6.180914402008057,8.583612442016602,0.1279605329036712,0.0925289914011955,12.631959915161133,3.3758723735809326,7.6561689376831055,0.1115758046507835,0.0505342260003089,14.20226764678955
train,20260906_1809,t,0,empty,ok,38,39,5279,134.0,5844,1989,0.34034907597535935,3800,264,90.33969376519687,6.667999982833862,100,5.556380787171976,20,230.0,4.573769092559815,7.257699966430664,7.815136909484863,0.6930438280105591,0.6673425436019897,19.53540802001953,6.135717868804932,8.295801162719727,0.1317252963781356,0.1012515053153038,14.205944061279297,6.199478149414063,8.57557487487793,0.1288334429264068,0.0935896337032318,12.636762619018556,3.369478225708008,7.607168197631836,0.1123503595590591,0.0509629920125007,14.205944061279297
train,20260906_1810,t,0,empty,ok,28,29,3934,133.5,5309,2409,0.45375776982482574,2800,156,74.10756328855648,13.592000007629395,100,3.078554681506856,17,360.0,4.839386463165283,7.24860954284668,7.785406112670898,0.6886786222457886,0.6670313477516174,19.54559898376465,6.1318793296813965,8.44334602355957,0.1494094580411911,0.1005701348185539,14.211454391479492,6.232049942016602,8.748810768127441,0.1342420578002929,0.0904035344719886,12.653651237487791,3.3598415851593018,7.596600532531738,0.1170066148042678,0.0508032813668251,14.211454391479492
train,20260906_1811,t,0,empty,ok,50,51,5936,119.5,5999,1654,0.27571261876979497,5000,937,98.95972264618501,4.398000240325928,100,5.266420254987953,41,530.0,4.897873878479004,7.242728233337402,7.762065887451172,0.6936283111572266,0.6677069664001465,19.54532241821289,6.1295928955078125,8.480267524719238,0.1268335878849029,0.1000490710139274,14.212176322937012,6.246667385101318,8.792724609375,0.1248727738857269,0.0902516692876815,12.669184684753418,3.360795021057129,7.58315372467041,0.1110283434391021,0.0504451096057891,14.212176322937012
train,20260906_1812,t,0,empty,ok,41,42,5454,132.0,5798,1831,0.3157985512245602,4100,439,94.08314640862963,9.224999904632568,100,3.3389361465580674,28,530.0,5.1773457527160645,7.251181602478027,7.792048454284668,0.6969916820526123,0.6670432686805725,19.55010032653809,6.138379096984863,8.481754302978516,0.1284030973911285,0.09999980032444,14.215950965881348,6.245936393737793,8.767436981201172,0.124539203941822,0.0907497182488441,12.6715087890625,3.367441415786743,7.560083389282227,0.108864739537239,0.0498978570103645,14.215950965881348
train,20260906_1813,t,0,empty,ok,36,37,4984,134.0,5993,2331,0.38895377940931086,3600,228,83.16924190109084,7.7779998779296875,100,4.182753637850636,19,250.0,4.53515100479126,7.253652572631836,7.803006172180176,0.6950019598007202,0.6694209575653076,19.551908493041992,6.145947456359863,8.48373794555664,0.129639133810997,0.1015611439943313,14.21815586090088,6.245732307434082,8.723664283752441,0.1274243593215942,0.0921636074781417,12.670588493347168,3.372483968734741,7.56826639175415,0.1140763089060783,0.0522128120064735,14.21815586090088
train,20260906_1814,t,0,empty,ok,35,35,4441,134.0,5999,2713,0.45224204034005666,3500,373,74.0364097492769,11.062999963760376,100,5.683980830432457,22,360.0,4.920958518981934,7.25708532333374,7.804786205291748,0.6941148042678833,0.6669394373893738,19.554723739624023,6.150733470916748,8.479578018188477,0.1285856068134308,0.10010626912117,14.220211029052734,6.243770599365234,8.711738586425781,0.1252281218767166,0.0915243029594421,12.670052528381348,3.378268241882324,7.605523109436035,0.1133573949337005,0.0505979992449283,14.220211029052734
train,20260906_1815,t,0,empty,ok,33,35,4345,133.0,5563,2343,0.42117562466295166,3300,262,78.10814694688332,17.93499994277954,100,6.072820122822401,23,130.0,4.977503776550293,7.249021053314209,7.776298522949219,0.703705906867981,0.6666082143783569,19.555156707763672,6.151633262634277,8.449737548828125,0.1309538185596466,0.0998222753405571,14.221668243408203,6.243295669555664,8.674345016479492,0.1256201714277267,0.0909448415040969,12.669940948486328,3.38369369506836,7.62404727935791,0.1108885034918785,0.0500815957784652,14.221668243408203
train,20260906_1816,t,0,empty,ok,32,32,3462,118.0,4437,1823,0.41086319585305386,3200,678,78.04152285198087,6.689000129699707,100,4.626728850065232,22,354.0,6.4798078536987305,7.25733470916748,7.782485008239746,0.6972407102584839,0.6671843528747559,19.56292533874512,6.163483142852783,8.436052322387695,0.1322008371353149,0.1001233533024787,14.229288101196287,6.246541976928711,8.63900089263916,0.1270842403173446,0.092255413532257,12.685040473937988,3.390707969665528,7.651623725891113,0.1129380166530609,0.0509021282196044,14.229288101196287
train,20260906_1818,t,0,empty,ok,47,48,6005,134.0,5927,1507,0.2542601653450312,4700,612,101.33310794476363,3.8910000324249268,100,3.435582003601928,33,560.0,5.188121795654297,7.267583847045898,7.803369522094727,0.6892821788787842,0.6652290225028992,19.55995178222656,6.181723117828369,8.450274467468262,0.1299377530813217,0.1005878821015358,14.226119995117188,6.253354549407959,8.667773246765137,0.125811219215393,0.0916661694645881,12.673160552978516,3.405116081237793,7.677144527435303,0.1121038943529129,0.0506921969354152,14.226119995117188
train,20260906_1819,t,0,empty,ok,47,48,6307,133.0,5886,1228,0.2086306489976215,4700,257,107.15984742717913,2.4629998207092285,100,3.5038736034689624,27,400.0,4.641362190246582,7.26835823059082,7.807590007781982,0.6889158487319946,0.6664020419120789,19.55953788757324,6.182738780975342,8.444375991821289,0.1275952011346817,0.0992445349693298,14.225822448730469,6.250493049621582,8.657175064086914,0.1245583072304725,0.0912431851029396,12.671091079711914,3.408827781677246,7.682850837707519,0.1123680174350738,0.0503069646656513,14.225822448730469
train,20260906_1820,t,0,empty,ok,42,43,4170,82.5,5926,2684,0.45291933850826865,4200,1215,70.37380826469969,6.829999923706055,100,2.5888998123164666,32,370.0,4.720468997955322,7.265908718109131,7.803788185119629,0.6868593692779541,0.665823757648468,19.563140869140625,6.182540893554688,8.43192195892334,0.1271723508834839,0.0991367474198341,14.230297088623049,6.246648788452148,8.662385940551758,0.1254166066646576,0.0911340713500976,12.682255744934082,3.408459186553955,7.691340446472168,0.1102947071194648,0.0499472692608833,14.230297088623049
train,20260906_1821,t,0,empty,ok,22,24,3329,132.5,4982,2511,0.5040144520272982,2200,146,66.82323647626032,12.424000024795532,100,3.2858193929718684,12,220.0,4.363791465759277,7.27048921585083,7.825172424316406,0.6959629058837891,0.6673195362091064,19.564897537231445,6.187798976898193,8.409324645996094,0.1265431195497512,0.1001827120780944,14.231993675231934,6.245930194854736,8.656795501708984,0.1247358843684196,0.0927346125245094,12.68414306640625,3.4122602939605717,7.723139762878418,0.1085833460092544,0.0490944758057594,14.231993675231934
train,20260906_1822,t,0,empty,ok,27,27,3646,134.0,4578,1890,0.41284403669724773,2700,207,79.65568456861585,3.4700000286102295,100,2.7031273820039567,10,130.0,4.9576191902160645,7.271999359130859,7.811202526092529,0.7011783123016357,0.6652300953865051,19.569881439208984,6.181350231170654,8.420161247253418,0.1314174681901931,0.09881442040205,14.237136840820312,6.2406392097473145,8.656893730163574,0.1248401626944542,0.090201236307621,12.69589138031006,3.408189535140991,7.750687599182129,0.1096114963293075,0.049039676785469,14.237136840820312
train,20260906_1823,t,0,empty,ok,31,32,4374,133.0,5255,2023,0.38496669838249287,3100,219,83.24610284113196,10.574999809265137,100,1.7937688778624519,18,220.0,4.762181758880615,7.285561084747314,7.8544487953186035,0.6936910152435303,0.667616605758667,19.56782913208008,6.187301158905029,8.418285369873047,0.1296000629663467,0.0992223173379898,14.235095024108888,6.235322952270508,8.648611068725586,0.1248859539628028,0.0909020900726318,12.69056510925293,3.4119198322296143,7.756773471832275,0.1103999465703964,0.0495317317545414,14.235095024108888
train,20260906_1825,t,0,empty,ok,52,53,6908,134.0,5999,939,0.1565260876812802,5200,465,115.16788348237382,2.244999885559082,100,3.88513185828474,39,460.0,4.7606072425842285,7.286004543304443,7.830698013305664,0.6909031867980957,0.6664208173751831,19.571117401123047,6.182805061340332,8.404394149780273,0.1279894262552261,0.0991596207022667,14.240196228027344,6.228459358215332,8.643033027648926,0.1253565996885299,0.0927694514393806,12.699646949768066,3.411968946456909,7.7554802894592285,0.1106238886713981,0.0501432754099369,14.240196228027344
train,20260906_1826,t,0,empty,ok,45,47,6111,132.0,5958,1467,0.24622356495468278,4500,525,102.57314080899978,2.7149999141693115,100,4.444562260648313,25,380.0,4.547307968139648,7.286243438720703,7.846367835998535,0.6961904764175415,0.6686097979545593,19.571748733520508,6.182109832763672,8.400461196899414,0.1278395056724548,0.1000383868813514,14.241425514221191,6.223872661590576,8.638561248779297,0.1239202469587326,0.0927642509341239,12.701302528381348,3.4120655059814453,7.751559257507324,0.1087327823042869,0.0499602630734443,14.241425514221191
train,20260906_1827,t,0,empty,ok,50,51,6241,122.0,5902,1360,0.2304303625889529,5000,689,105.74381568988315,3.6989998817443848,100,3.37733648621287,39,480.0,4.444512844085693,7.286208152770996,7.835143566131592,0.6921879053115845,0.666691780090332,19.571514129638672,6.179775238037109,8.389188766479492,0.1292569488286972,0.1000074446201324,14.241570472717283,6.220355033874512,8.619321823120117,0.1250749379396438,0.0925652831792831,12.69987678527832,3.411869764328003,7.748071670532227,0.1109046041965484,0.0503659173846244,14.241570472717283
train,20260906_1828,t,0,empty,ok,37,39,5243,134.0,5851,1983,0.3389164245428132,3700,249,89.62086751946987,6.67300009727478,100,4.795451664264598,21,330.0,4.856161117553711,7.282346248626709,7.835115909576416,0.688623309135437,0.668578565120697,19.572399139404297,6.180012226104736,8.389226913452148,0.1288942098617553,0.1004301533102989,14.243064880371094,6.216253757476807,8.602823257446289,0.1256643086671829,0.0933493375778198,12.700909614562988,3.4120190143585205,7.743411540985107,0.1126383244991302,0.0504352413117885,14.243064880371094
train,20260906_1829,t,0,empty,ok,39,41,5289,133.0,5773,1876,0.3249610254633639,3900,421,91.61773135608647,6.371999979019165,100,2.348444743385542,22,330.0,4.450839519500732,7.275721549987793,7.834306716918945,0.6976971626281738,0.6664379239082336,19.57482147216797,6.1761651039123535,8.372501373291016,0.1291175186634063,0.100149467587471,14.246580123901367,6.208868503570557,8.579019546508789,0.125105619430542,0.0919581279158592,12.709636688232422,3.4111645221710205,7.752532482147217,0.1124073266983032,0.0504374355077743,14.246580123901367
train,20260906_1830,t,0,empty,ok,42,43,5627,134.0,5597,1443,0.2578166875111667,4200,345,100.54857663196725,3.38700008392334,100,3.9215099583725426,26,300.0,4.316732406616211,7.274749755859375,7.814164161682129,0.6972071528434753,0.666962206363678,19.57353782653809,6.174959659576416,8.362616539001465,0.1297983080148697,0.1000464260578155,14.245718955993652,6.206806182861328,8.56518840789795,0.1249370947480201,0.0926766470074653,12.707063674926758,3.412297487258911,7.759718418121338,0.1100741401314735,0.0499323494732379,14.245718955993652
train,20260906_1831,t,0,empty,ok,33,34,4086,120.0,5884,2939,0.4994901427600272,3300,604,69.44845778717692,14.485999822616577,100,1.9164326821375304,25,380.0,4.710806846618652,7.278558731079102,7.840831279754639,0.6950626373291016,0.6683251857757568,19.57658195495605,6.178959846496582,8.365942001342773,0.1280427128076553,0.0989556834101677,14.250055313110352,6.2025146484375,8.555280685424805,0.1243973225355148,0.0914849564433097,12.71682357788086,3.412308692932129,7.757411003112793,0.1109262183308601,0.0495312921702861,14.250055313110352
train,20260906_1832,t,0,empty,ok,44,45,5775,133.0,5949,1704,0.28643469490670703,4400,565,97.08003431188315,4.283999919891357,100,3.761383235030687,30,400.0,4.609031200408936,7.274709224700928,7.827029228210449,0.6920954585075378,0.66817706823349,19.574432373046875,6.178319931030273,8.34947681427002,0.127887487411499,0.1000704616308212,14.248492240905762,6.200131416320801,8.540228843688965,0.1236567348241806,0.0924124494194984,12.711644172668455,3.4118826389312744,7.739926338195801,0.1118748039007186,0.0503909550607204,14.248492240905762
train,20260906_1833,t,0,empty,ok,44,45,5096,108.5,5797,2063,0.35587372779023635,4400,849,87.91360476689088,6.174000024795532,100,4.607071674979645,28,540.0,4.901912212371826,7.264400482177734,7.808599472045898,0.6867918968200684,0.6681893467903137,19.575613021850582,6.176167011260986,8.337672233581543,0.1284180581569671,0.1002486646175384,14.250836372375488,6.196237564086914,8.51080322265625,0.1246990337967872,0.0923077687621116,12.717220306396484,3.4112799167633057,7.745691776275635,0.1110841333866119,0.0501946210861206,14.250836372375488
train,20260906_1834,t,0,empty,ok,46,46,5979,132.0,5945,1547,0.26021867115222874,4600,494,100.58882897449968,5.401000022888184,100,3.348927369857403,34,460.0,4.5382843017578125,7.26609992980957,7.822103500366211,0.688622236251831,0.6692298650741577,19.576171875,6.179742336273193,8.330490112304688,0.1280301213264465,0.0990647971630096,14.252120971679688,6.195806503295898,8.49704360961914,0.1233208924531936,0.0914631187915802,12.718441009521484,3.412327289581299,7.754608154296875,0.1104094609618187,0.0495749674737453,14.252120971679688
train,20260906_1835,t,0,empty,ok,33,35,4753,131.0,5978,2476,0.4141853462696554,3300,315,79.51085668220833,6.88100004196167,100,4.1537374699917216,16,320.0,4.590908050537109,7.258779525756836,7.809648513793945,0.6952434182167053,0.6690534949302673,19.57657241821289,6.177443981170654,8.322957992553711,0.1290772408246994,0.0995575711131095,14.253436088562012,6.192476749420166,8.494495391845703,0.1250177919864654,0.0920044481754303,12.720651626586914,3.411104440689087,7.761899948120117,0.1110889315605163,0.0499848015606403,14.253436088562012
train,20260906_1837,t,0,empty,ok,40,42,5183,132.5,5372,1541,0.2868577810871184,4000,411,96.49972065386014,4.802000045776367,100,3.175997253947939,28,430.0,4.964126110076904,7.261303901672363,7.824695110321045,0.697628915309906,0.668602705001831,19.573766708374023,6.178858757019043,8.316635131835938,0.1282271295785904,0.0991392359137535,14.25162410736084,6.189591884613037,8.4733304977417,0.1247632727026939,0.0911652222275734,12.715872764587402,3.410857677459717,7.781674385070801,0.1107671409845352,0.0498946942389011,14.25162410736084
train,20260906_1838,t,0,empty,ok,50,51,5775,128.5,5999,1656,0.2760460076679447,5000,879,96.28048890718615,3.124999761581421,100,6.93792404094482,36,440.0,4.755387783050537,7.256803512573242,7.789844512939453,0.6887285113334656,0.6678317189216614,19.566728591918945,6.180119037628174,8.299086570739746,0.1284452080726623,0.0997699871659278,14.24405002593994,6.190197944641113,8.458086013793945,0.1234640553593635,0.0917645543813705,12.705199241638184,3.4105615615844727,7.791508674621582,0.1114675924181938,0.0500342920422554,14.24405002593994
train,20260906_1839,t,0,empty,ok,49,50,6374,132.0,5955,1240,0.20822837951301426,4900,459,107.04688942755429,2.0909998416900635,100,3.0232927706895554,36,510.0,5.081745147705078,7.2563796043396,7.804215908050537,0.6886897683143616,0.6695491671562195,19.56473159790039,6.180858135223389,8.309049606323242,0.1285014450550079,0.0995991006493568,14.24351406097412,6.190542221069336,8.453285217285156,0.1238632425665855,0.0908372327685356,12.70567512512207,3.4095001220703125,7.79383373260498,0.1113805323839187,0.0504937954246997,14.24351406097412
train,20260906_1840,t,0,empty,ok,39,40,5903,133.0,5998,1650,0.2750916972324108,3900,246,98.41777979716585,2.7159998416900635,100,6.147418968046935,18,370.0,4.5426411628723145,7.25877571105957,7.816895484924316,0.6908200979232788,0.6698467135429382,19.56536293029785,6.182325839996338,8.298847198486328,0.129581794142723,0.099549300968647,14.244865417480469,6.191805839538574,8.459704399108887,0.1229236051440239,0.090879276394844,12.710731506347656,3.409345865249634,7.7991838455200195,0.1104070544242858,0.0501228123903274,14.244865417480469
train,20260906_1841,t,0,empty,ok,36,37,5002,133.0,5588,1886,0.3375089477451682,3600,210,89.51804842124015,10.172000169754028,100,2.100177257416348,19,230.0,5.210237979888916,7.26404857635498,7.8179216384887695,0.6993651390075684,0.6674900650978088,19.56686782836914,6.181332588195801,8.292057037353516,0.1291595101356506,0.0985709130764007,14.246651649475098,6.194973945617676,8.463615417480469,0.1250330507755279,0.0903740897774696,12.716038703918455,3.409180164337158,7.797075271606445,0.1104578226804733,0.049571793526411,14.246651649475098
train,20260906_1843,t,0,empty,ok,30,31,4039,131.5,5094,2111,0.4144091087553985,3000,306,79.30492822905606,10.179999828338623,100,4.921213900287569,16,150.0,4.226062774658203,7.257148742675781,7.794631958007812,0.702265739440918,0.6667572855949402,19.56794548034668,6.180383205413818,8.28226089477539,0.1312157809734344,0.0990176498889923,14.247957229614258,6.198873996734619,8.46633529663086,0.1264640837907791,0.091249942779541,12.720767974853516,3.410208225250244,7.780265808105469,0.1098042875528335,0.0490070879459381,14.247957229614258
train,20260906_1844,t,0,empty,ok,43,43,5702,133.0,5879,1694,0.2881442422180643,4300,351,97.00413376224476,3.511000156402588,100,4.1842551962380075,22,330.0,4.716764450073242,7.264101982116699,7.803497314453125,0.6970392465591431,0.6672571301460266,19.56363296508789,6.180696964263916,8.264467239379883,0.1286148428916931,0.0987542569637298,14.243582725524902,6.195413112640381,8.461389541625977,0.1249604821205139,0.0915860533714294,12.7078218460083,3.4088308811187744,7.777037620544434,0.1111342161893844,0.0499531663954257,14.243582725524902
train,20260906_1845,t,0,empty,ok,48,50,6248,124.5,5897,1418,0.24046125148380532,4800,672,105.9575694743095,3.0249998569488525,100,2.017699171240301,38,530.0,4.909055709838867,7.264343738555908,7.801246643066406,0.6900843977928162,0.6683196425437927,19.563077926635746,6.180284023284912,8.245433807373047,0.1272022277116775,0.0987729653716087,14.24267578125,6.196689605712891,8.469346046447754,0.1229712292551994,0.0913270935416221,12.705503463745115,3.4086430072784424,7.772082328796387,0.1099160015583038,0.0490214303135871,14.24267578125
train,20260906_1846,t,0,empty,ok,55,56,6890,128.0,5943,978,0.16456335184250379,5500,708,115.93471344273115,0.8440001010894775,100,2.073121988670735,47,510.0,4.991518497467041,7.262518882751465,7.811549663543701,0.6879672408103943,0.6692211031913757,19.563814163208008,6.183333873748779,8.234664916992188,0.1263879686594009,0.1010728776454925,14.24438762664795,6.197256088256836,8.449318885803223,0.1241892427206039,0.0930075794458389,12.706255912780762,3.409139394760132,7.768417358398437,0.1109065189957618,0.0501949489116668,14.24438762664795
train,20260906_1849,t,0,empty,ok,43,45,6049,131.0,5889,1419,0.24095771777890984,4300,281,102.71693010212583,3.506999969482422,100,7.243266584719143,24,290.0,4.478476524353027,7.269282341003418,7.824141502380371,0.7013154029846191,0.6675902605056763,19.56681251525879,6.184986591339111,8.225991249084473,0.1282501816749572,0.0996383652091026,14.248479843139648,6.202988147735596,8.451885223388672,0.1257050782442093,0.0917931571602821,12.720890998840332,3.409752607345581,7.770036697387695,0.1113577187061309,0.0497804246842861,14.248479843139648
train,20260906_1850,t,0,empty,ok,53,54,6322,128.0,5655,1042,0.18426171529619806,5300,813,111.80475759353268,1.123000144958496,100,4.466515667919304,45,510.0,5.287710189819336,7.272711753845215,7.824680328369141,0.6929047107696533,0.6683866381645203,19.56494140625,6.185405254364014,8.234286308288574,0.1282420456409454,0.0999266132712364,14.246325492858888,6.203287124633789,8.429628372192383,0.1238790079951286,0.0916487202048301,12.71300983428955,3.409886121749878,7.779657363891602,0.1138159781694412,0.0502697117626667,14.246325492858888
train,20260906_1851,t,0,empty,ok,45,47,6529,132.0,5989,1207,0.20153614960761396,4500,301,109.01835072640972,2.058000087738037,100,4.507709928435215,21,410.0,4.421505928039551,7.264251708984375,7.8025221824646,0.6889921426773071,0.6684516668319702,19.563034057617188,6.183690071105957,8.234174728393555,0.128412052989006,0.1001568958163261,14.24420928955078,6.203408241271973,8.431990623474121,0.1243093460798263,0.0921149775385856,12.706926345825195,3.411275148391724,7.776817321777344,0.1129397377371788,0.0499120652675628,14.24420928955078
train,20260906_1852,t,0,empty,ok,30,31,4250,134.0,5910,2790,0.4720812182741117,3000,142,71.92174912765316,11.35099983215332,100,2.760373444694945,13,270.0,5.048841953277588,7.270120620727539,7.831108093261719,0.6950051784515381,0.6695950627326965,19.56516456604004,6.187588691711426,8.237457275390625,0.1292535960674286,0.102326400578022,14.247217178344728,6.207371234893799,8.431988716125488,0.1236884370446205,0.0938079506158828,12.713074684143066,3.412078380584717,7.800906181335449,0.1116960421204567,0.0502004660665988,14.247217178344728
train,20260906_1854,t,0,empty,ok,38,39,4422,131.0,5425,2163,0.3987096774193548,3800,658,81.51602856766779,8.848000049591064,100,3.6891385530537013,28,423.0,4.674685955047607,7.274810791015625,7.829607963562012,0.6921770572662354,0.6690097451210022,19.56809425354004,6.189627170562744,8.24401569366455,0.1279215067625045,0.0983724817633628,14.250873565673828,6.21218729019165,8.455730438232422,0.124699093401432,0.0910276025533676,12.7234525680542,3.412620782852173,7.822342872619629,0.1115289777517318,0.0493369363248348,14.250873565673828
train,20260906_1856,t,0,empty,ok,42,44,5834,133.0,5976,1711,0.2863119143239625,4200,291,97.62546217063888,3.942000150680542,100,4.473684956488592,28,330.0,4.393097877502441,7.277910709381103,7.829882621765137,0.7001322507858276,0.668382465839386,19.569313049316406,6.189388275146484,8.2606840133667,0.1269088387489318,0.0990309938788414,14.253287315368652,6.213335037231445,8.45284366607666,0.1246711537241935,0.0914256647229194,12.730852127075195,3.4124526977539062,7.822879314422607,0.1108492016792297,0.0494825169444084,14.253287315368652
train,20260906_1857,t,0,empty,ok,46,48,5877,132.5,5862,1487,0.2536676902081201,4600,537,100.2712800307097,4.049000024795532,100,3.107722252474571,35,110.0,4.465987205505371,7.279129505157471,7.847552299499512,0.7051647901535034,0.664304256439209,19.5705509185791,6.188779354095459,8.265290260314941,0.1301152408123016,0.0990314781665802,14.25360107421875,6.213770866394043,8.462652206420898,0.1270626485347747,0.0916158556938171,12.732440948486328,3.412763833999634,7.823002815246582,0.1113747358322143,0.04981704428792,14.25360107421875
train,20260906_1858,t,0,empty,ok,35,37,4899,134.0,4647,1025,0.22057241230901656,3500,255,105.42285392981698,2.1070001125335693,100,3.97447586637392,20,330.0,4.918710708618164,7.277692794799805,7.822093963623047,0.6901813745498657,0.6672402024269104,19.570606231689453,6.189548969268799,8.271073341369629,0.1280140131711959,0.0990222916007042,14.254461288452148,6.213681697845459,8.494955062866211,0.1250115185976028,0.0916313081979751,12.737218856811523,3.4121310710906982,7.816991806030273,0.1107795014977455,0.0496434643864631,14.254461288452148
train,20260906_1900,t,0,empty,ok,41,42,5644,129.0,5770,1603,0.2778162911611785,4100,305,97.8298548370475,3.1460001468658447,100,3.962206305752607,20,440.0,4.735705852508545,7.279964447021484,7.828211307525635,0.6869277954101562,0.6677491068840027,19.565889358520508,6.189370632171631,8.26950454711914,0.1287339925765991,0.0999687016010284,14.250279426574709,6.211383819580078,8.520979881286621,0.1241915524005889,0.0919170826673507,12.724221229553224,3.4115207195281982,7.785557746887207,0.1128650233149528,0.0500125028192997,14.250279426574709
train,20260906_1901,t,0,empty,ok,42,43,5867,132.5,5984,1662,0.27774064171123,4200,363,98.05297896314157,2.0989999771118164,100,3.7701812857284756,22,310.0,4.623610496520996,7.275931358337402,7.83304500579834,0.6900694370269775,0.6676029562950134,19.5687255859375,6.190093994140625,8.274133682250977,0.1279966235160827,0.0992188304662704,14.25185203552246,6.211742401123047,8.527257919311523,0.1242488548159599,0.0916402116417884,12.729387283325195,3.4122915267944336,7.790777206420898,0.1119533330202102,0.0498014278709888,14.25185203552246
train,20260906_1902,t,0,empty,ok,41,42,4050,88.0,4710,1552,0.3295116772823779,4100,1181,86.00186866864559,1.8650000095367432,100,3.401501541699814,34,370.0,4.559465408325195,7.270075798034668,7.802151679992676,0.6889774799346924,0.6686553359031677,19.570703506469727,6.187742710113525,8.278461456298828,0.127205416560173,0.0989625751972198,14.255760192871094,6.212597846984863,8.541653633117676,0.1232119500637054,0.0910721868276596,12.74107265472412,3.411374092102051,7.78752326965332,0.110426940023899,0.0495983064174652,14.255760192871094
train,20260906_1903,t,0,empty,ok,41,42,4806,122.0,5900,2359,0.3998305084745763,4100,669,81.46176927147374,12.776999950408936,100,7.361908392887822,35,530.0,4.954869270324707,7.274350166320801,7.822992324829102,0.6946932077407837,0.6691016554832458,19.57085418701172,6.188663482666016,8.279716491699219,0.1281707733869552,0.0999323949217796,14.254620552062988,6.21157693862915,8.54321002960205,0.1245728209614753,0.091794915497303,12.740460395812988,3.4118614196777344,7.777869701385498,0.1109954267740249,0.0500202067196369,14.254620552062988
train,20260906_1904,t,0,empty,ok,37,39,5211,133.0,5997,2152,0.35884608971152243,3700,268,86.89634481115287,7.6529998779296875,100,3.1870520797838613,22,350.0,5.22767448425293,7.274823188781738,7.83035945892334,0.6898657083511353,0.6686364412307739,19.57113075256348,6.189505100250244,8.284235954284668,0.1267909109592437,0.0995033383369445,14.256293296813965,6.211015701293945,8.541891098022461,0.1245985701680183,0.0917745903134346,12.745227813720703,3.4113316535949707,7.778688430786133,0.1116907745599746,0.0499265938997268,14.256293296813965
train,20260906_1905,t,0,empty,ok,34,35,4692,131.5,5711,2238,0.3918753283137804,3400,274,82.17018956237358,8.753000020980835,100,4.531107501576145,16,370.0,4.732290744781494,7.276407241821289,7.826448917388916,0.6927981376647949,0.6667683124542236,19.570953369140625,6.187985897064209,8.297438621520996,0.1271507889032364,0.098761647939682,14.255459785461426,6.208548545837402,8.558512687683105,0.1244822591543197,0.091118648648262,12.745171546936035,3.410874366760254,7.769060134887695,0.1112020909786224,0.0499140657484531,14.255459785461426
train,20260906_1910,t,1,present,ok,54,56,6742,129.0,5861,996,0.1699368708411534,5400,811,115.03548995687161,0.9890000820159912,100,14.080555549495966,46,570.0,21.92277717590332,7.348081588745117,8.037208557128906,0.9700896739959716,0.6915008425712585,19.539043426513672,6.291467189788818,8.47787094116211,0.8604045510292053,0.16485396027565,14.23684787750244,6.3587164878845215,8.6583251953125,0.9688584804534912,0.172560304403305,12.821971893310549,3.4222874641418457,7.883753776550293,0.4099920392036438,0.0775570049881935,14.23684787750244
train,20260906_1911,t,1,present,ok,48,50,6506,128.0,5996,1337,0.22298198799199467,4800,463,108.50928993632186,2.8359999656677246,100,11.772954625513423,32,400.0,20.91224670410156,7.342939376831055,7.863900184631348,1.0061569213867188,0.6893844604492188,19.5308895111084,6.260478019714356,8.391573905944824,0.6329035758972168,0.1334685534238815,14.228224754333496,6.302072525024414,8.606378555297852,0.7473108172416687,0.135371908545494,12.786789894104004,3.4349827766418457,7.822678565979004,0.3504600524902344,0.0668679475784301,14.228224754333496
train,20260906_1912,t,1,present,ok,33,33,4368,135.0,5892,2715,0.4607942973523422,3300,334,74.14071124209867,12.056999921798706,100,8.276155204239053,20,170.0,19.536582946777344,7.30070686340332,7.908467769622803,0.7433592081069946,0.6880102157592773,19.532276153564453,6.338902473449707,8.770689010620117,0.7275343537330627,0.2269125282764434,14.22748565673828,6.450845241546631,9.325682640075684,0.8592407703399658,0.2459053695201873,12.77522087097168,3.436451911926269,7.746629238128662,0.3594787120819092,0.1002321690320968,14.22748565673828
train,20260906_1920,t,0,empty,ok,57,59,7735,135.0,5863,282,0.04809824322019444,5700,254,131.9425489635116,0.6889998912811279,100,2.347755100817457,55,570.0,5.645763874053955,7.274046897888184,7.806294441223144,0.6841493248939514,0.6654008030891418,19.56312561035156,6.221416473388672,8.452754020690918,0.126701146364212,0.0983220040798187,14.25200366973877,6.316622257232666,8.62614631652832,0.1230060011148452,0.0890064090490341,12.776503562927246,3.430139303207397,7.830288887023926,0.1097904294729232,0.0494269914925098,14.25200366973877
train,20260906_1921,t,0,empty,ok,45,47,6463,135.0,5886,1171,0.19894665307509343,4500,223,109.80665278164095,2.5360000133514404,100,3.88227614587438,27,460.0,4.691809177398682,7.271380424499512,7.810642242431641,0.6923220753669739,0.6670268177986145,19.55986785888672,6.214996814727783,8.44920539855957,0.1281625628471374,0.0981779471039772,14.24742603302002,6.312971115112305,8.62349796295166,0.1237222328782081,0.0885679945349693,12.757172584533691,3.4260482788085938,7.826854705810547,0.1098098680377006,0.0493149869143962,14.24742603302002
train,20260906_1922,t,0,empty,ok,40,42,6230,135.0,5894,1362,0.23108245673566338,4000,180,105.70429949829794,2.2300000190734863,100,3.537855702151765,16,390.0,4.764341831207275,7.272222518920898,7.807580947875977,0.6869490742683411,0.6658397912979126,19.55755615234375,6.212364673614502,8.444940567016602,0.1284850984811782,0.0982323437929153,14.243271827697754,6.309410572052002,8.611465454101562,0.1246553510427475,0.0888551697134971,12.74098300933838,3.4230406284332275,7.829023361206055,0.1121004596352577,0.0497683770954608,14.243271827697754
train,20260906_1923,t,0,empty,ok,36,38,4858,133.0,5965,2435,0.4082145850796312,3600,499,81.44310894981633,4.7179999351501465,100,4.733733291280401,16,380.0,4.670942306518555,7.261430740356445,7.785566329956055,0.6930314898490906,0.6669155955314636,19.554540634155277,6.20308780670166,8.436408996582031,0.1269140243530273,0.0984939113259315,14.239338874816896,6.303138256072998,8.60241413116455,0.1248239651322364,0.0889542177319526,12.729044914245604,3.41650938987732,7.829900741577148,0.1096714958548545,0.0495580248534679,14.239338874816896
train,20260906_1924,t,0,empty,ok,49,50,5559,112.0,5995,1836,0.30625521267723105,4900,1001,92.73810144400926,2.8959999084472656,100,3.440012983716163,38,430.0,4.446043014526367,7.26496410369873,7.792873382568359,0.6867828369140625,0.6667372584342957,19.55857276916504,6.204948902130127,8.439901351928711,0.1272709518671035,0.0989351794123649,14.24379062652588,6.306126594543457,8.618806838989258,0.1254438906908035,0.0895953103899955,12.737126350402832,3.4180784225463867,7.834056377410889,0.1089053973555564,0.0494838841259479,14.24379062652588
train,20260906_1925,t,0,empty,ok,37,38,4433,134.0,5907,2610,0.4418486541391569,3700,633,75.05290804367131,8.760999917984009,100,2.4493045527013493,22,450.0,4.633889675140381,7.2626142501831055,7.806769371032715,0.694238543510437,0.6691622734069824,19.56022834777832,6.205053806304932,8.450386047363281,0.1257308274507522,0.0977811589837074,14.24465274810791,6.305572509765625,8.619749069213867,0.1231863051652908,0.0887048691511154,12.736802101135254,3.418186664581299,7.840850830078125,0.1092726215720176,0.0492294505238533,14.24465274810791
train,20260906_1926,t,0,empty,ok,35,35,4326,131.0,5992,2831,0.47246328437917223,3500,468,72.20710719293504,12.38099980354309,100,2.258692284703682,19,210.0,4.772841453552246,7.265591144561768,7.815604209899902,0.6954251527786255,0.6677790880203247,19.56095123291016,6.203792095184326,8.44931697845459,0.1287775933742523,0.0980930849909782,14.244760513305664,6.305310726165772,8.620573997497559,0.1239343136548996,0.0889502838253974,12.734539985656738,3.417498588562012,7.842038154602051,0.1095068752765655,0.0499649010598659,14.244760513305664
train,20260906_1927,t,0,empty,ok,36,36,4596,132.5,5722,2365,0.41331702202027265,3600,384,80.32718109558688,14.38099980354309,100,2.730877581908425,27,230.0,4.745375633239746,7.265865325927734,7.824275016784668,0.6923968195915222,0.6647277474403381,19.55870246887207,6.201091289520264,8.456515312194824,0.1263185143470764,0.098049372434616,14.241559982299805,6.300041675567627,8.625659942626953,0.12373086810112,0.0881489217281341,12.724203109741213,3.414246082305908,7.83712100982666,0.1072195768356323,0.0496903397142887,14.241559982299805
train,20260906_1928,t,0,empty,ok,42,44,5967,134.0,5872,1518,0.25851498637602177,4200,363,101.63169387613156,5.63100004196167,100,2.4782005961718787,27,360.0,4.904490947723389,7.258689403533935,7.801227569580078,0.6895402669906616,0.6674137115478516,19.559715270996094,6.196827411651611,8.454614639282227,0.1266227960586547,0.0981378778815269,14.243704795837402,6.297989368438721,8.616730690002441,0.1242149248719215,0.0885130167007446,12.727730751037598,3.4123356342315674,7.833442687988281,0.1086010783910751,0.0494584143161773,14.243704795837402
train,20260906_1930,t,0,empty,ok,51,52,6728,134.0,5999,1092,0.18203033838973162,5100,469,112.16698366376816,1.8359999656677246,100,1.8102678949718127,35,470.0,4.595249652862549,7.25278377532959,7.79512357711792,0.6878678798675537,0.6687172055244446,19.560009002685547,6.192869186401367,8.456839561462402,0.1257746517658233,0.0982931926846504,14.242849349975586,6.2928786277771,8.62164306640625,0.1233532130718231,0.0881268605589866,12.7202730178833,3.409571409225464,7.833456039428711,0.1091196686029434,0.0493330359458923,14.242849349975586
train,20260906_1933,t,0,empty,ok,33,33,4869,133.0,5999,2398,0.39973328888148024,3300,240,81.17705899385913,6.721999883651733,100,2.961256838491526,13,300.0,4.966970920562744,7.253246307373047,7.802036285400391,0.6952024698257446,0.6694675087928772,19.566368103027344,6.198028564453125,8.459053039550781,0.1271246522665023,0.098354622721672,14.249360084533691,6.29586935043335,8.634994506835938,0.1251633167266845,0.0879049524664878,12.731298446655272,3.4143452644348145,7.832075595855713,0.1081727147102356,0.0496281497180461,14.249360084533691
train,20260906_1934,t,0,empty,ok,41,43,5331,132.0,5849,1935,0.33082578218498887,4100,484,91.15781202216706,6.2209999561309814,100,3.183445638207212,23,270.0,4.6943135261535645,7.266146659851074,7.821595191955566,0.6920503377914429,0.6668503880500793,19.567541122436523,6.203742504119873,8.46325969696045,0.1262963116168975,0.0983718112111091,14.249956130981444,6.296865463256836,8.64535140991211,0.1219334527850151,0.088001474738121,12.730385780334473,3.4163384437561035,7.83311653137207,0.1107432469725608,0.0503309778869152,14.249956130981444
train,20260906_1935,t,0,empty,ok,44,46,6092,133.0,5862,1450,0.24735585124530876,4400,354,103.94130670742771,2.5419998168945312,100,3.5428879826207225,23,310.0,4.487195014953613,7.262278079986572,7.803724765777588,0.6950272917747498,0.6694647073745728,19.56623077392578,6.197932243347168,8.450233459472656,0.1267154961824417,0.0987538322806358,14.247810363769531,6.289770603179932,8.63566780090332,0.1246287971735,0.0884176865220069,12.724579811096191,3.4119086265563965,7.825758934020996,0.1076121404767036,0.0496223680675029,14.247810363769531
train,20260906_1937,t,0,empty,ok,46,46,6082,133.0,5622,1159,0.20615439345428674,4600,479,108.19368843072084,1.755000114440918,100,3.6710506312848925,26,323.0,4.667198657989502,7.258472919464111,7.79304838180542,0.6951031684875488,0.6679913997650146,19.570520401000977,6.199779033660889,8.443754196166992,0.1291065514087677,0.0993334352970123,14.253082275390623,6.293826103210449,8.662195205688477,0.1243377774953842,0.0887287482619285,12.735041618347168,3.4147942066192627,7.827109336853027,0.1112222820520401,0.0497779510915279,14.253082275390623
train,20260906_1938,t,0,empty,ok,46,47,4965,103.5,5897,2150,0.36459216550788537,4600,1013,84.2067773989053,7.29200005531311,100,3.4697877368558556,34,430.0,4.415817737579346,7.255953311920166,7.78327751159668,0.6934436559677124,0.6690196990966797,19.56979751586914,6.196191310882568,8.429452896118164,0.127522811293602,0.0990227982401847,14.250850677490234,6.290665149688721,8.678629875183105,0.1232373714447021,0.0879575386643409,12.730616569519045,3.4121181964874268,7.823771953582764,0.1114408150315284,0.049829863011837,14.250850677490234
train,20260906_1939,t,0,empty,ok,44,46,6027,133.0,5737,1349,0.23514031723897508,4400,448,105.06406387252254,2.447999954223633,100,3.676353434907024,28,440.0,4.547607421875,7.258767127990723,7.803491592407227,0.6902600526809692,0.6693426370620728,19.57058334350586,6.200261116027832,8.429738998413086,0.1272532194852829,0.0989345908164978,14.253066062927246,6.290517807006836,8.67402172088623,0.1235075071454048,0.0887196660041809,12.731572151184082,3.4137911796569824,7.825285911560059,0.1099336892366409,0.0495479889214038,14.253066062927246
train,20260906_1945,t,1,sleep,ok,58,59,7547,133.0,5999,471,0.07851308551425237,5800,369,125.82317745152102,1.5309998989105225,100,6.492968379703655,54,560.0,7.900201797485352,7.255683898925781,7.809649467468262,0.7008737325668335,0.6721075773239136,19.57373046875,5.972983360290527,7.991438388824463,0.3447751998901367,0.1184757053852081,14.258336067199709,6.041540622711182,8.264720916748047,0.4234591424465179,0.1164570674300193,12.743436813354492,3.2924509048461914,7.126342296600342,0.2009856700897216,0.0599634796380996,14.258336067199709
train,20260906_1946,t,1,sleep,ok,47,49,6171,133.0,5958,1449,0.243202416918429,4700,510,103.58371833415067,2.6660001277923584,100,5.036987762727736,31,520.0,8.393475532531738,7.256283760070801,7.80983304977417,0.6928139925003052,0.6699733138084412,19.57261848449707,5.978643894195557,8.059833526611328,0.2147643864154815,0.1203148514032363,14.256950378417969,6.098509311676025,8.413558006286621,0.3040138483047485,0.1165936142206192,12.737621307373049,3.305957794189453,7.225989818572998,0.1649966835975647,0.0616263002157211,14.256950378417969
train,20260906_1947,t,1,sleep,ok,48,49,6306,131.5,5873,1232,0.2097735399284863,4800,485,107.38003597081338,2.0909998416900635,100,6.534679581212209,35,420.0,8.74179458618164,7.263740062713623,7.820207118988037,0.6941044926643372,0.6704018712043762,19.57263565063477,5.984393119812012,8.02706241607666,0.3423525989055633,0.1247993856668472,14.256065368652344,6.0649824142456055,8.341501235961914,0.5076457858085632,0.1249202415347099,12.736154556274414,3.3091511726379395,7.229949951171875,0.2063910216093063,0.0657450556755065,14.256065368652344
train,20260906_1948,t,1,sleep,ok,47,48,5856,128.0,5930,1621,0.2733558178752108,4700,585,98.76376640911056,2.3610002994537354,100,3.8332048185254575,34,490.0,5.682615756988525,7.257067203521728,7.82918643951416,0.6970744132995605,0.6719161868095398,19.568233489990234,6.000327110290527,7.967456817626953,0.3596265614032745,0.1191925853490829,14.250725746154783,6.054676532745361,8.252062797546387,0.489245742559433,0.1178285852074623,12.722466468811035,3.307746410369873,7.299469947814941,0.1940615475177765,0.0610326863825321,14.250725746154783
train,20260906_1949,t,1,sleep,ok,47,48,6280,133.0,5999,1348,0.22470411735289214,4700,453,104.69458527931972,2.2269999980926514,100,7.421153841314967,29,290.0,4.665962219238281,7.257894515991211,7.835323810577393,0.6977276802062988,0.6730163097381592,19.565034866333008,5.973842620849609,7.912918567657471,0.2078325748443603,0.1183604374527931,14.248781204223633,6.031581878662109,8.234087944030762,0.2516143918037414,0.1138749346137046,12.718107223510742,3.2856483459472656,7.210184574127197,0.1479236781597137,0.0613235533237457,14.248781204223633
train,20260906_1950,t,1,sleep,ok,45,46,4792,104.0,5954,2317,0.3891501511588848,4500,1109,80.4918195864102,4.856000185012817,100,4.628038496938247,35,470.0,5.4074296951293945,7.249763488769531,7.801553726196289,0.6893118619918823,0.672177255153656,19.56780815124512,5.989315032958984,7.9458465576171875,0.2571099698543548,0.1157420948147773,14.250936508178713,6.04069709777832,8.22712230682373,0.3407373428344726,0.1129911765456199,12.724658966064451,3.2976651191711426,7.245399475097656,0.185577780008316,0.0592065751552581,14.250936508178713
train,20260906_1951,t,1,sleep,ok,17,18,2307,134.0,5999,4305,0.7176196032672112,1700,216,38.46089722853933,14.200999975204468,100,5.338120176667293,8,130.0,4.367241859436035,7.256391048431396,7.851437091827393,0.7082951068878174,0.6729901432991028,19.56767845153809,6.00534200668335,7.908694267272949,0.2220674306154251,0.114076167345047,14.25095272064209,6.074432849884033,8.268376350402832,0.2887763381004333,0.1096841394901275,12.724300384521484,3.311612367630005,7.298512458801269,0.1557473391294479,0.0579284094274044,14.25095272064209
train,20260906_1953,t,1,sleep,ok,48,50,6516,133.0,5859,1080,0.18433179723502305,4800,333,111.21731401351751,2.2130000591278076,100,3.8807968699585285,31,350.0,4.8014302253723145,7.256768226623535,7.831520080566406,0.705460786819458,0.6721002459526062,19.56780242919922,5.982004165649414,8.015913963317871,0.3416612148284912,0.1187375634908676,14.251416206359863,6.044212818145752,8.332279205322266,0.5225557684898376,0.1174965873360633,12.730332374572754,3.3003721237182617,7.305569171905518,0.1722982227802276,0.0628126859664917,14.251416206359863
train,20260906_1954,t,1,sleep,ok,54,56,5777,111.5,5945,1674,0.2815811606391926,5400,1353,97.18717419546805,2.6440000534057617,100,3.45457020621396,46,570.0,4.479392051696777,7.260923385620117,7.817015647888184,0.6949232816696167,0.6727333664894104,19.566242218017575,6.056865692138672,8.130257606506348,0.3942782878875732,0.1291705965995788,14.249404907226562,6.13577127456665,8.388136863708496,0.5356160998344421,0.1328703612089157,12.726624488830566,3.3372466564178467,7.577403545379639,0.2288337498903274,0.0673578009009361,14.249404907226562
train,20260906_1955,t,1,sleep,ok,44,46,6180,134.0,5959,1443,0.24215472394697096,4400,315,103.7086761017182,2.4750001430511475,100,3.790626703736841,24,380.0,4.692428112030029,7.254497051239014,7.815641403198242,0.6958364248275757,0.673306405544281,19.56556510925293,6.049848556518555,8.180997848510742,0.3892862200736999,0.1369635909795761,14.249218940734863,6.124428749084473,8.460897445678711,0.5258738994598389,0.1450498551130294,12.721796989440918,3.3327975273132324,7.554248809814453,0.2056456804275512,0.0706138834357261,14.249218940734863
train,20260906_1956,t,1,sleep,ok,35,37,4620,133.0,5876,2474,0.42103471749489446,3500,345,78.63026749098889,11.247999906539917,100,3.657277017748341,18,330.0,7.473272323608398,7.256935119628906,7.827995300292969,0.6929406523704529,0.6708050966262817,19.56812286376953,6.029759407043457,8.19230842590332,0.2963492274284363,0.1219185143709182,14.250576972961426,6.098602294921875,8.53577709197998,0.4195078313350677,0.1212575808167457,12.725172996520996,3.3187451362609863,7.4461259841918945,0.1932818293571472,0.0639904737472534,14.250576972961426
train,20260906_1957,t,1,sleep,ok,37,39,4602,132.0,4982,1549,0.3109193095142513,3700,524,92.3743953004161,9.141999959945679,100,6.158594168850256,29,250.0,6.161261558532715,7.261110782623291,7.838076591491699,0.7092471122741699,0.6742392778396606,19.56939125061035,6.037065505981445,8.142842292785645,0.3486230969429016,0.1275787651538849,14.252479553222656,6.079526424407959,8.37398910522461,0.5371760725975037,0.1365973204374313,12.72964096069336,3.329359769821167,7.377958297729492,0.225105345249176,0.0658784881234169,14.252479553222656
train,20260906_1958,t,1,sleep,ok,32,34,4482,132.5,5396,2089,0.38713862120088954,3200,322,83.06614523739412,7.924999952316284,100,4.03425607324171,18,280.0,4.996524810791016,7.273599624633789,7.849242210388184,0.6999553442001343,0.6742637157440186,19.57233619689941,6.058588981628418,8.143316268920898,0.3818581998348236,0.146810233592987,14.255434036254885,6.129809379577637,8.41639232635498,0.5482039451599121,0.1646701395511627,12.739020347595217,3.337470531463623,7.557933330535889,0.2302424013614654,0.078133225440979,14.255434036254885
train,20260906_1959,t,1,sleep,ok,40,41,5372,126.0,5805,1899,0.3271317829457364,4000,531,92.5409130820447,3.1740002632141113,100,4.373794309955284,21,480.0,7.987380027770996,7.260986328125,7.820112228393555,0.6931486129760742,0.6743467450141907,19.56939697265625,6.046724796295166,8.108108520507812,0.3832407891750335,0.1498656868934631,14.252426147460938,6.099727153778076,8.35687255859375,0.5567558407783508,0.1707266569137573,12.731995582580566,3.3285813331604004,7.405395984649658,0.2427612692117691,0.0768373757600784,14.252426147460938
train,20260906_2000,t,1,sleep,ok,41,42,5574,133.0,5157,1073,0.2080667054489044,4100,279,108.08819250676791,1.9270000457763672,100,7.167434060201973,26,290.0,4.953560829162598,7.256374359130859,7.821629047393799,0.6946020126342773,0.6730130314826965,19.57196044921875,6.040277481079102,8.092034339904785,0.4151290655136108,0.1497003883123397,14.255782127380373,6.103219509124756,8.326353073120117,0.5796480774879456,0.1686675101518631,12.739096641540527,3.3288254737854004,7.417869567871094,0.2584964632987976,0.0801181122660636,14.255782127380373
train,20260906_2001,t,1,sleep,ok,46,47,4886,109.5,5967,2288,0.38344226579520696,4600,1110,81.89604630214225,7.989000082015991,100,5.93697880975862,38,480.0,10.31566047668457,7.252133369445801,7.80267333984375,0.700035810470581,0.6749905943870544,19.57316780090332,5.997459888458252,7.81914758682251,0.6065552234649658,0.1484708189964294,14.2576322555542,6.098844051361084,8.223941802978516,0.6531481742858887,0.1585262715816497,12.747294425964355,3.312133312225342,7.476776123046875,0.3181546926498413,0.0749543830752372,14.2576322555542
train,20260906_2103,t,0,empty,ok,53,54,6970,133.0,5999,934,0.15569261543590598,5300,412,116.19765277020039,3.7960000038146973,100,6.219494973401154,44,530.0,5.050937652587891,7.242691993713379,7.782380104064941,0.6814923286437988,0.6648401618003845,19.57094955444336,5.931567192077637,7.887502670288086,0.1292545646429062,0.1061322689056396,14.263349533081056,6.0222015380859375,8.060089111328125,0.124814748764038,0.096513494849205,12.8350248336792,3.2839877605438232,7.161741733551025,0.1109928414225578,0.052854299545288,14.263349533081056
train,20260906_2104,t,0,empty,ok,45,46,6059,132.0,5942,1474,0.24806462470548638,4500,321,101.98448096545017,6.03000020980835,100,4.04090333181842,31,420.0,5.108901977539063,7.246778964996338,7.799214363098144,0.688179612159729,0.6660288572311401,19.566356658935547,5.931982517242432,7.90100622177124,0.1300830543041229,0.1064012423157692,14.257137298583984,6.016117572784424,8.065716743469238,0.1248334050178527,0.0965921953320503,12.812664985656738,3.283987283706665,7.179428577423096,0.107978880405426,0.0523779392242431,14.257137298583984
train,20260906_2105,t,0,empty,ok,33,35,4385,130.0,5824,2586,0.44402472527472525,3300,346,75.29835992009245,14.255000114440918,100,3.379496392109582,17,380.0,5.518744468688965,7.243076324462891,7.801222801208496,0.6889607906341553,0.6678062677383423,19.562965393066406,5.9279069900512695,7.899218082427978,0.1295380294322967,0.1066225692629814,14.252107620239258,6.0077080726623535,8.063065528869629,0.1242385804653167,0.0957536473870277,12.794757843017578,3.282161235809326,7.185108184814453,0.1090909019112587,0.0527096129953861,14.252107620239258
train,20260906_2106,t,0,empty,ok,45,47,6358,131.0,5868,1190,0.20279481935923654,4500,355,108.36514830932266,1.8569998741149902,100,8.051323643565642,25,370.0,4.820370197296143,7.240871429443359,7.797359943389893,0.6885068416595459,0.6685507893562317,19.56114959716797,5.924928188323975,7.894711971282959,0.1283342540264129,0.1076254025101661,14.249311447143556,6.00279712677002,8.061626434326172,0.1247187256813049,0.0978180766105651,12.783291816711426,3.280463457107544,7.188271999359131,0.1121523380279541,0.0532053969800472,14.249311447143556
train,20260906_2107,t,0,empty,ok,43,44,5438,128.0,5763,1724,0.2991497483949332,4300,470,94.36057629183765,7.977999925613403,100,5.442351034554571,33,70.0,4.309833526611328,7.22429084777832,7.768071174621582,0.7159333229064941,0.6638177037239075,19.559171676635746,5.915966987609863,7.892233371734619,0.1337614953517913,0.107142649590969,14.246200561523438,6.000095367431641,8.065959930419922,0.1263782232999801,0.0971680581569671,12.77397632598877,3.2787442207336426,7.193525314331055,0.1124400794506073,0.0534158982336521,14.246200561523438
train,20260906_2108,t,0,empty,ok,32,33,4361,131.0,5916,2709,0.4579107505070994,3200,192,73.72157893853759,11.905999898910522,100,4.971827931141389,21,310.0,5.036418914794922,7.240578651428223,7.802881717681885,0.6986323595046997,0.6679655313491821,19.56104278564453,5.923587799072266,7.896820068359375,0.1315044462680816,0.1083259508013725,14.247797966003418,5.999594688415527,8.062859535217285,0.1238335818052291,0.0963240787386894,12.773512840270996,3.28147554397583,7.18888521194458,0.1108486354351043,0.0533731244504451,14.247797966003418
train,20260906_2109,t,0,empty,ok,43,45,5502,127.0,5985,1934,0.32314118629908106,4300,582,91.94057757869744,4.316999912261963,100,7.612073804203183,26,380.0,4.547299861907959,7.244446754455566,7.812626838684082,0.6883981823921204,0.6678425073623657,19.55893898010254,5.920989990234375,7.891302585601807,0.1293690502643585,0.1065337285399437,14.24451732635498,5.99468994140625,8.064228057861328,0.1242583096027374,0.0964594781398773,12.761529922485352,3.2784316539764404,7.193755149841309,0.1107445657253265,0.0524075664579868,14.244590759277344
train,20260906_2110,t,0,empty,ok,45,47,5395,122.0,5152,1225,0.23777173913043478,4500,821,104.722712972312,2.0339999198913574,100,6.531276166293203,35,500.0,4.919666767120361,7.242712020874023,7.813764572143555,0.6984730958938599,0.6692892909049988,19.557212829589844,5.920821666717529,7.890286922454834,0.1276844292879104,0.1079003736376762,14.242820739746094,5.992330551147461,8.065312385559082,0.1238486915826797,0.0965341031551361,12.753371238708496,3.27860164642334,7.194719314575195,0.1120119839906692,0.0530935563147068,14.2428617477417
train,20260906_2111,t,0,empty,ok,47,49,5953,125.0,5750,1439,0.25026086956521737,4700,761,103.53403613475773,2.307000160217285,100,4.85437038634632,34,536.0,5.0267181396484375,7.241179466247559,7.803507328033447,0.6886786222457886,0.6688885688781738,19.559106826782227,5.918943881988525,7.903180122375488,0.1290667802095413,0.1079596802592277,14.244765281677246,5.992998123168945,8.06250286102295,0.124396413564682,0.0973478779196739,12.755210876464844,3.2784671783447266,7.19938325881958,0.110703095793724,0.0528188236057758,14.244791984558104
train,20260906_2112,t,0,empty,ok,31,33,4510,131.0,5927,2600,0.4386704909735111,3100,276,76.09759416319005,6.230999946594238,100,5.490070342457196,13,260.0,4.539513111114502,7.245441436767578,7.824061393737793,0.6957972049713135,0.669775128364563,19.560529708862305,5.922480583190918,7.910484313964844,0.1271489411592483,0.1075694113969802,14.245708465576172,5.993043422698975,8.066569328308105,0.1243730187416076,0.0975024104118347,12.755861282348633,3.2789862155914307,7.206272602081299,0.1091531068086624,0.0527524016797542,14.245769500732422
train,20260906_2113,t,0,empty,ok,33,35,4395,129.0,5892,2652,0.45010183299389,3300,393,74.59393385669176,11.082000017166138,100,9.444375974644306,18,260.0,5.118961334228516,7.247039318084717,7.818676948547363,0.6943747401237488,0.6679315567016602,19.56195640563965,5.921984672546387,7.906406402587891,0.1297148764133453,0.1059083938598632,14.246444702148438,5.993654251098633,8.063344955444336,0.1242913678288459,0.0966256558895111,12.756333351135254,3.2790889739990234,7.206772804260254,0.1078443080186843,0.051171388477087,14.24648094177246
train,20260906_2114,t,0,empty,ok,44,44,5680,131.0,5803,1587,0.2734792348785111,4400,475,97.89052777418654,4.190999984741211,100,2.957139365512141,26,70.0,4.298399925231934,7.251607894897461,7.859111785888672,0.7177508473396301,0.6658667325973511,19.561227798461918,5.921673774719238,7.910853862762451,0.130645751953125,0.1090431660413742,14.245193481445312,5.988162040710449,8.064301490783691,0.1261060684919357,0.0974451899528503,12.75010871887207,3.277678966522217,7.203536987304688,0.1121091544628143,0.0557452142238616,14.24520206451416
train,20260906_2115,t,0,empty,ok,33,35,4494,132.0,5862,2585,0.4409757761856022,3300,372,76.66717832887258,19.42200016975403,100,3.1396531841147244,21,330.0,4.508989334106445,7.247075080871582,7.8397536277771,0.7009481191635132,0.6692478060722351,19.564558029174805,5.922100067138672,7.904115200042725,0.1283338069915771,0.1069312095642089,14.248751640319824,5.991038799285889,8.067041397094727,0.1240874230861663,0.0982873737812042,12.760666847229004,3.278055191040039,7.218640327453613,0.1093019247055053,0.0524055957794189,14.248820304870604
train,20260906_2116,t,0,empty,ok,55,57,7341,133.0,5861,651,0.11107319570039242,5500,516,125.26662422490773,0.6759998798370361,100,2.7312331033956387,49,570.0,4.950186252593994,7.243577003479004,7.798196792602539,0.6952454447746277,0.6694563627243042,19.56267738342285,5.919145107269287,7.910032272338867,0.1291399449110031,0.107582002878189,14.246903419494627,5.9911322593688965,8.069945335388184,0.1239408552646637,0.0966218411922454,12.754197120666504,3.277212858200073,7.21631908416748,0.110241524875164,0.0527176223695278,14.2469482421875
train,20260906_2117,t,0,empty,ok,41,42,6148,134.0,5999,1498,0.24970828471411902,4100,139,102.4957074559706,2.5210001468658447,100,12.239814041479695,19,400.0,4.74845027923584,7.24751091003418,7.811071395874023,0.6895583868026733,0.6675245761871338,19.563974380493164,5.9211039543151855,7.912637710571289,0.1279064714908599,0.1076037287712097,14.248408317565918,5.99197244644165,8.070449829101562,0.12469432502985,0.0973694249987602,12.75535011291504,3.277522563934326,7.216218948364258,0.1098652780055999,0.0521967001259326,14.248440742492676
train,20260906_2118,t,0,empty,ok,49,50,6294,134.0,5828,1225,0.21019217570350035,4900,611,108.00514782839684,3.677000045776367,100,2.372757570032894,35,570.0,4.462563514709473,7.251004219055176,7.819733619689941,0.6885894536972046,0.6688807606697083,19.56713485717773,5.923880577087402,7.903547763824463,0.1264437139034271,0.1069702878594398,14.250896453857422,5.991720199584961,8.069122314453125,0.1242122948169708,0.0972848609089851,12.762035369873049,3.277968406677246,7.226613998413086,0.1082300990819931,0.052100483328104,14.250980377197266
train,20260906_2119,t,0,empty,ok,47,48,5989,132.0,5611,1228,0.21885581892710745,4700,509,106.74627926145578,2.567000150680542,100,4.821596762212813,35,240.0,5.327291011810303,7.248197078704834,7.818375110626221,0.6941415071487427,0.6673915386199951,19.568262100219727,5.922877788543701,7.9035964012146,0.1310512125492096,0.1088714674115181,14.252820014953612,5.994108200073242,8.069567680358887,0.1255779415369033,0.0974349826574325,12.766852378845217,3.278214454650879,7.223565101623535,0.1114734709262847,0.0533261410892009,14.252850532531738
train,20260906_2120,t,0,empty,ok,33,34,4233,132.0,3994,848,0.21231847771657486,3300,437,105.9892834854277,1.4119999408721924,100,3.817251616092214,24,140.0,4.658790588378906,7.247017860412598,7.820605754852295,0.7039254307746887,0.667518138885498,19.569963455200195,5.922152519226074,7.902202606201172,0.1305851191282272,0.1078330352902412,14.25351333618164,5.995055675506592,8.069007873535156,0.1242922246456146,0.0965437516570091,12.768668174743652,3.277989625930786,7.223389625549316,0.109041541814804,0.0528964288532733,14.25353717803955
train,20260906_2121,t,0,empty,ok,34,35,4143,130.0,4594,1557,0.33892033086634743,3400,500,90.18481050533948,4.398000001907349,100,17.46106104923286,22,220.0,4.859913349151611,7.2505621910095215,7.829042911529541,0.6966756582260132,0.6698099970817566,19.57015991210937,5.925273895263672,7.90101957321167,0.1282334625720977,0.1084070429205894,14.253576278686523,5.995071887969971,8.069439888000488,0.1241156831383705,0.0965726748108863,12.768535614013672,3.279150485992432,7.228683948516846,0.1109309792518615,0.0535638518631458,14.253600120544434
train,20260906_2122,t,0,empty,ok,35,37,4812,133.0,4284,795,0.18557422969187676,3500,292,112.34066366839839,3.2739999294281006,100,2.9844287068374635,25,250.0,5.231047630310059,7.249354362487793,7.819573402404785,0.6950434446334839,0.6687189340591431,19.567087173461918,5.923681259155273,7.905665874481201,0.1288025379180908,0.106591872870922,14.250069618225098,5.992397308349609,8.069595336914062,0.125446617603302,0.0970349162817001,12.759181022644045,3.2785322666168213,7.243419647216797,0.1102276518940925,0.0524890758097171,14.250103950500488
train,20260906_2123,t,0,empty,ok,44,46,5137,119.5,5949,2149,0.36123718271978483,4400,881,86.36516473356953,7.935999870300293,100,3.9700696877403585,30,260.0,4.763401031494141,7.251639842987059,7.844833374023437,0.7038891911506653,0.6714243292808533,19.56844139099121,5.925101280212402,7.903871536254883,0.1300995349884033,0.1087999939918518,14.251386642456056,5.9923415184021,8.070040702819824,0.1242859289050102,0.0978633388876915,12.761178016662598,3.278470039367676,7.239543914794922,0.1102945655584335,0.0532789044082164,14.251480102539062
train,20260906_2124,t,0,empty,ok,46,47,6295,133.0,5928,1333,0.22486504723346828,4600,326,106.20529115638185,3.0279998779296875,100,4.6078865826320445,24,330.0,4.765590667724609,7.248692035675049,7.807213306427002,0.6946495175361633,0.6695138216018677,19.56737899780273,5.921683311462402,7.898083209991455,0.1301057487726211,0.1068574041128158,14.250152587890623,5.991877555847168,8.069565773010254,0.1250706762075424,0.0968846678733825,12.756304740905762,3.278260469436645,7.239016532897949,0.1098022907972335,0.0522537194192409,14.250168800354004
train,20260906_2125,t,0,empty,ok,52,53,6516,123.5,5919,1273,0.2150701131947964,5200,829,110.097323572588,2.240999937057495,100,3.4632353044678372,42,480.0,4.429524421691895,7.242658138275146,7.793487071990967,0.693048894405365,0.6689969897270203,19.56383514404297,5.918710708618164,7.900969982147217,0.1301443874835968,0.107712909579277,14.246930122375488,5.988239288330078,8.06735897064209,0.1247295141220092,0.0964256003499031,12.74600887298584,3.2762467861175537,7.233504295349121,0.1106937527656555,0.0526594743132591,14.246935844421388
train,20260906_2126,t,0,empty,ok,45,46,6353,133.0,5999,1328,0.22137022837139522,4500,299,105.91510766698335,2.5999996662139893,100,2.919042532760053,23,390.0,5.361160755157471,7.2525763511657715,7.836187362670898,0.6927577257156372,0.6718923449516296,19.56623268127441,5.925541877746582,7.901533126831055,0.127964973449707,0.1076656654477119,14.248920440673828,5.988375186920166,8.069709777832031,0.1243608370423317,0.096617117524147,12.74929904937744,3.2777044773101807,7.232259273529053,0.1098615527153015,0.0524057522416114,14.24892234802246
train,20260906_2127,t,0,empty,ok,34,36,4624,130.5,5897,2516,0.4266576225199254,3400,301,78.4220612140338,10.19700002670288,100,2.9676554246334765,20,280.0,4.949221611022949,7.253924369812012,7.85222053527832,0.6983003616333008,0.6716606020927429,19.569076538085938,5.928481578826904,7.894163131713867,0.1296712756156921,0.1078388318419456,14.252202987670898,5.989628314971924,8.067584037780762,0.1254315823316574,0.096983402967453,12.756621360778809,3.2778937816619877,7.233777046203613,0.1115226745605468,0.0526435710489749,14.252219200134276
train,20260906_2128,t,0,empty,ok,46,47,5585,126.0,5930,1813,0.3057335581787521,4600,784,94.18371338673185,4.772000074386597,100,5.041797073177966,34,440.0,4.810153007507324,7.250854015350342,7.820192337036133,0.698035478591919,0.6708994507789612,19.570314407348636,5.924697399139404,7.891298770904541,0.129298448562622,0.1071472615003585,14.25246238708496,5.99053955078125,8.068512916564941,0.1245246976613998,0.0975758358836174,12.757977485656738,3.277740716934204,7.236966133117676,0.1087854504585266,0.0518822707235813,14.252479553222656
train,20260906_2130,t,0,empty,ok,31,31,4051,133.0,4555,1600,0.3512623490669594,3100,336,88.94890592920935,10.384000062942505,100,9.807213417479993,21,280.0,4.488112926483154,7.250203132629394,7.819723129272461,0.6935122013092041,0.6687816977500916,19.570098876953125,5.924080848693848,7.896133422851562,0.1300707459449768,0.1077001169323921,14.251649856567385,5.989764213562012,8.06947135925293,0.123016208410263,0.0964247658848762,12.754545211791992,3.277437925338745,7.237434387207031,0.1088804006576538,0.0518586933612823,14.251653671264648
train,20260906_2132,t,0,empty,ok,48,49,5271,126.5,5987,2045,0.34157340905294803,4800,1071,88.05105002070624,4.242000102996826,100,3.2248933734405796,41,410.0,4.437012195587158,7.249978065490723,7.808157920837402,0.6958788633346558,0.6705177426338196,19.56902313232422,5.924892425537109,7.897480487823486,0.1309288144111633,0.1081532910466194,14.249692916870115,5.988967418670654,8.062878608703613,0.124469369649887,0.0969027355313301,12.74838638305664,3.2777109146118164,7.233036994934082,0.1114789694547653,0.052502304315567,14.249696731567385
train,20260906_2134,t,0,empty,ok,34,34,4444,130.0,5021,1803,0.35909181437960563,3400,341,88.51355385664478,9.52999997138977,100,1.9069322613524196,20,410.0,4.7631425857543945,7.250574111938477,7.822844982147217,0.6911280751228333,0.6704460978507996,19.57382202148437,5.928804397583008,7.902323246002197,0.1292848587036132,0.1065978705883026,14.252570152282717,5.991796970367432,8.062311172485352,0.1252421885728836,0.0967009291052818,12.76129150390625,3.279515504837036,7.239795684814453,0.1108743175864219,0.0523545928299427,14.25257682800293
train,20260906_2135,t,0,empty,ok,49,50,6310,131.0,5898,1287,0.21820956256358087,4900,577,106.9926752909381,2.2159998416900635,100,4.966563257143508,32,480.0,4.465097427368164,7.249285697937012,7.81434440612793,0.6897743940353394,0.6690428256988525,19.574472427368164,5.929343700408936,7.907232761383057,0.1291958689689636,0.1084126904606819,14.255884170532228,5.992582321166992,8.062093734741211,0.1240341141819953,0.0974234417080879,12.764826774597168,3.2807748317718506,7.245257377624512,0.1083695143461227,0.0519304983317852,14.255935668945312
train,20260906_2137,t,0,empty,ok,44,44,6097,131.5,5999,1577,0.26287714619103186,4400,320,101.64207695972857,2.3030002117156982,100,2.557829072143818,24,450.0,4.892236709594727,7.253432273864746,7.818988800048828,0.6987801194190979,0.6702821254730225,19.573558807373047,5.929417610168457,7.909243106842041,0.1296772509813308,0.1075901538133621,14.254514694213867,5.99334716796875,8.066479682922363,0.1252838224172592,0.0970288217067718,12.760220527648926,3.280808448791504,7.246315956115723,0.1097122430801391,0.0525393411517143,14.254554748535156
train,20260906_2139,t,0,empty,ok,46,48,6525,131.0,5985,1209,0.20200501253132833,4600,304,109.02437762538945,1.875,100,4.248460297211486,24,400.0,4.586545467376709,7.248928070068359,7.814570426940918,0.6878979206085205,0.6689447164535522,19.5720329284668,5.927660942077637,7.911493301391602,0.1313506960868835,0.1071853935718536,14.25519561767578,5.992292404174805,8.064169883728027,0.1256020218133926,0.0971298366785049,12.759642601013184,3.2802000045776367,7.243149757385254,0.109971210360527,0.0518963895738124,14.255199432373049
train,20260906_2140,t,0,empty,ok,45,47,5022,119.0,5840,2172,0.3719178082191781,4500,1093,85.99462329952232,4.305999994277954,100,2.872119392409176,30,570.0,4.78739070892334,7.251231670379639,7.818654537200928,0.6889641284942627,0.6688597798347473,19.574033737182617,5.929089546203613,7.909204959869385,0.1276124268770218,0.1070752292871475,14.25443172454834,5.994269847869873,8.062012672424316,0.1242734789848327,0.0971186980605125,12.759553909301758,3.281091928482056,7.247226238250732,0.1088998466730117,0.0521224364638328,14.254450798034668
train,20260906_2141,t,0,empty,ok,47,49,6444,128.0,5893,1264,0.21449176989648736,4700,531,109.36677923970738,1.4630000591278076,100,3.0410683080624668,31,440.0,4.884795665740967,7.250511169433594,7.814797401428223,0.6878803968429565,0.6695147156715393,19.5730037689209,5.928759574890137,7.91193962097168,0.1313913315534591,0.1078100502490997,14.258637428283691,5.994907855987549,8.06253719329834,0.1258381903171539,0.0972223132848739,12.76321029663086,3.281662702560425,7.248162269592285,0.1112472265958786,0.05271877348423,14.258648872375488
train,20260906_2142,t,0,empty,ok,44,46,5776,131.0,5861,1660,0.283228118068589,4400,499,98.5564618855319,3.740000009536743,100,4.579226604513873,31,380.0,5.043149471282959,7.247769832611084,7.801360130310059,0.6915786266326904,0.6700611710548401,19.57423591613769,5.928028583526611,7.9161248207092285,0.1296221911907196,0.1081924438476562,14.25557804107666,5.994950771331787,8.06279468536377,0.1240015923976898,0.0963372886180877,12.761115074157717,3.281334161758423,7.252111911773682,0.1110342741012573,0.0529093481600284,14.255585670471191
train,20260906_2143,t,0,empty,ok,37,37,5308,133.0,5878,2013,0.3424634229329704,3700,222,90.30436069971714,10.567000150680542,100,3.2058417765630036,19,350.0,4.580954551696777,7.257688522338867,7.824205875396728,0.6899563074111938,0.6680943369865417,19.576805114746094,5.933549880981445,7.920206546783447,0.127911165356636,0.1071166917681694,14.257855415344238,5.997806549072266,8.064189910888672,0.1252366155385971,0.0977109149098396,12.769338607788086,3.2825934886932373,7.252865791320801,0.108837217092514,0.0519766733050346,14.257923126220703
train,20260906_2144,t,0,empty,ok,34,36,4416,125.0,5862,2630,0.4486523370863187,3400,543,75.34421858356544,9.734999895095825,100,7.033479572984124,16,420.0,4.721677303314209,7.253558158874512,7.829706192016602,0.6999069452285767,0.6703923940658569,19.57563018798828,5.932017803192139,7.917308807373047,0.1302864253520965,0.1073314100503921,14.256146430969238,5.996438980102539,8.064264297485352,0.1234345659613609,0.0961379259824752,12.764424324035645,3.281975746154785,7.254887580871582,0.1093819290399551,0.0521627590060234,14.256176948547363
train,20260906_2145,t,0,empty,ok,52,53,6289,133.0,5910,1307,0.22115059221658206,5200,795,106.42546463249231,3.7660000324249268,100,4.47348457517209,44,500.0,4.641664028167725,7.249070644378662,7.8031415939331055,0.6909257173538208,0.6697096824645996,19.57318878173828,5.928282260894775,7.914878845214844,0.1286593973636627,0.1071464493870735,14.253812789916992,5.994283676147461,8.060364723205566,0.1254924833774566,0.0970548391342163,12.75758457183838,3.281103610992432,7.257506370544434,0.1098889410495758,0.0523478649556636,14.253819465637209
train,20260906_2146,t,0,empty,ok,48,48,6337,135.0,5998,1411,0.23524508169389796,4800,504,105.66773948467659,2.4679999351501465,100,7.75536515132392,29,350.0,4.787708282470703,7.247945785522461,7.814400672912598,0.6914069652557373,0.6687127947807312,19.57420921325684,5.928402900695801,7.909281253814697,0.130778506398201,0.1078518256545066,14.254517555236816,5.995213508605957,8.061479568481445,0.1244235709309578,0.0972635075449943,12.758048057556152,3.282011747360229,7.262588500976562,0.1114904880523681,0.0523789189755916,14.254520416259766
train,20260906_2147,t,0,empty,ok,29,29,3840,134.0,5977,3184,0.5327087167475322,2900,298,64.25595271080141,12.306000232696533,100,4.8523949612094635,13,210.0,4.7574849128723145,7.263036727905273,7.863382816314697,0.7098637223243713,0.6712268590927124,19.575532913208008,5.936798095703125,7.928091049194336,0.1287930160760879,0.106684572994709,14.256135940551758,5.995892524719238,8.059412956237793,0.1249363347887992,0.0971873477101326,12.76323127746582,3.283700704574585,7.260034561157227,0.1096816062927246,0.0522812530398368,14.256139755249023
train,20260906_2148,t,0,empty,ok,31,31,4237,133.0,5848,2736,0.46785225718194257,3100,245,72.45831534219333,18.058000087738037,100,11.05564826022669,17,240.0,5.162596225738525,7.249366283416748,7.825316429138184,0.6937581300735474,0.6675066351890564,19.57430458068848,5.928732872009277,7.920566558837891,0.1306132227182388,0.1071221530437469,14.254047393798828,5.995461463928223,8.056136131286621,0.1253643184900283,0.0967145040631294,12.755693435668944,3.281740427017212,7.267943382263184,0.1085680127143859,0.0524498522281646,14.254047393798828
train,20260906_2150,t,0,empty,ok,37,39,5097,132.0,5865,2126,0.36248934356351237,3700,320,86.91722626715884,9.032000064849854,100,7.991519151273742,19,290.0,4.866541862487793,7.2531938552856445,7.846236228942871,0.7011702656745911,0.6704978942871094,19.57672691345215,5.932147026062012,7.920496940612793,0.1275752633810043,0.1068020313978195,14.257172584533691,5.996690273284912,8.054722785949707,0.1249596551060676,0.0970992445945739,12.765438079833984,3.28296446800232,7.276363372802734,0.1101050600409507,0.0522158220410347,14.257172584533691
train,20260906_2151,t,0,empty,ok,50,51,6183,127.5,5999,1525,0.25420903483913987,5000,751,103.08264292868087,3.1470000743865967,100,9.35080700422742,36,510.0,4.976023197174072,7.247658252716064,7.811071395874023,0.6961379051208496,0.6687207221984863,19.574752807617188,5.928560733795166,7.905788421630859,0.1282790005207061,0.1071031391620636,14.254276275634766,5.995025634765625,8.054218292236328,0.1233769655227661,0.0966959223151207,12.755712509155272,3.282132625579834,7.271401882171631,0.1101030707359314,0.0522487796843051,14.254278182983398
train,20260906_2152,t,0,empty,ok,54,56,6779,132.5,5871,925,0.15755407937319027,5400,642,115.47961760166676,2.5439999103546143,100,5.483638357990575,48,440.0,4.624536037445068,7.246157169342041,7.807075500488281,0.6906145811080933,0.6698137521743774,19.573558807373047,5.927454948425293,7.892733573913574,0.1287497878074646,0.1067973002791404,14.252735137939451,5.994015693664551,8.050871849060059,0.1249434649944305,0.0974685028195381,12.751599311828612,3.281674385070801,7.273700714111328,0.1098761707544326,0.0518045090138912,14.252735137939451
train,20260906_2153,t,0,empty,ok,35,35,4753,133.0,4715,1255,0.26617179215270415,3500,276,100.82518395305044,2.7039999961853027,100,2.166698905679752,17,350.0,4.581568241119385,7.2385053634643555,7.789919376373291,0.6903983950614929,0.6669315695762634,19.576698303222656,5.924445629119873,7.894777774810791,0.1314361244440078,0.1076027601957321,14.256499290466309,5.995992660522461,8.054810523986816,0.1259215474128723,0.0976001620292663,12.759844779968262,3.281439781188965,7.27299690246582,0.1092288941144943,0.0518288649618625,14.256499290466309
train,20260906_2154,t,0,empty,ok,48,49,6269,133.0,5923,1319,0.2226912037818673,4800,497,105.8595068721941,2.5320000648498535,100,5.1531869315828125,30,380.0,4.441988945007324,7.246391296386719,7.816481590270996,0.696485161781311,0.6697275042533875,19.57937431335449,5.929600715637207,7.901902675628662,0.1299074292182922,0.1071641519665718,14.258469581604004,6.000975131988525,8.061236381530762,0.1251827180385589,0.0968779027462005,12.765883445739746,3.28334641456604,7.282691955566406,0.1127310842275619,0.0526026524603366,14.258482933044434
train,20260906_2155,t,0,empty,ok,40,42,5028,129.5,5785,2093,0.36179775280898874,4000,583,86.92194653838955,8.210999965667725,100,5.859519024731121,28,380.0,4.882683277130127,7.255164623260498,7.849704265594482,0.7013465166091919,0.6707153916358948,19.579858779907227,5.93586015701294,7.904747009277344,0.1265592128038406,0.1053028404712677,14.258989334106444,5.999382495880127,8.062104225158691,0.1245495676994323,0.0972231328487396,12.766974449157717,3.2844645977020264,7.287606239318848,0.1090688854455947,0.0513435341417789,14.258999824523926
train,20260906_2158,t,0,empty,ok,48,50,6362,133.0,5897,1211,0.2053586569442089,4800,469,107.90183347813836,2.634000301361084,100,2.5187492012598094,34,340.0,4.676868438720703,7.240485191345215,7.779597282409668,0.6959606409072876,0.6676540970802307,19.580907821655277,5.928010940551758,7.913165092468262,0.129608005285263,0.1063604354858398,14.259617805480955,6.0017619132995605,8.062564849853516,0.1238997727632522,0.096245639026165,12.76815128326416,3.2838923931121826,7.291019916534424,0.1097848862409591,0.051568791270256,14.259665489196776
train,20260906_2159,t,0,empty,ok,44,45,5845,131.5,5825,1613,0.2769098712446352,4400,581,100.35023855427191,2.5430002212524414,100,3.463378205368678,26,500.0,4.702428340911865,7.255916595458984,7.821938991546631,0.6865928173065186,0.6695230007171631,19.581666946411133,5.936334133148193,7.924032688140869,0.1278047114610672,0.107152059674263,14.26075267791748,6.002945423126221,8.062434196472168,0.1240367591381073,0.0966514572501182,12.77053165435791,3.2854528427124023,7.286455154418945,0.110055461525917,0.0522034056484699,14.260772705078123
train,20260906_2200,t,0,empty,ok,45,46,6217,134.0,5995,1437,0.23969974979149292,4500,259,103.7203869547059,6.642000198364258,100,3.5551692050026134,29,400.0,4.928064823150635,7.249137878417969,7.81059455871582,0.6952441930770874,0.6684616208076477,19.582799911499023,5.932538986206055,7.928521633148193,0.1292240917682647,0.1066835522651672,14.2614107131958,6.002540111541748,8.063905715942383,0.123465359210968,0.0959300622344017,12.770545959472656,3.284672737121582,7.286487579345703,0.1096731200814247,0.0521168671548366,14.261441230773926
train,20260906_2201,t,0,empty,ok,48,49,6437,134.0,5802,1079,0.18597035504998277,4800,306,110.9559758044308,1.123999834060669,100,4.33043339696585,29,410.0,4.854921817779541,7.246491432189941,7.790385723114014,0.6914101243019104,0.667908787727356,19.581769943237305,5.931801795959473,7.929360866546631,0.1316694319248199,0.1075355187058448,14.259722709655762,6.002136707305908,8.062139511108398,0.1247041597962379,0.0976058021187782,12.765487670898438,3.2852566242218018,7.285775184631348,0.1108698099851608,0.0520983152091503,14.259727478027344
train,20260906_2202,t,0,empty,ok,47,49,6024,134.0,5960,1476,0.24765100671140938,4700,621,101.07552144018247,3.608999729156494,100,3.859393281870077,31,420.0,4.489041805267334,7.250836372375488,7.819282531738281,0.6898108720779419,0.6693664193153381,19.583391189575195,5.936678886413574,7.931015014648437,0.1289447546005249,0.1067759022116661,14.261746406555176,6.000676155090332,8.0601167678833,0.1245044991374015,0.0968267545104026,12.770389556884766,3.285765647888184,7.287604808807373,0.109306052327156,0.0520916767418384,14.261756896972656
train,20260906_2203,t,0,empty,ok,36,36,4900,133.0,5904,2294,0.38855013550135503,3600,274,83.00582725669271,9.134999990463257,100,2.2978657888794913,20,230.0,4.535885334014893,7.250179767608643,7.833578109741211,0.7043102383613586,0.6694173216819763,19.58460235595703,5.935832977294922,7.937839031219482,0.130181148648262,0.1053619459271431,14.263090133666992,6.003643989562988,8.060266494750977,0.1237365454435348,0.0960517525672912,12.773268699645996,3.285543918609619,7.29025936126709,0.1073176711797714,0.0505044944584369,14.26310920715332
train,20260906_2204,t,0,empty,ok,38,39,5104,131.0,5890,2134,0.36230899830220714,3800,435,86.66859072738407,8.155999898910522,100,2.292124215945441,18,360.0,4.779305934906006,7.251860618591309,7.833410263061523,0.6980466842651367,0.6693044900894165,19.58168601989746,5.935305118560791,7.942033767700195,0.1290688216686248,0.1063917800784111,14.259922981262209,6.001009941101074,8.06054973602295,0.1239546239376068,0.0967999249696731,12.76323127746582,3.2844760417938232,7.290685653686523,0.1082250475883483,0.0517987422645092,14.259939193725586
train,20260906_2205,t,0,empty,ok,29,31,4073,132.0,5887,2902,0.49295056905045015,2900,249,69.19104414016678,10.2260000705719,100,16.795307307207835,16,260.0,4.844032287597656,7.249415874481201,7.81938362121582,0.704359769821167,0.6705926060676575,19.581323623657227,5.934666633605957,7.940454959869385,0.129995048046112,0.108254499733448,14.25943374633789,6.000064849853516,8.07004165649414,0.125635415315628,0.0972413420677185,12.760151863098145,3.2842674255371094,7.294253349304199,0.1102933436632156,0.0522506088018417,14.259450912475586
train,20260906_2206,t,0,empty,ok,47,49,5898,129.0,5889,1546,0.26252334861606386,4700,641,100.16643461595797,2.3380000591278076,100,3.0699299006766516,32,470.0,4.917768478393555,7.243204116821289,7.786492347717285,0.6958603262901306,0.6697123646736145,19.581682205200195,5.930700302124023,7.940521717071533,0.1306889653205871,0.1081854328513145,14.259878158569336,6.000660419464111,8.070719718933105,0.1251464784145355,0.0974646657705307,12.75987434387207,3.283625364303589,7.291075229644775,0.1104186028242111,0.0522571094334125,14.259881973266602
train,20260906_2207,t,0,empty,ok,33,35,4804,133.0,4884,1362,0.2788697788697789,3300,185,98.37005494670464,2.944000005722046,100,6.398538022799615,16,220.0,4.795468330383301,7.249204635620117,7.815396308898926,0.6932531595230103,0.6671263575553894,19.58367347717285,5.933696269989014,7.938673973083496,0.1320370137691497,0.1064142063260078,14.261454582214355,6.001338958740234,8.064066886901855,0.1256853193044662,0.0966357663273811,12.763972282409668,3.28425669670105,7.296651840209961,0.1101764291524887,0.051834475249052,14.26146125793457
train,20260906_2208,t,0,empty,ok,38,38,4887,133.0,5740,2140,0.37282229965156793,3800,445,85.14085586350616,9.013999700546265,100,7.689460227666393,27,300.0,4.893831253051758,7.248397350311279,7.802247047424316,0.692330002784729,0.6689677834510803,19.584300994873047,5.936052322387695,7.944296836853027,0.1303698420524597,0.1080107018351554,14.26130199432373,6.002460956573486,8.06500244140625,0.1254199296236038,0.0965897068381309,12.76315975189209,3.286130905151367,7.301222324371338,0.1097998619079589,0.0525407269597053,14.26130199432373
train,20260906_2209,t,0,empty,ok,51,51,5949,130.0,5842,1455,0.24905854159534407,5100,883,101.83679357185933,1.8410000801086426,100,9.646938124353499,38,550.0,4.804512023925781,7.242696762084961,7.794946670532227,0.6948423385620117,0.6688173413276672,19.58202743530273,5.932066440582275,7.932790756225586,0.1302191764116287,0.1064623072743415,14.2589111328125,5.999789237976074,8.067192077636719,0.1243353337049484,0.0968305841088295,12.755313873291016,3.28444504737854,7.298876762390137,0.1082755029201507,0.0515286922454834,14.258912086486816
train,20260906_2210,t,0,empty,ok,49,49,6214,133.0,5908,1353,0.22901150981719703,4900,485,105.17941829893839,4.414999961853027,100,10.567781989704294,38,500.0,4.838119029998779,7.249899864196777,7.8092360496521,0.687720000743866,0.668205201625824,19.5830020904541,5.937354564666748,7.933454990386963,0.1300324499607086,0.107172705233097,14.260311126708984,6.001518726348877,8.062488555908203,0.1254847049713134,0.0975376144051551,12.757144927978516,3.2861039638519287,7.298103332519531,0.1088373735547065,0.0517887957394123,14.260311126708984
train,20260906_2211,t,0,empty,ok,26,27,3864,134.0,5989,3152,0.5262982133912172,2600,129,64.52259275804862,13.878000020980835,100,3.22683015189601,9,220.0,4.55510950088501,7.249595642089844,7.830940723419189,0.6936934590339661,0.6677268147468567,19.58498954772949,5.937338829040527,7.935858249664307,0.1296500265598297,0.1070217192173004,14.262516975402832,6.001826763153076,8.061847686767578,0.1252475678920745,0.0973057597875595,12.762463569641112,3.2851674556732178,7.29631233215332,0.1098441779613494,0.052091185003519,14.262516975402832
train,20260906_2212,t,0,empty,ok,39,40,5190,133.0,5889,2056,0.3491254881983359,3900,407,88.13041283353166,9.157000064849854,100,5.880334432313591,24,410.0,4.654438018798828,7.245123386383057,7.806151866912842,0.6958504915237427,0.6682001948356628,19.58638572692871,5.9361572265625,7.9427080154418945,0.1306813657283783,0.1076744347810745,14.262715339660645,6.002573013305664,8.056882858276367,0.1249598339200019,0.0972480848431587,12.762758255004885,3.2864341735839844,7.301691055297852,0.1105321794748306,0.0522285997867584,14.262723922729492
train,20260906_2213,t,0,empty,ok,37,38,4882,133.0,5590,1993,0.35652951699463326,3700,425,87.34077586940545,5.047000169754028,100,9.867132397069346,24,290.0,5.056257724761963,7.248484134674072,7.813468933105469,0.6938361525535583,0.670007050037384,19.58637237548828,5.936521053314209,7.946429252624512,0.1302523612976074,0.1062177494168281,14.262946128845217,6.002436637878418,8.058533668518066,0.1246334537863731,0.096937708556652,12.762171745300291,3.285179615020752,7.298669815063477,0.1091646179556846,0.0516705773770809,14.262946128845217
train,20260906_2214,t,0,empty,ok,34,36,4832,132.0,5744,2199,0.3828342618384401,3400,347,84.12402703893066,10.758000135421753,100,13.097532818714669,16,430.0,4.735697746276856,7.24578857421875,7.80554723739624,0.6979943513870239,0.6686834096908569,19.584806442260746,5.937251567840576,7.950754165649414,0.1301604509353637,0.1064063161611557,14.261091232299805,6.001748085021973,8.059574127197266,0.1249766945838928,0.0966332405805587,12.75582790374756,3.286238431930542,7.303430557250977,0.108878493309021,0.0517793446779251,14.261091232299805
train,20260906_2215,t,0,empty,ok,45,46,5336,132.0,5926,1896,0.31994600067499157,4500,767,90.04539385295597,6.763000011444092,100,10.768599016034376,29,350.0,4.680283069610596,7.246034145355225,7.806484222412109,0.6929740905761719,0.6698752045631409,19.58602333068848,5.939859390258789,7.950263500213623,0.1303080320358276,0.1064338982105255,14.262481689453123,6.00261116027832,8.058489799499512,0.1236758753657341,0.0963867008686065,12.759183883666992,3.287055969238281,7.301403999328613,0.1094249486923217,0.0516336224973201,14.262481689453123
train,20260906_2217,t,0,empty,ok,39,41,5184,133.0,5759,1934,0.3358221913526654,3900,251,90.02031725242168,14.332000017166138,100,3.3354364580453026,29,310.0,4.572543144226074,7.245289802551269,7.794365882873535,0.6923260688781738,0.6683192849159241,19.58951187133789,5.938938140869141,7.946030139923096,0.1299535781145095,0.1062472239136695,14.265045166015623,6.004299163818359,8.055368423461914,0.1235718354582786,0.0955843403935432,12.764575958251951,3.286824941635132,7.305740356445312,0.1095582395792007,0.0517078824341297,14.265045166015623
train,20260906_2218,t,0,empty,ok,39,40,4818,133.0,5666,2133,0.376456053653371,3900,447,85.0350342719081,11.911999940872192,100,5.428700361930066,32,200.0,4.734152317047119,7.247457981109619,7.820355415344238,0.7110943794250488,0.6719719767570496,19.58873176574707,5.942833423614502,7.949071884155273,0.1324516385793686,0.1075104251503944,14.264442443847656,6.005738735198975,8.059823036193848,0.1258681565523147,0.0977412462234497,12.761252403259276,3.2886264324188232,7.313564300537109,0.1120553463697433,0.0520797967910766,14.264444351196287
train,20260906_2219,t,0,empty,ok,48,50,6559,133.0,5963,1187,0.19906087539828946,4800,459,109.99496920404023,2.047999858856201,100,5.161626156120706,34,490.0,4.406485080718994,7.248722553253174,7.795721054077148,0.689720094203949,0.6695773601531982,19.59053421020508,5.943154811859131,7.951235771179199,0.1292551010847091,0.1065635904669761,14.266489028930664,6.003692626953125,8.05527114868164,0.1242123842239379,0.0969428718090057,12.76797580718994,3.287757635116577,7.31740665435791,0.1084932014346122,0.0518359206616878,14.266490936279297
train,20260906_2220,t,0,empty,ok,55,56,6765,132.0,5987,1039,0.17354267579756139,5500,714,113.00992284409635,2.361999750137329,100,11.596154948076856,47,460.0,4.505247116088867,7.253936767578125,7.817574501037598,0.6911441683769226,0.668704092502594,19.591800689697266,5.948451042175293,7.949440956115723,0.1286137104034423,0.106742076575756,14.267566680908203,6.007122993469238,8.053863525390625,0.1245094984769821,0.0961367711424827,12.769803047180176,3.29028058052063,7.330595016479492,0.1092032343149185,0.0523391403257846,14.267568588256836
train,20260906_2221,t,0,empty,ok,37,39,5030,133.0,5770,2083,0.3610051993067591,3700,338,87.18562032104366,10.111999988555908,100,5.120382236965077,22,220.0,4.714221000671387,7.248501777648926,7.8022003173828125,0.696422278881073,0.6690962314605713,19.59326171875,5.947119235992432,7.937865734100342,0.132225289940834,0.1063869073987007,14.268160820007324,6.009907245635986,8.066651344299316,0.1255722641944885,0.0966363102197647,12.774786949157717,3.291066169738769,7.342727184295654,0.109376311302185,0.0517815090715885,14.268176078796388
train,20260906_2222,t,0,empty,ok,39,40,4559,133.0,4615,1190,0.25785482123510295,3900,746,98.80155193893962,1.4930000305175781,100,12.54010818743884,27,390.0,4.921939849853516,7.244792938232422,7.798213958740234,0.699505090713501,0.6694361567497253,19.59425163269043,5.947797775268555,7.947668075561523,0.1321213692426681,0.1073115542531013,14.26967430114746,6.010602951049805,8.070087432861328,0.1255890727043151,0.0970526039600372,12.77704906463623,3.291324615478516,7.34808349609375,0.1092941984534263,0.052174225449562,14.269803047180176
train,20260906_2223,t,0,empty,ok,54,55,6722,129.5,5918,1019,0.1721865495099696,5400,694,113.5914290146543,1.7599999904632568,100,3.7034061071058613,46,460.0,5.014822483062744,7.248885631561279,7.815832138061523,0.7005699872970581,0.670408308506012,19.59312629699707,5.946731090545654,7.929840087890625,0.1313054114580154,0.1071187779307365,14.26855754852295,6.010028839111328,8.071340560913086,0.1242432445287704,0.0968894809484481,12.772490501403809,3.290247201919556,7.336567878723144,0.1104122996330261,0.0526458211243152,14.268574714660645
train,20260906_2225,t,0,empty,ok,39,40,5180,133.0,5997,2168,0.3615140903785226,3900,354,86.3866053314264,6.994999885559082,100,4.113803546472512,24,430.0,5.045471668243408,7.251662731170654,7.811822891235352,0.6979366540908813,0.6694414615631104,19.591739654541016,5.94796085357666,7.935948371887207,0.1295070797204971,0.1068645864725112,14.266406059265137,6.01077127456665,8.06828784942627,0.1245232969522476,0.0966907069087028,12.76620864868164,3.291440010070801,7.342142105102539,0.1084045618772506,0.0513697043061256,14.266406059265137
train,20260906_2226,t,0,empty,ok,49,50,5975,121.0,5842,1481,0.25350907223553576,4900,772,102.28187032419278,1.9179999828338623,100,4.497447497753182,37,500.0,5.284357070922852,7.251206398010254,7.80935525894165,0.6928697824478149,0.6700105667114258,19.590835571289062,5.949997425079346,7.95526123046875,0.1289166957139969,0.1065883561968803,14.2659912109375,6.009247303009033,8.071651458740234,0.1246418952941894,0.0964339599013328,12.765266418457031,3.2914533615112305,7.347589015960693,0.1079906970262527,0.0517826899886131,14.2659912109375
train,20260906_2227,t,0,empty,ok,29,30,3753,131.0,5992,3261,0.5442256341789052,2900,378,62.63769288552926,13.440999984741211,100,5.919870177723569,18,370.0,4.473512649536133,7.246580123901367,7.804454803466797,0.6947313547134399,0.669994592666626,19.591524124145508,5.950109958648682,7.953876972198486,0.1315007358789444,0.1067177876830101,14.266387939453123,6.011088848114014,8.07303524017334,0.1245390847325325,0.0960924252867698,12.766357421875,3.2919909954071045,7.346615314483643,0.1078732460737228,0.0517184473574161,14.266387939453123
train,20260906_2228,t,0,empty,ok,38,38,4789,134.0,5916,2407,0.4068627450980392,3800,540,80.95817722808901,12.82699990272522,100,7.274990129000983,23,210.0,5.242173194885254,7.251581192016602,7.834624767303467,0.6978540420532227,0.6675131916999817,19.59162330627441,5.951732635498047,7.952635288238525,0.1298248171806335,0.1057602688670158,14.266265869140623,6.01199197769165,8.073983192443848,0.1251791566610336,0.0963513255119323,12.768101692199709,3.292365074157715,7.339405059814453,0.1089603900909423,0.0516559779644012,14.266265869140623
train,20260906_2230,t,0,empty,ok,40,42,5441,134.0,5146,1154,0.22425184609405363,4000,317,105.74082693020878,2.3450000286102295,100,5.909976774310768,26,370.0,4.808236598968506,7.244259834289551,7.818181991577148,0.7026888132095337,0.6730846762657166,19.590763092041016,5.950984001159668,7.947008609771728,0.1295240521430969,0.1066096499562263,14.266205787658691,6.011909008026123,8.07631778717041,0.1235993579030036,0.0962047278881073,12.769700050354004,3.292587757110596,7.337967872619629,0.1080520302057266,0.0517826601862907,14.266205787658691
train,20260906_2231,t,0,empty,ok,50,52,5759,127.5,5555,1258,0.22646264626462645,5000,919,103.6779665349884,2.5460000038146973,100,3.9737626301090776,44,520.0,4.844076156616211,7.243307113647461,7.801674842834473,0.697494387626648,0.6694227457046509,19.590309143066406,5.950571060180664,7.947813510894775,0.1291526556015014,0.1059593707323074,14.264643669128418,6.01209831237793,8.080239295959473,0.123089775443077,0.0957040339708328,12.76640796661377,3.2927944660186768,7.342290878295898,0.1083150058984756,0.0514028593897819,14.26464557647705
train,20260906_2233,t,0,empty,ok,47,48,6132,133.0,5902,1411,0.23907150118603862,4700,534,103.90578689948181,2.4850001335144043,100,8.58459529121807,27,330.0,4.49652624130249,7.243942737579346,7.8046793937683105,0.6922348737716675,0.6688783168792725,19.592214584350582,5.9520368576049805,7.947012424468994,0.1311552822589874,0.1071649119257927,14.26654052734375,6.011789321899414,8.079960823059082,0.1247958540916442,0.0960658341646194,12.769309043884276,3.292982339859009,7.335750579833984,0.109078362584114,0.0521873347461223,14.26654052734375
train,20260906_2234,t,0,empty,ok,43,43,5506,133.0,5723,1664,0.290756596190809,4300,591,96.21500664506482,3.062999963760376,100,2.4539515771825617,27,420.0,4.783984184265137,7.241028785705566,7.797743797302246,0.7004292607307434,0.6706293821334839,19.59477806091309,5.9511799812316895,7.945433616638184,0.1287090182304382,0.1059712693095207,14.269762992858888,6.014749526977539,8.082316398620605,0.1234517097473144,0.0961290150880813,12.779415130615234,3.29280161857605,7.331268310546875,0.1086316704750061,0.0513465665280818,14.269762992858888
train,20260906_2235,t,0,empty,ok,50,51,5670,132.5,5994,1704,0.28428428428428426,5000,1026,94.60564320583367,2.441999912261963,100,5.186633116167496,34,480.0,4.557260513305664,7.242203235626221,7.787416458129883,0.6943265199661255,0.669414758682251,19.5944938659668,5.952025890350342,7.949777126312256,0.1305261850357055,0.1057611480355262,14.26921272277832,6.015539646148682,8.08261489868164,0.1229194700717926,0.0958358570933342,12.77834415435791,3.292965888977051,7.330835342407227,0.1096353232860565,0.0517531260848045,14.269214630126951
train,20260906_2236,t,0,empty,ok,38,40,5232,134.0,5930,2089,0.35227655986509276,3800,243,88.23231833204231,6.826000213623047,100,2.719984299083157,23,340.0,4.980381965637207,7.248290061950684,7.819098472595215,0.6927953958511353,0.668826699256897,19.59433937072754,5.955954551696777,7.95636510848999,0.1282609552145004,0.1057024225592613,14.269268035888672,6.015263080596924,8.082803726196289,0.1255245506763458,0.0960709154605865,12.776336669921877,3.2942798137664795,7.331219673156738,0.1089939698576927,0.0512805171310901,14.269268035888672
train,20260906_2237,t,0,empty,ok,38,40,5049,134.0,5559,1859,0.3344126641482281,3800,347,90.84039534219636,7.437000036239624,100,3.0370168239543327,24,230.0,5.562348365783691,7.24596357345581,7.805202007293701,0.697172999382019,0.6682885885238647,19.595705032348636,5.954768657684326,7.95319652557373,0.1322161555290222,0.1045776158571243,14.26991081237793,6.017614841461182,8.087875366210938,0.1244314014911651,0.0954430326819419,12.778519630432127,3.294642448425293,7.326940059661865,0.1097141355276107,0.0516162626445293,14.26991081237793
train,20260906_2238,t,0,empty,ok,47,48,6050,134.0,5830,1329,0.227958833619211,4700,460,103.78426612179264,4.178999900817871,100,2.025857122869202,35,170.0,5.122653961181641,7.242585182189941,7.809209823608398,0.7094070911407471,0.6690754890441895,19.59250831604004,5.951591968536377,7.956823825836182,0.1310269087553024,0.1060838922858238,14.266400337219238,6.0137786865234375,8.080129623413086,0.1238034814596176,0.0959331393241882,12.768710136413574,3.2931644916534424,7.332186698913574,0.110790342092514,0.0524215959012508,14.266400337219238
train,20260906_2239,t,0,empty,ok,36,37,5030,134.0,5942,2245,0.3778189161898351,3600,197,84.65305723066285,9.973000049591064,100,1.5565926866236377,24,230.0,4.683094024658203,7.23151969909668,7.759482383728027,0.6972374320030212,0.6674566268920898,19.59449958801269,5.949525356292725,7.955533027648926,0.1345018446445465,0.1064172536134719,14.268312454223633,6.015208721160889,8.078408241271973,0.1244479566812515,0.0957815945148468,12.775360107421877,3.2930405139923096,7.3271636962890625,0.108921080827713,0.0519337579607963,14.268312454223633
train,20260906_2240,t,0,empty,ok,44,45,6104,134.0,5978,1514,0.2532619605219137,4400,315,102.1196861426601,4.109999895095825,100,6.769105337488984,26,410.0,4.88106632232666,7.242580890655518,7.791107177734375,0.6968833208084106,0.6691088676452637,19.593114852905277,5.954305648803711,7.95713996887207,0.1294460296630859,0.1056677550077438,14.26671028137207,6.015737533569336,8.077142715454102,0.1239484548568725,0.095525711774826,12.768787384033203,3.294134616851806,7.325883865356445,0.1087470650672912,0.0517438799142837,14.26671028137207
train,20260906_2241,t,0,empty,ok,48,50,5790,113.5,5842,1621,0.2774734679904142,4800,783,99.12516475794861,2.828000068664551,100,2.340660614833339,38,570.0,4.529263973236084,7.244522571563721,7.80424690246582,0.6884826421737671,0.6685998439788818,19.59337043762207,5.956624984741211,7.957703113555908,0.12948539853096,0.1064187437295913,14.266982078552246,6.015035629272461,8.076668739318848,0.1235705539584159,0.0962264239788055,12.769790649414062,3.294468879699707,7.324532508850098,0.1101016104221344,0.0520745627582073,14.266982078552246
train,20260906_2243,t,0,empty,ok,40,40,5778,136.0,5937,1732,0.29172982988041096,4000,329,97.33499547040043,3.943000078201294,100,5.890052677027845,19,350.0,4.805793762207031,7.237711429595947,7.772273063659668,0.6917006969451904,0.6680911183357239,19.59646987915039,5.955423355102539,7.956260681152344,0.1301551610231399,0.1055367588996887,14.270875930786133,6.017521858215332,8.078201293945312,0.1241310760378837,0.0959965586662292,12.77692699432373,3.294808387756348,7.321340084075928,0.1077263131737709,0.0511977113783359,14.270875930786133
train,20260906_2244,t,0,empty,ok,23,25,3553,136.0,5977,3399,0.5686799397691149,2300,77,59.44851608349257,13.547000169754028,100,0.9826323246721662,13,200.0,4.362277030944824,7.241541862487793,7.815215110778809,0.7080657482147217,0.6692248582839966,19.59821510314941,5.957629203796387,7.961023330688477,0.133242130279541,0.1066579148173332,14.27241325378418,6.020257472991943,8.081411361694336,0.1237609609961509,0.0953085348010063,12.781048774719238,3.296106576919556,7.321964263916016,0.108826532959938,0.0521695800125598,14.27241325378418
train,20260906_2245,t,0,empty,ok,44,46,5674,134.0,5553,1366,0.24599315685215198,4400,548,102.18268239647064,3.131999969482422,100,1.9149146115412548,29,380.0,4.83907413482666,7.241042137145996,7.800156116485596,0.6998562216758728,0.6691066026687622,19.596599578857425,5.958818435668945,7.966113090515137,0.1289568692445755,0.1063825562596321,14.270045280456545,6.01840877532959,8.080812454223633,0.1237387806177139,0.0960389599204063,12.77692699432373,3.295251607894897,7.329090118408203,0.1092636287212371,0.0519057288765907,14.27004623413086
train,20260906_2246,t,0,empty,ok,42,43,5573,134.0,5776,1714,0.29674515235457066,4200,308,96.49548052018993,8.148000001907349,100,1.8656149865980822,28,490.0,4.627974510192871,7.241585731506348,7.792284965515137,0.6939585208892822,0.6700848937034607,19.597814559936523,5.957844734191895,7.960869789123535,0.1312659829854965,0.1062228605151176,14.27186679840088,6.019112586975098,8.083406448364258,0.1251648664474487,0.0966894254088401,12.779845237731934,3.29468321800232,7.32465934753418,0.1092874556779861,0.0517337210476398,14.27186679840088
train,20260906_2247,t,0,empty,ok,40,41,4923,134.0,5999,2405,0.4009001500250042,4000,652,82.07188588058774,4.629999876022339,100,3.2905641080416634,25,420.0,4.702718734741211,7.238852500915527,7.779376029968262,0.6880558729171753,0.668566882610321,19.598241806030277,5.958027362823486,7.957921028137207,0.1316607892513275,0.1054990291595459,14.271798133850098,6.019467830657959,8.086528778076172,0.1255078911781311,0.0960772708058357,12.779892921447754,3.29514217376709,7.325998306274414,0.1095571815967559,0.0514703765511512,14.271798133850098
train,20260906_2248,t,0,empty,ok,29,31,3825,134.0,5068,2273,0.4485003946329913,2900,386,75.4765381825534,11.112000226974487,100,8.990151716677431,15,210.0,4.388744831085205,7.244604587554932,7.82172966003418,0.697596549987793,0.6677869558334351,19.59922981262207,5.960641860961914,7.960631370544434,0.1329628229141235,0.1067504733800888,14.272950172424316,6.020018100738525,8.087382316589355,0.1252023428678512,0.0953402742743492,12.781208992004396,3.29484224319458,7.329619407653809,0.1103284806013107,0.0520215928554534,14.272950172424316
train,20260906_2249,t,0,empty,ok,37,38,4548,133.0,4898,1514,0.30910575745202123,3700,562,92.86939497682744,5.26800012588501,100,3.8128236652924508,27,450.0,4.701770782470703,7.248544692993164,7.828633785247803,0.6982384920120239,0.6711013317108154,19.59868049621582,5.963644027709961,7.9672417640686035,0.1292402595281601,0.1061103120446205,14.272258758544922,6.019610404968262,8.092687606811523,0.1237232089042663,0.095567986369133,12.780715942382812,3.295091390609741,7.335505485534668,0.1095317974686622,0.0518668964505195,14.272263526916504
train,20260906_2250,t,0,empty,ok,37,38,5197,135.0,5805,2010,0.3462532299741602,3700,207,89.5355245448197,11.01800012588501,100,7.146669289997577,25,170.0,4.406434059143066,7.241589546203613,7.819252014160156,0.7134334444999695,0.6703324913978577,19.598596572875977,5.958740234375,7.961344242095947,0.1313262581825256,0.1044812723994255,14.272051811218262,6.020623683929443,8.093305587768555,0.1252837926149368,0.0962959304451942,12.781139373779297,3.2942140102386475,7.333019256591797,0.1092940270900726,0.0507405400276184,14.272051811218262
train,20260906_2251,t,0,empty,ok,50,52,6133,127.5,5686,1138,0.2001406964474147,5000,771,107.87469407603996,1.0859999656677246,100,1.9305166360712456,38,440.0,5.004599094390869,7.240084648132324,7.781464576721191,0.6969075202941895,0.6707243919372559,19.5976619720459,5.960536003112793,7.962336540222168,0.1278078854084015,0.1053737327456474,14.271462440490724,6.018073081970215,8.091690063476562,0.1239590942859649,0.0962629467248916,12.776982307434082,3.29498291015625,7.331182479858398,0.1084555983543396,0.0512786395847797,14.271464347839355
train,20260906_2252,t,0,empty,ok,31,32,4267,134.0,4836,1699,0.3513234077750207,3100,175,88.24137612032042,14.773000001907349,100,4.474501406148322,25,210.0,4.6753034591674805,7.243295669555664,7.812138557434082,0.7011200189590454,0.6681209206581116,19.59937286376953,5.958892822265625,7.9584736824035645,0.1339484006166458,0.1059606745839119,14.272727012634276,6.019138813018799,8.097423553466797,0.1247267127037048,0.0950358584523201,12.7809476852417,3.294173240661621,7.331079483032227,0.1084740310907363,0.0510604418814182,14.272727012634276
train,20260906_2253,t,0,empty,ok,39,39,5476,134.0,5727,1734,0.3027763226820325,3900,232,95.62226070564347,6.382999897003174,100,4.492221983453095,25,314.0,4.90286922454834,7.245816230773926,7.817777633666992,0.7021881937980652,0.6698575019836426,19.596954345703125,5.961906909942627,7.962118625640869,0.1311538070440292,0.1057099997997284,14.26994800567627,6.018113613128662,8.095260620117188,0.1245970129966735,0.0960390046238899,12.773520469665527,3.2951223850250244,7.344231605529785,0.1084219738841056,0.0519922338426113,14.26994800567627
train,20260906_2255,t,0,empty,ok,43,44,5573,134.0,5999,1936,0.3227204534089015,4300,462,92.90501107474292,5.401000022888184,100,1.6924502757810083,29,500.0,4.887697219848633,7.244060039520264,7.800388336181641,0.6867818236351013,0.6693548560142517,19.60138702392578,5.9625630378723145,7.961281299591064,0.1288990676403045,0.1060568615794181,14.274734497070312,6.021780014038086,8.105459213256836,0.1247110515832901,0.0959523916244506,12.787275314331056,3.295173168182373,7.342472076416016,0.1093169152736663,0.0516000278294086,14.274734497070312
train,20260906_2256,t,0,empty,ok,36,37,4890,134.0,5977,2394,0.4005353856449724,3600,307,81.81909475043025,9.415000200271606,100,10.667959866462503,18,240.0,4.436400890350342,7.245736598968506,7.80788516998291,0.6930211782455444,0.6682531833648682,19.602474212646484,5.963287353515625,7.959327697753906,0.1322104334831237,0.1071008369326591,14.27589225769043,6.02294921875,8.108846664428711,0.1235095486044883,0.0950228422880172,12.79085922241211,3.294620513916016,7.344890594482422,0.1110009774565696,0.0521254912018775,14.27589511871338
train,20260906_2257,t,0,empty,ok,44,46,6636,134.5,5950,1115,0.18739495798319328,4400,185,111.53316095371102,1.627000331878662,100,2.483244967123717,22,290.0,4.8571553230285645,7.239972114562988,7.790203094482422,0.6921609044075012,0.6668201088905334,19.60216522216797,5.962780952453613,7.96349573135376,0.131179854273796,0.1057224720716476,14.275117874145508,6.023381233215332,8.109609603881836,0.12423587590456,0.0961164757609367,12.7891206741333,3.2953989505767822,7.345738410949707,0.1082479655742645,0.0514790005981922,14.27512264251709
train,20260906_2258,t,0,empty,ok,37,38,4809,131.0,5999,2431,0.40523420570095015,3700,547,80.17672554969573,10.379000186920166,100,10.695247708275373,20,480.0,4.950836658477783,7.238802433013916,7.787967205047607,0.6989957094192505,0.6698293685913086,19.5982608795166,5.961244583129883,7.96569299697876,0.1315903663635254,0.1062021180987358,14.271195411682127,6.020255088806152,8.104146957397461,0.1240634620189666,0.0959084257483482,12.776854515075684,3.2957448959350586,7.347067356109619,0.1088889688253402,0.0516260862350463,14.271195411682127
train,20260906_2259,t,0,empty,ok,41,43,5887,134.0,5977,1648,0.275723607160783,4100,381,98.49917184977191,3.0439999103546143,100,5.9429279888036985,19,350.0,4.9770050048828125,7.244976043701172,7.806732177734375,0.6934499740600586,0.6692509055137634,19.59773063659668,5.964985370635986,7.957717895507812,0.1294526904821396,0.1065684035420417,14.270442008972168,6.019880771636963,8.099191665649414,0.1247955560684204,0.095921091735363,12.77395248413086,3.2962803840637207,7.346417903900146,0.1078873425722122,0.0516527593135833,14.270442008972168
train,20260906_2300,t,0,empty,ok,28,29,3633,128.0,5863,3159,0.5388026607538803,2800,312,61.969092036244845,13.914999961853027,100,7.3908385615221395,13,180.0,4.76932430267334,7.253258228302002,7.8395795822143555,0.7011784315109253,0.6686124205589294,19.60165405273437,5.968037128448486,7.967349529266357,0.1299099326133728,0.1051891446113586,14.274072647094728,6.023007869720459,8.11119270324707,0.1250846534967422,0.0948797836899757,12.784567832946776,3.295515298843384,7.354856491088867,0.1085925847291946,0.0513130389153957,14.274072647094728
train,20260906_2301,t,0,empty,ok,53,55,5634,105.0,5861,1578,0.26923733151339363,5300,1208,96.13514202143789,1.4649999141693115,100,5.997646767131297,44,300.0,4.659425258636475,7.244130611419678,7.819140434265137,0.7035675644874573,0.6722168326377869,19.598955154418945,5.966770172119141,7.970019817352295,0.128574326634407,0.1059088557958602,14.271539688110352,6.019640922546387,8.10592269897461,0.1245190352201461,0.095902994275093,12.776638984680176,3.2957937717437744,7.349742412567139,0.1082882210612297,0.05181834846735,14.271539688110352
train,20260906_2302,t,0,empty,ok,33,34,4171,123.0,5881,2744,0.466587315082469,3300,443,70.92934295001834,12.462000131607056,100,7.313260709090425,15,210.0,4.350411891937256,7.241036415100098,7.800957679748535,0.696837306022644,0.6680702567100525,19.60150909423828,5.964849948883057,7.972698211669922,0.1315561085939407,0.1061169281601905,14.2743558883667,6.022710800170898,8.110989570617676,0.1246595978736877,0.0951900705695152,12.786675453186035,3.2955172061920166,7.354599952697754,0.110930398106575,0.0517435669898986,14.2743558883667
train,20260906_2303,t,0,empty,ok,48,49,5857,129.5,5789,1442,0.24909310761789602,4800,713,101.18338044123628,2.500999927520752,100,4.607995984005471,36,510.0,4.802077293395996,7.244052410125732,7.806681632995605,0.6982227563858032,0.6687446236610413,19.601186752319336,5.966517448425293,7.972427845001221,0.1284360438585281,0.1053646579384803,14.273086547851562,6.023146152496338,8.112532615661621,0.1238315999507904,0.0949176177382469,12.78128433227539,3.295991897583008,7.353707313537598,0.1077954471111297,0.0514624118804931,14.27308750152588
train,20260906_2304,t,0,empty,ok,31,32,4502,134.0,5714,2411,0.42194609730486526,3100,144,78.79445544774582,14.570000410079956,100,3.9962887470026205,15,240.0,4.716121196746826,7.241448402404785,7.795853137969971,0.6959658861160278,0.667928159236908,19.598302841186523,5.964981555938721,7.963527679443359,0.1334037780761718,0.1064769998192787,14.271543502807615,6.021717071533203,8.109794616699219,0.1259709447622299,0.0956879258155822,12.7765531539917,3.296331882476806,7.353517532348633,0.108557641506195,0.051209669560194,14.271543502807615
train,20260906_2305,t,0,empty,ok,51,53,6205,130.0,5827,1156,0.1983868199759739,5100,660,106.5034926167175,1.998999834060669,100,4.780102617913547,40,170.0,4.683711051940918,7.237555503845215,7.804594039916992,0.7145124673843384,0.6703094244003296,19.600549697875977,5.96445369720459,7.976500034332275,0.13270004093647,0.1059712469577789,14.272645950317385,6.01992130279541,8.114208221435547,0.1256756335496902,0.0969920307397842,12.778987884521484,3.2953054904937744,7.358692646026611,0.1108559221029281,0.0521395727992057,14.272645950317385
train,20260906_2306,t,0,empty,ok,43,44,6055,134.0,5998,1591,0.2652550850283428,4300,269,100.95704936766822,3.9089999198913574,100,5.376631086682138,29,540.0,4.698355674743652,7.240878105163574,7.793984413146973,0.688813328742981,0.667877733707428,19.6022891998291,5.966030120849609,7.978502750396728,0.1298856437206268,0.1044688522815704,14.274601936340332,6.022706985473633,8.11672306060791,0.1239540427923202,0.0952899605035781,12.783465385437012,3.295396089553833,7.357236862182617,0.107484295964241,0.0511557571589946,14.274601936340332
train,20260906_2307,t,0,empty,ok,47,48,6719,134.0,5978,1063,0.17781866845098696,4700,175,112.41049306762642,1.4709999561309814,100,3.0880084777781,26,480.0,4.769629001617432,7.245779037475586,7.807908058166504,0.6897010207176208,0.6692173480987549,19.603416442871094,5.968998908996582,7.981379985809326,0.1274503171443939,0.1054111346602439,14.27567195892334,6.025462627410889,8.123103141784668,0.1230089515447616,0.0946831256151199,12.786710739135742,3.2963976860046387,7.364479541778564,0.1071293652057647,0.0519518218934536,14.27567195892334
train,20260906_2308,t,0,empty,ok,45,47,6247,134.0,5994,1398,0.23323323323323322,4500,272,104.2347995753737,4.013000011444092,100,4.719542451085527,27,370.0,5.099523544311523,7.244668006896973,7.818508148193359,0.6979179978370667,0.6699192523956299,19.60556983947754,5.968823432922363,7.977203369140625,0.1299861222505569,0.10566396266222,14.278192520141602,6.026263236999512,8.128349304199219,0.1237829998135566,0.0947733893990516,12.793062210083008,3.2962663173675537,7.365730285644531,0.1098758429288864,0.0517029426991939,14.278192520141602
train,20260906_2309,t,0,empty,ok,41,43,4730,118.0,4723,1198,0.2536523396146517,4100,701,100.16941967670753,3.744999885559082,100,1.9102061684430252,33,180.0,4.744110584259033,7.243153095245361,7.818782329559326,0.7101906538009644,0.6714184284210205,19.60500717163086,5.971895694732666,7.977165222167969,0.1299746930599212,0.1052904427051544,14.277472496032717,6.027367115020752,8.129751205444336,0.1242069229483604,0.0951887965202331,12.793096542358398,3.297324180603028,7.372732162475586,0.1086707189679145,0.0511412918567657,14.277482986450195
train,20260906_2310,t,0,empty,ok,25,27,3847,134.0,5998,3170,0.5285095031677226,2500,133,64.13911525913885,13.019999980926514,100,3.0549795827172246,12,240.0,4.640744209289551,7.245555877685547,7.81535530090332,0.6982433795928955,0.6697453260421753,19.605152130126957,5.971923828125,7.985053539276123,0.1289381086826324,0.1051056683063507,14.27748966217041,6.027537822723389,8.126161575317383,0.1246311664581298,0.0954252108931541,12.79197597503662,3.298529624938965,7.371574401855469,0.1077480465173721,0.051322728395462,14.27748966217041
train,20260906_2311,t,0,empty,ok,40,41,5411,134.0,5936,1973,0.3323787061994609,4000,394,91.15719609420249,9.33299994468689,100,9.06443466062655,30,310.0,5.208551406860352,7.247609615325928,7.806238174438477,0.6936200857162476,0.6674469113349915,19.603368759155277,5.971416473388672,7.983127593994141,0.1290627419948578,0.1047662869095802,14.27525234222412,6.026342391967773,8.126445770263672,0.1253426074981689,0.0953917279839515,12.78482437133789,3.2982752323150635,7.373401165008545,0.1097194552421569,0.0516576580703258,14.27525234222412
train,20260906_2317,t,1,present,ok,51,52,6715,133.0,5998,1077,0.17955985328442814,5100,473,111.96518495619235,1.7649996280670166,100,7.5056621265519805,34,490.0,9.48850440979004,7.254478931427002,7.7951507568359375,0.7031567096710205,0.6761695742607117,19.608057022094727,5.98038387298584,7.8602705001831055,0.2317439615726471,0.1211858540773391,14.280065536499023,6.048704147338867,8.03813362121582,0.331842839717865,0.1227189749479293,12.803523063659668,3.3084499835968018,7.351912975311279,0.1550892889499664,0.0627768337726593,14.280143737792969
train,20260906_2318,t,1,present,ok,47,49,5871,123.0,5851,1685,0.2879849598359255,4700,733,100.34182192713953,4.485000133514404,100,6.638485488783286,38,560.0,5.020628929138184,7.248239517211914,7.802206039428711,0.7035390138626099,0.6721054911613464,19.60525894165039,5.967479228973389,7.864391803741455,0.1625931859016418,0.1163516193628311,14.2777738571167,6.02531623840332,8.045620918273926,0.1905472576618194,0.1148372665047645,12.793682098388672,3.300521850585937,7.328229904174805,0.1251839399337768,0.0592380575835704,14.277786254882812
train,20260906_2321,t,1,present,ok,33,35,4869,133.0,5996,2387,0.39809873248832556,3300,142,81.2095535512699,8.374000072479248,100,8.948587198748125,17,250.0,5.363218307495117,7.249889373779297,7.8177490234375,0.7018626928329468,0.6719432473182678,19.60696029663086,5.970493316650391,7.863407611846924,0.1590046733617782,0.1177494749426841,14.278519630432127,6.021233081817627,8.044265747070312,0.1860930621623993,0.117917388677597,12.793020248413086,3.300766468048096,7.330834865570068,0.1256233751773834,0.0610411763191223,14.278519630432127
train,20260906_2322,t,1,present,ok,54,56,5810,118.5,5895,1573,0.26683630195080577,5400,1251,98.56311597482622,1.2780001163482666,100,7.895701382371049,46,550.0,6.9667582511901855,7.240394592285156,7.792549133300781,0.7012165784835815,0.6708807349205017,19.60286903381348,5.966829776763916,7.863423347473144,0.1745585799217224,0.1175125688314437,14.274998664855955,6.018046855926514,8.050092697143555,0.2008571475744247,0.1165273338556289,12.781414985656738,3.300809144973755,7.327622413635254,0.1275100409984588,0.0604770332574844,14.274998664855955
train,20260906_2324,t,1,present,ok,38,39,4526,129.5,5843,2493,0.4266643847338696,3800,659,77.46948962675954,10.79800009727478,100,5.985468310009392,25,430.0,4.927745342254639,7.242278099060059,7.804370403289795,0.7068424820899963,0.6716108918190002,19.605562210083008,5.967555999755859,7.859274387359619,0.1689359098672866,0.1172143965959549,14.27731990814209,6.020280838012695,8.046767234802246,0.2058219164609909,0.1174002066254615,12.787320137023926,3.3019111156463623,7.331027030944824,0.1292588114738464,0.0609952472150325,14.27731990814209
train,20260906_2325,t,1,present,ok,46,48,5957,132.0,5969,1538,0.25766460043558387,4600,583,99.80732186832573,4.170999765396118,100,10.125563509455016,30,420.0,4.884479999542236,7.233872413635254,7.773014068603516,0.7022415399551392,0.6715271472930908,19.606098175048828,5.964477062225342,7.853908061981201,0.1708917319774627,0.1158986240625381,14.278197288513184,6.024008750915527,8.053321838378906,0.2057113945484161,0.1151592433452606,12.78957176208496,3.301334381103516,7.322449684143066,0.1263398677110672,0.0596724897623062,14.278197288513184
train,20260906_2326,t,1,present,ok,46,48,6151,133.0,5957,1431,0.24022158804767502,4600,453,103.26360678198431,3.180999994277954,100,3.0725951893572345,28,510.0,5.958404541015625,7.249907493591309,7.8156938552856445,0.7051239013671875,0.6735071539878845,19.60532760620117,5.973699569702148,7.861476421356201,0.1703488826751709,0.1164691448211669,14.276646614074709,6.025112152099609,8.048349380493164,0.2137119472026825,0.1170541122555732,12.784998893737791,3.3036892414093018,7.324111938476562,0.1321178972721099,0.0601049475371837,14.276646614074709
train,20260906_2327,t,1,present,ok,38,40,5281,134.0,5971,2078,0.3480154078043879,3800,267,88.45896140338272,11.32800006866455,100,3.0600738129978327,22,420.0,4.782084465026856,7.24445915222168,7.794301509857178,0.6954194903373718,0.6718987226486206,19.60474395751953,5.975361347198486,7.858668327331543,0.1810894757509231,0.1176822856068611,14.276122093200684,6.028143405914307,8.051549911499023,0.2112756520509719,0.1131661608815193,12.783863067626951,3.3079724311828613,7.347434997558594,0.1335885226726532,0.0617744922637939,14.276122093200684
train,20260906_2328,t,1,present,ok,40,42,5487,134.0,5998,1959,0.32660886962320773,4000,203,91.48201893055209,11.996999979019165,100,2.2159928988222477,24,270.0,5.525103092193604,7.249511241912842,7.822454929351807,0.698933482170105,0.6714048981666565,19.60738182067871,5.980220794677734,7.85893440246582,0.1674681007862091,0.1172784194350242,14.278752326965332,6.032804489135742,8.04870891571045,0.248720571398735,0.1140198782086372,12.791484832763672,3.30924654006958,7.351521015167236,0.1280496716499328,0.060701485723257,14.278752326965332
train,20260906_2330,t,1,present,ok,43,44,5482,133.0,5893,1866,0.31664686916680806,4300,405,93.02562389222648,6.5269999504089355,100,4.082233007183687,32,310.0,6.511082172393799,7.245194911956787,7.8078813552856445,0.6955267190933228,0.670011579990387,19.611522674560547,5.978061676025391,7.860607147216797,0.1905175596475601,0.1161587014794349,14.282450675964355,6.043522834777832,8.056907653808594,0.2357170432806015,0.1124671697616577,12.805277824401855,3.306830406188965,7.350493907928467,0.1301541477441787,0.0600082576274871,14.282451629638672
train,20260906_2331,t,1,present,ok,47,49,6158,133.0,5861,1320,0.22521753966899846,4700,414,105.06739483060926,3.9690001010894775,100,10.142163913527586,38,60.0,4.332676887512207,7.245306968688965,7.8333635330200195,0.7274535894393921,0.6696670055389404,19.60798454284668,5.97313117980957,7.860926151275635,0.1656960248947143,0.1163416132330894,14.279480934143066,6.031967639923096,8.050813674926758,0.200407326221466,0.1141804754734039,12.796809196472168,3.303729057312012,7.340682506561279,0.1241648197174072,0.060264054685831,14.279480934143066
train,20260906_2332,t,1,present,ok,52,54,6641,133.0,5862,1109,0.18918457864210167,5200,647,113.2986436734539,2.13700008392334,100,35.39932130927038,44,570.0,21.972963333129883,7.3216023445129395,7.95998477935791,1.0931899547576904,0.6909698247909546,19.60901641845703,6.076067924499512,8.002779006958008,0.8130993247032166,0.1513106524944305,14.279375076293944,6.165708065032959,8.207307815551758,0.9244527220726012,0.1556863784790039,12.79944896697998,3.349215030670166,7.475064277648926,0.4355974197387695,0.0771507769823074,14.279375076293944
train,20260906_2333,t,1,present,ok,45,46,6095,133.0,5904,1430,0.24220867208672087,4500,301,103.2438382508429,3.693000078201294,100,10.62747265118266,27,490.0,16.36878204345703,7.295899391174316,7.908537864685059,0.8250110745429993,0.6858246922492981,19.605451583862305,6.098123550415039,8.032931327819824,0.6003059148788452,0.1688521951436996,14.276921272277832,6.134927749633789,8.429634094238281,0.7208484411239624,0.1773777455091476,12.792484283447266,3.3390378952026367,7.685988426208496,0.326567530632019,0.0848696306347847,14.276921272277832
train,20260906_2335,t,1,present,ok,32,33,4244,133.0,5999,2874,0.47907984664110687,3200,326,70.7545595684995,10.564000129699707,100,10.832461380017389,18,190.0,20.23622703552246,7.299627304077148,7.851116180419922,0.9647023677825928,0.6838392019271851,19.607776641845703,6.099769115447998,7.830309867858887,0.5705538988113403,0.1333360373973846,14.277935028076172,6.146430492401123,8.250645637512207,0.7233142852783203,0.1360443979501724,12.794133186340332,3.3601412773132324,7.479238510131836,0.3546052873134613,0.0683365240693092,14.277935028076172
train,20260906_2336,t,1,present,ok,47,49,5625,121.0,5857,1678,0.286494792555916,4700,739,96.04548716773448,3.378999710083008,100,34.54001469250741,34,450.0,19.53385162353516,7.309427261352539,7.843630790710449,1.0217199325561523,0.6906613707542419,19.605308532714844,6.1099853515625,7.858011722564697,0.6494104862213135,0.1510709673166275,14.276081085205078,6.142962455749512,8.256376266479492,0.7915517091751099,0.1600676923990249,12.787032127380373,3.37314772605896,7.568487167358398,0.3644494414329529,0.0770378857851028,14.276081085205078
train,20260906_2337,t,1,present,ok,53,55,6167,112.0,5893,1347,0.22857627693874089,5300,1018,104.66379250929873,1.6459999084472656,100,25.65378950856571,45,480.0,19.31024742126465,7.295565128326416,7.848227500915527,0.9123834371566772,0.6838168501853943,19.607160568237305,6.114100456237793,7.9022111892700195,0.5595829486846924,0.1385638266801834,14.278400421142578,6.145898342132568,8.253214836120605,0.7365965247154236,0.1438789218664169,12.794559478759766,3.3752169609069824,7.610161781311035,0.3492435812950134,0.0738731920719146,14.278400421142578
train,20260906_2338,t,1,present,ok,36,37,4771,134.0,4967,1452,0.29232937386752567,3600,342,96.06942899552249,4.805000066757202,100,4.990279615094903,24,320.0,8.063081741333008,7.251288414001465,7.785749435424805,0.7009270191192627,0.6709681749343872,19.607398986816406,6.061132907867432,7.821263313293457,0.2042008489370346,0.1203633919358253,14.278938293457031,6.091457366943359,8.18331241607666,0.2820412516593933,0.123820386826992,12.79384708404541,3.3544812202453613,7.522761821746826,0.1495202481746673,0.0635192543268203,14.278938293457031
train,20260906_2339,t,1,present,ok,41,42,5241,134.0,5306,1448,0.2728986053524312,4100,488,98.77497183663681,3.7139999866485596,100,5.894008025359871,27,250.0,11.769807815551758,7.264743328094482,7.817356586456299,0.7086583971977234,0.6740456223487854,19.608083724975582,6.099722862243652,7.836747169494629,0.2594473659992218,0.1357530951499939,14.278295516967772,6.140439510345459,8.183431625366211,0.3566324412822723,0.1407130658626556,12.796265602111816,3.386614799499512,7.535184860229492,0.2026913166046142,0.0790536925196647,14.278295516967772
train,20260906_2340,t,1,present,ok,29,30,4015,134.0,3494,537,0.15369204350314825,2900,157,114.94417384273257,1.0109999179840088,100,8.38758835288075,17,160.0,11.50913429260254,7.274971961975098,7.841806411743164,0.7220364809036255,0.6768410205841064,19.60689163208008,6.085601329803467,7.841390132904053,0.2440794557332992,0.1230131983757019,14.276983261108398,6.083439826965332,8.189091682434082,0.3556808829307556,0.127454474568367,12.790939331054688,3.3645029067993164,7.558279037475586,0.1621472239494323,0.0671739429235458,14.276983261108398
train,20260907_2247,t,1,present,ok,55,57,5908,135.0,5861,1616,0.27572086674628904,5500,1420,100.81911238187219,1.5960001945495605,100,5.707993879816917,51,570.0,4.910847187042236,7.220362186431885,7.739217281341553,0.6876126527786255,0.665254533290863,19.51664924621582,6.181268215179443,8.174970626831055,0.18119677901268,0.1075390204787254,14.20315647125244,6.2873077392578125,8.613265991210938,0.2059296816587448,0.1083703562617302,12.760498046875,3.3894217014312744,7.640815734863281,0.1342507600784301,0.0581011585891246,14.20315647125244
train,20260907_2248,t,1,present,ok,46,47,4973,129.0,5999,2410,0.4017336222703784,4600,1273,82.90958811003235,3.688999891281128,100,5.850057607808228,31,560.0,7.576002597808838,7.2401533126831055,7.765476226806641,0.6836652159690857,0.6651994585990906,19.55872917175293,6.179290771484375,8.163000106811523,0.1644836962223053,0.1090750098228454,14.236166954040527,6.283796310424805,8.620129585266113,0.1681272983551025,0.1099766939878463,12.787527084350586,3.3825724124908447,7.635965824127197,0.1292735338211059,0.0596756786108017,14.236166954040527
train,20260907_2249,t,1,present,ok,42,44,4609,102.0,5996,2656,0.4429619746497665,4200,1340,76.87304042025231,2.496000051498413,100,13.326458121287626,22,340.0,5.202179431915283,7.235363960266113,7.761807441711426,0.6833219528198242,0.6650465130805969,19.55959701538086,6.166887283325195,8.159971237182617,0.1623569130897522,0.1083462983369827,14.232501983642578,6.2698588371276855,8.60660171508789,0.1784160137176513,0.1104481965303421,12.779970169067385,3.370636463165283,7.628616333007812,0.1287741065025329,0.0590933337807655,14.232501983642578
train,20260907_2250,t,1,present,ok,43,44,4192,101.0,5976,2917,0.4881191432396252,4300,1542,70.14960352128898,5.200999975204468,100,8.857932346429305,25,520.0,4.968610286712647,7.245010375976562,7.775614261627197,0.6803621053695679,0.6644873023033142,19.5603084564209,6.174439907073975,8.179506301879883,0.1626558303833007,0.1084534153342247,14.226983070373535,6.27229118347168,8.611719131469727,0.1725673079490661,0.109683983027935,12.77507781982422,3.375006675720215,7.6101226806640625,0.1283349245786667,0.05872393399477,14.226983070373535
train,20260907_2251,t,1,present,ok,44,45,4746,130.0,5903,2520,0.42690157547009994,4400,1249,80.40115869272528,3.559999942779541,100,21.175856598205648,28,260.0,13.343771934509276,7.250058650970459,7.767928123474121,0.712314784526825,0.6683981418609619,19.561986923217773,6.180246353149414,8.186593055725098,0.2482250928878784,0.1109076216816902,14.225871086120604,6.2758073806762695,8.615516662597656,0.2785943746566772,0.1091489419341087,12.771090507507324,3.3758368492126465,7.613470554351807,0.1627203226089477,0.0591191463172435,14.225871086120604
train,20260907_2253,t,1,present,ok,42,44,4693,130.0,5590,2224,0.39785330948121644,4200,1104,83.9594963447603,2.172999858856201,100,4.609123324553937,23,370.0,4.958582878112793,7.244473457336426,7.764577865600586,0.6865396499633789,0.664732038974762,19.56432342529297,6.161150932312012,8.194807052612305,0.1690127551555633,0.1064962819218635,14.221993446350098,6.260859966278076,8.601407051086426,0.2027899622917175,0.1066434159874916,12.763339042663574,3.367856979370117,7.573123931884766,0.1309074461460113,0.0578150041401386,14.221993446350098
train,20260907_2254,t,1,present,ok,45,46,4286,95.0,5440,2394,0.4400735294117647,4500,1657,78.78821312083373,2.0820000171661377,100,4.838055485157361,31,482.0,4.848440170288086,7.242752075195312,7.757071495056152,0.679227888584137,0.6633031964302063,19.56637191772461,6.156807899475098,8.203096389770508,0.1729498952627182,0.1065453216433525,14.21915054321289,6.253365516662598,8.587767601013184,0.2015248537063598,0.1068675592541694,12.756640434265137,3.364014148712158,7.558732986450195,0.1314434111118316,0.0579570867121219,14.21915054321289
train,20260907_2255,t,1,present,ok,41,42,4737,139.0,5894,2592,0.4397692568713946,4100,1025,80.38214183468718,8.822999715805054,100,2.787581163045738,27,280.0,5.253499031066895,7.249137878417969,7.783454895019531,0.6868141889572144,0.6656652688980103,19.571123123168945,6.165882110595703,8.220300674438477,0.1749006658792495,0.1067534014582634,14.218988418579102,6.257281303405762,8.590179443359375,0.2027746587991714,0.1064349710941314,12.732609748840332,3.369887351989746,7.572230815887451,0.1327768564224243,0.0580559782683849,14.218988418579102
train,20260907_2257,t,1,present,ok,36,37,3180,85.0,5093,2816,0.5529157667386609,3600,1485,62.44231934222745,6.742999792098999,100,5.696797039210889,22,310.0,5.07772970199585,7.246623992919922,7.756538391113281,0.6882848739624023,0.6644553542137146,19.567607879638672,6.1543498039245605,8.212628364562988,0.1760720610618591,0.1087184250354766,14.211423873901367,6.250504016876221,8.580724716186523,0.1965225934982299,0.109954260289669,12.734375953674316,3.3589487075805664,7.550782203674316,0.1282656192779541,0.0588754639029502,14.211423873901367
train,20260907_2258,t,1,present,ok,45,47,5185,132.0,5841,2219,0.37990070193460024,4500,1197,88.78272628838418,2.421999931335449,100,3.9917093660331107,30,340.0,4.632335662841797,7.253478050231934,7.774652481079102,0.6875898838043213,0.6676368117332458,19.565162658691406,6.170915126800537,8.20442008972168,0.1721196472644806,0.1092182919383049,14.208067893981934,6.261154174804688,8.580143928527832,0.1991981267929077,0.1104527860879898,12.735785484313965,3.37243390083313,7.545862197875977,0.1266324073076248,0.0593975633382797,14.208067893981934
train,20260907_2259,t,1,present,ok,48,49,4912,110.5,5939,2503,0.42145142279845094,4800,1553,82.72145487593939,5.746999979019165,100,6.894546787809368,40,480.0,4.747841835021973,7.258193969726562,7.804837226867676,0.6949807405471802,0.66823810338974,19.56367874145508,6.1635518074035645,8.199631690979004,0.1725545972585678,0.1074098050594329,14.20591163635254,6.243069648742676,8.57690143585205,0.2193699181079864,0.1075773537158966,12.741808891296388,3.364787101745605,7.516796112060547,0.1301745772361755,0.0579413473606109,14.20591163635254
train,20260907_2300,t,1,present,ok,39,41,3840,102.0,5865,3121,0.5321398124467178,3900,1443,65.47537852740274,3.0169999599456787,100,9.917473033255048,20,430.0,5.02769660949707,7.258624076843262,7.77985668182373,0.6877682209014893,0.6673542857170105,19.559858322143555,6.174551010131836,8.193266868591309,0.176547572016716,0.1114044710993766,14.20157527923584,6.256678581237793,8.566853523254395,0.2111801505088806,0.1122550591826438,12.746477127075195,3.373952388763428,7.508031845092773,0.1297112256288528,0.0610888600349426,14.20157527923584
train,20260907_2302,t,1,present,ok,53,55,5737,136.0,5998,1917,0.31960653551183726,5300,1533,95.65492852556773,2.306999921798706,100,14.283458179618787,46,450.0,7.227387428283691,7.265274047851562,7.79196834564209,0.6889215111732483,0.6669745445251465,19.55137062072754,6.176933765411377,8.191446304321289,0.1741762608289718,0.1125473454594612,14.194305419921877,6.252216815948486,8.60932731628418,0.220004066824913,0.1178492978215217,12.768336296081545,3.373950481414795,7.468517303466797,0.129972219467163,0.0622664093971252,14.194305419921877
train,20260907_2303,t,1,present,ok,34,35,3740,124.0,5977,3321,0.5556299146729128,3400,948,62.576338154942576,12.799000024795532,100,39.47722145385692,19,300.0,4.614902496337891,7.273296356201172,7.801097869873047,0.6953624486923218,0.6700870990753174,19.544340133666992,6.179205417633057,8.196920394897461,0.1694448590278625,0.1107490286231041,14.186530113220217,6.246964931488037,8.601325988769531,0.2028959393501281,0.1118713319301605,12.761672973632812,3.3725106716156006,7.457280158996582,0.1368206441402435,0.0607339031994342,14.186534881591797
train,20260907_2304,t,1,present,ok,41,41,4112,108.0,5929,2997,0.5054815314555574,4100,1487,69.35987170526768,10.219000101089478,100,7.208954024066729,28,450.0,5.475490570068359,7.263379096984863,7.779227256774902,0.6871492862701416,0.6682356595993042,19.537391662597656,6.183241367340088,8.198821067810059,0.1706525981426239,0.1094491258263588,14.18008041381836,6.240401744842529,8.631601333618164,0.2085260450839996,0.1114773079752922,12.76451301574707,3.377693653106689,7.447314262390137,0.1305233389139175,0.0592458173632621,14.180084228515623
train,20260907_2305,t,1,present,ok,51,53,5018,108.0,5894,2442,0.41431964709874447,5100,2017,85.13887255053874,1.2100000381469727,100,4.618403842060751,45,460.0,5.121952056884766,7.269076347351074,7.803340435028076,0.6957062482833862,0.6678312420845032,19.52963638305664,6.186383724212647,8.199254035949707,0.1708570420742035,0.1070622727274894,14.173613548278809,6.240001201629639,8.625227928161621,0.2044024765491485,0.108570858836174,12.766475677490234,3.3768506050109863,7.454066753387451,0.1274205893278122,0.0574570596218109,14.17361545562744
train,20260907_2307,t,1,present,ok,40,40,3869,119.5,5886,3087,0.5244648318042814,4000,1274,65.74006431091328,11.052000045776367,100,13.669697069718802,27,260.0,4.468263626098633,7.277282238006592,7.833521366119385,0.6927467584609985,0.6669698357582092,19.52029609680176,6.197430610656738,8.193280220031738,0.1640531867742538,0.1087456718087196,14.165033340454102,6.244832992553711,8.631086349487305,0.1987829953432083,0.1106209829449653,12.773066520690918,3.3838391304016118,7.479009628295898,0.1321241557598114,0.0593738406896591,14.165033340454102
train,20260908_0029,t,1,present,ok,55,57,5406,127.0,5998,1997,0.33294431477159053,5500,1732,90.13304889634017,2.062999963760376,100,61.1823093226532,49,530.0,21.59967613220215,7.302732467651367,7.864065170288086,0.852569043636322,0.6770932078361511,19.45733070373535,6.33859395980835,8.402944564819336,0.8626269698143005,0.1561640053987503,14.12363624572754,6.467831611633301,8.861498832702637,0.9801671504974364,0.1655070334672927,12.82188320159912,3.4885332584381104,8.02967643737793,0.4111538231372833,0.0765993893146514,14.12363624572754
train,20260908_0030,t,1,present,ok,45,47,4220,88.0,5947,2790,0.4691441062720699,4500,1536,70.9637280572025,7.996999740600586,100,38.6227341729699,35,400.0,15.776178359985352,7.297052383422852,7.809626579284668,0.7325810790061951,0.6703824400901794,19.45600128173828,6.276285171508789,8.289237022399902,0.320403128862381,0.1182851195335388,14.120739936828612,6.400763988494873,8.78837776184082,0.3955516815185547,0.1226403936743736,12.799269676208496,3.506109476089477,7.996135234832764,0.2184272557497024,0.0626217946410179,14.120739936828612
train,20260908_0031,t,1,present,ok,39,41,4238,102.0,5863,2697,0.46000341122292343,3900,1127,72.29367816718607,5.5980000495910645,100,47.398347959237306,21,430.0,6.812069416046143,7.280056953430176,7.792590141296387,0.6846524477005005,0.6643455028533936,19.455469131469727,6.259072780609131,8.282951354980469,0.1708781123161316,0.1048334613442421,14.118050575256348,6.374001502990723,8.80424690246582,0.2167953848838806,0.1050240844488143,12.780879020690918,3.4965412616729736,7.992940902709961,0.129615232348442,0.0549840219318866,14.118050575256348
train,20260908_0032,t,1,present,ok,38,39,3098,53.5,5891,3495,0.5932778815141742,3800,1679,52.59137278404022,7.713000059127808,100,83.78474185293283,22,320.0,13.528485298156738,7.295712947845459,7.827072143554687,0.696570873260498,0.6684098839759827,19.455961227416992,6.269721508026123,8.27800178527832,0.3181357979774475,0.1168798580765724,14.11745262145996,6.385788440704346,8.787740707397461,0.40108323097229,0.1196223124861717,12.768913269042969,3.503113269805908,7.976615905761719,0.2722065448760986,0.0652306079864502,14.11745262145996
train,20260908_0033,t,1,present,ok,38,39,3847,131.0,5780,2901,0.5019031141868512,3800,1141,66.5582449237816,5.335000038146973,100,10.871758519347456,23,440.0,4.858335494995117,7.276678085327148,7.783121109008789,0.6836309432983398,0.664327085018158,19.454954147338867,6.263528823852539,8.282100677490234,0.1724206656217575,0.1104487404227256,14.114583969116213,6.387445449829102,8.780016899108887,0.2013839483261108,0.1124792918562889,12.750310897827148,3.509958982467652,7.960084438323975,0.1318972259759903,0.0608892291784286,14.114583969116213
train,20260908_0034,t,1,present,ok,37,37,3762,135.0,5212,2423,0.464888718342287,3700,1039,72.19205182793793,3.5989999771118164,100,13.216267228046295,22,230.0,4.90286922454834,7.276110649108887,7.7857561111450195,0.6912504434585571,0.6659260988235474,19.456035614013672,6.258401870727539,8.285846710205078,0.170574203133583,0.1125912368297576,14.114710807800291,6.37930154800415,8.776862144470215,0.2053770720958709,0.1159541830420494,12.74471664428711,3.504503011703491,7.94970703125,0.1296311914920807,0.0610786192119121,14.114710807800291
train,20260908_0035,t,1,present,ok,40,41,3944,120.0,4401,1422,0.3231083844580777,4000,1204,89.62617812463475,1.5390000343322754,100,39.46396765427123,32,390.0,18.293258666992188,7.305039405822754,7.839763164520264,0.8222590684890747,0.6816966533660889,19.46723747253418,6.278397083282471,8.280515670776367,0.4762630760669708,0.1351404637098312,14.132343292236328,6.403902053833008,8.807632446289062,0.5525755882263184,0.1411957293748855,12.752859115600586,3.494139671325684,7.991933822631836,0.3086325228214264,0.0698919519782066,14.132844924926758
train,20260908_0036,t,1,present,ok,33,35,2947,88.0,5470,3250,0.5941499085923218,3300,1336,53.882580874816014,9.614999771118164,100,16.1963374221486,17,250.0,4.883852481842041,7.281876564025879,7.802404403686523,0.6925367116928101,0.666039228439331,19.46410751342773,6.266132831573486,8.262659072875977,0.1850452274084091,0.1138004064559936,14.121155738830566,6.386193752288818,8.814072608947754,0.2458578944206237,0.117212638258934,12.742998123168944,3.501102924346924,7.922551155090332,0.1396495103836059,0.0631942898035049,14.121155738830566
train,20260908_0038,t,1,present,ok,48,50,4162,59.5,5996,2722,0.45396931287525016,4800,1837,69.4140997826947,2.6619999408721924,100,32.75369294520593,34,410.0,4.847795009613037,7.278206348419189,7.80999755859375,0.6972830295562744,0.6669688820838928,19.45948600769043,6.25277853012085,8.276756286621094,0.1894393265247345,0.1121451407670974,14.116628646850586,6.368537425994873,8.795553207397461,0.2665777802467346,0.1128069162368774,12.738410949707031,3.49810791015625,7.919201374053955,0.133419394493103,0.06137365847826,14.116628646850586
train,20260908_0039,t,1,present,ok,50,50,4752,109.0,5943,2409,0.4053508329126704,5000,1634,79.9703814326534,2.0409998893737793,100,16.297581453700126,36,260.0,4.9510579109191895,7.273396492004394,7.789923191070557,0.6893866062164307,0.6655673384666443,19.458721160888672,6.2434611320495605,8.27648639678955,0.1851105988025665,0.1124434992671012,14.114957809448242,6.357314586639404,8.786343574523926,0.2477860748767852,0.113795593380928,12.735204696655272,3.4886155128479004,7.930638790130615,0.1305523365736007,0.0611414909362793,14.114957809448242
train,20260908_0040,t,1,present,ok,40,41,3408,67.5,5926,3260,0.5501181235234559,4000,1635,57.51316318324982,6.213000059127808,100,13.603258155058535,29,430.0,5.110979080200195,7.271445274353027,7.800202369689941,0.6963895559310913,0.6657710671424866,19.456130981445312,6.232239246368408,8.285330772399902,0.179076611995697,0.1072233542799949,14.11270523071289,6.349409103393555,8.791460990905762,0.2215145230293274,0.1067938730120658,12.727641105651855,3.483983039855957,7.918089866638184,0.1291431784629821,0.0577503070235252,14.11270523071289
train,20260908_0041,t,1,present,ok,34,35,4019,133.0,5743,2741,0.47727668465958556,3400,715,69.98206493132338,11.184000015258789,100,15.661565445578312,18,200.0,4.575382232666016,7.270017623901367,7.79793643951416,0.6954073309898376,0.6670700907707214,19.45625305175781,6.230130672454834,8.285249710083008,0.1582073867321014,0.1067017465829849,14.11185073852539,6.342330455780029,8.786299705505371,0.2140576839447021,0.1069054901599884,12.723942756652832,3.4812512397766118,7.919617652893066,0.1261284500360489,0.05886797234416,14.11185073852539
train,20260908_0042,t,1,present,ok,49,50,4018,73.0,5795,2723,0.46988783433994824,4900,1936,69.33922374149556,5.531999826431274,100,13.617612500104379,41,270.0,4.975375652313232,7.270717620849609,7.809054374694824,0.6953591108322144,0.666232168674469,19.456382751464844,6.225851058959961,8.288697242736816,0.1742074340581894,0.1060981601476669,14.111106872558594,6.355861663818359,8.776597023010254,0.2322085797786712,0.1028721258044242,12.721953392028809,3.47936749458313,7.916848182678223,0.1298372745513916,0.0563902258872985,14.111106872558594
train,20260908_0043,t,1,present,ok,49,51,4867,94.0,5850,2200,0.37606837606837606,4900,1498,83.20938272960639,3.1510000228881836,100,8.350765326362255,41,530.0,4.735705852508545,7.273229598999023,7.799176216125488,0.6909990310668945,0.6660186648368835,19.457355499267575,6.226150989532471,8.27580451965332,0.1858198493719101,0.107420228421688,14.112361907958984,6.355739116668701,8.770089149475098,0.2692150473594665,0.105396568775177,12.725519180297852,3.479208707809448,7.918136596679687,0.1261575669050216,0.0574606694281101,14.112361907958984
train,20260908_0045,t,1,present,ok,27,29,2836,98.0,5997,3875,0.6461564115391029,2700,933,47.296621089613936,12.101999998092651,100,9.689789809312646,14,240.0,4.773367881774902,7.278320789337158,7.823077201843262,0.6925846934318542,0.6649693250656128,19.457204818725582,6.221258163452148,8.292536735534668,0.1469034105539322,0.1011700332164764,14.111763954162598,6.350297927856445,8.792105674743652,0.1804026663303375,0.0965895801782608,12.723812103271484,3.47059965133667,7.907016754150391,0.1238572373986244,0.0519509576261043,14.111763954162598
train,20260908_0046,t,1,present,ok,52,53,4245,63.5,5789,2556,0.441527034030057,5200,2076,73.3375943296555,1.8389999866485596,100,21.302504950070848,42,150.0,4.5061774253845215,7.277756690979004,7.854325294494629,0.7077308297157288,0.6683539152145386,19.45670318603516,6.232557773590088,8.286107063293457,0.1654734015464782,0.1093847155570983,14.110618591308594,6.360942363739014,8.781330108642578,0.2133911997079849,0.1082289293408393,12.72026252746582,3.4866867065429688,7.914208889007568,0.1353547573089599,0.0595119670033454,14.110618591308594
train,20260908_0047,t,1,present,ok,51,52,5263,131.0,5932,1993,0.3359743762643291,5100,1481,88.72667208025868,2.1110000610351562,100,21.02023409735159,40,440.0,4.683094024658203,7.275982856750488,7.8130340576171875,0.6940780878067017,0.6680787205696106,19.458311080932617,6.233621597290039,8.282695770263672,0.1709105521440506,0.1093729510903358,14.113025665283203,6.366170883178711,8.776235580444336,0.2057129293680191,0.1085397526621818,12.7255277633667,3.489232063293457,7.911549568176269,0.1260575205087661,0.0603390410542488,14.113025665283203
train,20260908_0049,t,1,present,ok,35,37,3435,107.0,5867,3304,0.5631498210328959,3500,1094,58.550803633411846,9.032000064849854,100,11.921873605983444,21,400.0,4.483750343322754,7.271624565124512,7.79156494140625,0.6840259432792664,0.6651201248168945,19.45673942565918,6.237237453460693,8.283924102783203,0.1661979109048843,0.1083921715617179,14.110130310058594,6.369683265686035,8.753839492797852,0.1933787763118744,0.1060798242688179,12.71606159210205,3.494161367416382,7.911431312561035,0.1263304650783538,0.0589855574071407,14.110130310058594
train,20260908_0050,t,1,present,ok,54,55,4671,61.5,5956,2372,0.3982538616521155,5400,2024,78.42511760388719,1.6119999885559082,100,13.149725283798187,46,440.0,4.881295680999756,7.262835502624512,7.768689155578613,0.688429594039917,0.6662452816963196,19.45713424682617,6.22721004486084,8.277697563171387,0.1717004776000976,0.1103739663958549,14.11103057861328,6.366551399230957,8.750922203063965,0.2161744087934494,0.1094007045030593,12.715627670288086,3.4865498542785645,7.915079116821289,0.1261672377586364,0.0600795298814773,14.11103057861328
train,20260908_0051,t,1,present,ok,36,37,4073,131.0,5867,2853,0.4862791886824612,3600,929,69.42574183373696,7.686000108718872,100,12.137839761647522,21,450.0,4.934881210327148,7.268919944763184,7.776994705200195,0.6935706734657288,0.6665946841239929,19.45887565612793,6.235177040100098,8.273815155029297,0.1630705296993255,0.109250470995903,14.112610816955566,6.367257118225098,8.756503105163574,0.1890877336263656,0.1090950369834899,12.71823501586914,3.494269371032715,7.914849281311035,0.128229022026062,0.0585648119449615,14.112610816955566
train,20260908_0052,t,1,present,ok,47,48,5174,130.0,5999,2124,0.3540590098349725,4700,1100,86.25921127769567,1.8259999752044678,100,73.25138862882575,28,390.0,21.280292510986328,7.327329635620117,7.901578903198242,0.9583021402359008,0.6871864795684814,19.459814071655277,6.293756008148193,8.388123512268066,0.6726329326629639,0.1419574320316314,14.113516807556152,6.438118934631348,8.814241409301758,0.7540580034255981,0.1461653560400009,12.720656394958496,3.476548194885254,8.03445816040039,0.342872142791748,0.0696806758642196,14.113516807556152
train,20260908_0053,t,1,present,ok,34,36,3266,96.0,5861,3359,0.5731103907183075,3400,1003,55.7261809147912,11.146000146865845,100,29.1077986555404,26,130.0,15.23179054260254,7.317076683044434,7.861700057983398,0.8677233457565308,0.6846860647201538,19.458589553833008,6.279788017272949,8.429685592651367,0.3260821104049682,0.117623470723629,14.111356735229492,6.439023017883301,8.811546325683594,0.4036639630794525,0.1141177788376808,12.714033126831056,3.461875915527344,7.978791236877441,0.2323601841926574,0.0605203546583652,14.111356735229492
train,20260908_0054,t,1,present,ok,27,28,3126,130.0,5998,3622,0.6038679559853285,2700,645,52.121717257922946,21.82200002670288,100,45.858599809684705,14,230.0,11.150850296020508,7.267025470733643,7.793239593505859,0.6981488466262817,0.665279746055603,19.460134506225582,6.230197906494141,8.41351318359375,0.1472066938877105,0.1093984320759773,14.113042831420898,6.384119987487793,8.792749404907227,0.1445436179637909,0.1052404418587684,12.722185134887695,3.44607162475586,7.984177589416504,0.1228516474366188,0.0539977513253688,14.113042831420898
train,20260908_0055,t,1,present,ok,50,50,4894,116.0,5751,2048,0.35611198052512605,5000,1453,85.108602998354,4.0320000648498535,100,33.79087226395941,40,480.0,14.055790901184082,7.279523849487305,7.811525344848633,0.7119870185852051,0.674489438533783,19.45867919921875,6.255817413330078,8.445413589477539,0.2667271494865417,0.1276952475309372,14.111279487609863,6.413082122802734,8.80577278137207,0.2898446321487427,0.1278240382671356,12.717629432678224,3.4591739177703857,7.984926223754883,0.1869954466819763,0.0681787505745887,14.111279487609863
train,20260908_0056,t,1,present,ok,42,43,4209,91.0,5905,2709,0.4587637595258256,4200,1257,71.28582085208396,8.08299994468689,100,31.74766945424779,28,290.0,16.864212036132812,7.301775455474853,7.824239730834961,0.8663634061813354,0.6804452538490295,19.45965003967285,6.271697998046875,8.482834815979004,0.3824260234832763,0.1214099451899528,14.112356185913086,6.440318584442139,8.822613716125488,0.4573140144348144,0.1223670467734336,12.71808910369873,3.4585728645324707,7.986080169677734,0.2698045372962951,0.0633599981665611,14.112356185913086
train,20260908_0058,t,1,present,ok,34,34,3549,113.5,5687,3023,0.5315632143485142,3400,1024,62.41426613053137,6.802000284194946,100,43.37406278870769,18,290.0,4.692428112030029,7.273294448852539,7.79725980758667,0.7107267379760742,0.6707020401954651,19.459566116333008,6.235569000244141,8.39950942993164,0.2873895466327667,0.1197918504476547,14.111913681030272,6.385873794555664,8.817548751831055,0.3311046361923218,0.1182830780744552,12.714725494384766,3.464467763900757,7.946016311645508,0.2117379605770111,0.0665380805730819,14.111913681030272
train,20260908_0059,t,1,present,ok,47,48,4823,117.0,5288,1622,0.306732223903177,4700,1214,91.21857971041719,1.9039998054504395,100,82.8184695780639,37,130.0,16.485502243041992,7.287533760070801,7.822445869445801,0.7472221851348877,0.675433874130249,19.45954322814941,6.248967170715332,8.42634391784668,0.2968488335609436,0.1180034503340721,14.111738204956056,6.399104595184326,8.820262908935547,0.3683221042156219,0.1187901198863983,12.716583251953123,3.4676835536956787,7.944143295288086,0.2165341973304748,0.0629942938685417,14.111738204956056
train,20260908_0100,t,1,present,ok,41,43,3953,117.0,5864,2885,0.4919849931787176,4100,1186,67.4170717258112,4.860000133514404,100,51.18960872417358,23,420.0,13.27020263671875,7.281679630279541,7.813720703125,0.7086098194122314,0.672120988368988,19.46183586120605,6.259493350982666,8.408740997314453,0.3338974118232727,0.1254385113716125,14.115073204040527,6.396955490112305,8.816686630249023,0.4102268517017364,0.1303089261054992,12.724177360534668,3.4759538173675537,7.937060356140137,0.2370562702417373,0.0691580846905708,14.115073204040527
train,20260908_0101,t,1,present,ok,48,49,4883,117.0,5997,2479,0.41337335334333836,4800,1466,81.43490859682117,3.327000141143799,100,45.1285978578416,31,390.0,11.643828392028809,7.287668228149414,7.814796447753906,0.7409284710884094,0.6760748028755188,19.46107482910156,6.256640434265137,8.392571449279785,0.388953685760498,0.1276893019676208,14.113633155822754,6.407228469848633,8.815731048583984,0.4308550953865051,0.1287962943315506,12.719429969787598,3.459428310394287,7.989128589630127,0.2346095293760299,0.0661244168877601,14.113633155822754
validation_minutes,20260915_1941,t,1,present,ok,53,55,7074,129.0,5861,439,0.0749018938747654,5300,85,120.71260366933281,3.4130003452301025,100,7.49248772267935,51,540.0,5.676133155822754,7.380638122558594,7.795027256011963,0.6655513644218445,0.6470414400100708,21.849483489990234,9.86353874206543,12.059606552124023,0.7137712240219116,0.0260121915489435,16.351306915283203,9.864991188049316,12.01115894317627,0.7363299131393433,0.0253931749612092,16.472579956054688,5.34385871887207,10.369775772094728,0.6256862878799438,0.0138293355703353,16.356578826904297
validation_minutes,20260915_1942,t,1,present,ok,57,59,7420,129.0,5861,163,0.02781095376215663,5700,150,126.61900003843925,0.3429999351501465,100,11.631524928000637,55,570.0,5.73436450958252,7.392583847045898,7.821815490722656,0.6612437963485718,0.6452348828315735,21.85047721862793,9.86634349822998,12.058965682983398,0.6563915014266968,0.0257767681032419,16.35032844543457,9.867352485656738,11.998054504394531,0.6721925735473633,0.0253345053642988,16.482345581054688,5.343453407287598,10.389187812805176,0.5817967653274536,0.0138628762215375,16.35483741760254
validation_minutes,20260915_1943,t,1,present,ok,45,46,5770,129.0,5776,1346,0.2330332409972299,4500,302,99.90822983920908,5.730000019073486,100,8.605715814358255,36,560.0,5.261256217956543,7.386172294616699,7.786686897277832,0.6601871252059937,0.6449498534202576,21.83941650390625,9.847644805908203,12.029749870300291,0.7174134850502014,0.0258780922740697,16.33658218383789,9.8491849899292,11.971152305603027,0.739556074142456,0.0250349082052707,16.462278366088867,5.334517478942871,10.39360809326172,0.6451478004455566,0.0139386216178536,16.34123992919922
validation_minutes,20260915_1944,t,1,present,ok,39,40,5122,129.0,5515,1621,0.2939256572982774,3900,384,92.87398029529881,6.161999940872192,100,15.42340432936654,25,540.0,4.926305294036865,7.388689994812012,7.806734085083008,0.6628581881523132,0.6449436545372009,21.813291549682617,9.80539608001709,11.97197723388672,0.8547382354736328,0.0283648446202278,16.306365966796875,9.808051109313965,11.928305625915527,0.8955950140953064,0.0267138164490461,16.41122055053711,5.312097549438477,10.357324600219728,0.7725253105163574,0.0153067307546734,16.31212043762207
validation_minutes,20260915_1945,t,1,present,ok,40,41,4992,128.5,5861,2044,0.34874594779047946,4000,440,85.17753835573681,6.4770002365112305,100,9.405889433722187,30,570.0,5.102522373199463,7.371962547302246,7.787274360656738,0.6687527894973755,0.6471985578536987,21.58097648620605,9.457704544067385,11.593594551086426,1.6149849891662598,0.0369099862873554,16.047832489013672,9.476734161376951,11.455706596374512,1.6851648092269895,0.0352743528783321,15.94037628173828,5.13674259185791,10.106815338134766,1.4486327171325684,0.0195944011211395,16.06659507751465
validation_minutes,20260915_1946,t,1,present,ok,57,59,7417,129.0,5861,161,0.02746971506568845,5700,148,126.55052985212836,0.3640000820159912,100,27.392830443569434,55,570.0,8.750097274780273,7.391255378723144,7.827658653259277,0.6630781292915344,0.6483166217803955,21.84845352172852,9.857495307922363,12.06200122833252,0.6608934998512268,0.0386820249259471,16.341169357299805,9.857049942016602,11.986004829406738,0.6813498735427856,0.0326460748910903,16.485912322998047,5.341564655303955,10.390691757202148,0.5748990774154663,0.0182562246918678,16.344966888427734
validation_minutes,20260915_1947,t,1,present,ok,40,42,5020,129.0,5861,2032,0.34669851561167037,4000,487,85.6552973327882,8.120999813079834,100,17.502289230444973,28,570.0,6.945335388183594,7.394371509552002,7.8260626792907715,0.662865400314331,0.6502172946929932,21.841928482055664,9.848784446716309,12.060541152954102,0.7067455649375916,0.039514061063528,16.332260131835938,9.848217964172363,11.972980499267578,0.7390456199645996,0.0333830825984478,16.471637725830078,5.3356757164001465,10.361656188964844,0.6351022720336914,0.0187423452734947,16.33663558959961
validation_minutes,20260915_1948,t,1,present,ok,38,39,5072,129.0,4980,1091,0.21907630522088353,3800,139,101.85761607046652,7.420000076293945,100,30.61360640930988,29,480.0,5.039427757263184,7.392771244049072,7.82043981552124,0.6678361296653748,0.6469029784202576,21.8066463470459,9.791590690612791,12.00261688232422,0.9211864471435548,0.0413258150219917,16.291763305664062,9.793416023254396,11.906299591064451,0.9536820650100708,0.0351217091083526,16.40050506591797,5.306668758392334,10.330673217773438,0.8362180590629578,0.0192405171692371,16.29798698425293
validation_minutes,20260915_1949,t,1,present,ok,55,57,7070,129.0,5861,429,0.0731957003924245,5500,267,120.63611245337788,1.8469998836517334,100,28.880523704574472,51,570.0,5.558327674865723,7.394708156585693,7.824840545654297,0.6635522842407227,0.6495174765586853,21.85125541687012,9.858492851257324,12.093584060668944,0.655371367931366,0.036060631275177,16.34002113342285,9.857069969177246,12.012883186340332,0.6911717653274536,0.0305320285260677,16.492189407348633,5.339212894439697,10.383544921875,0.5886846780776978,0.0171710476279258,16.343704223632812
validation_minutes,20260915_1950,t,1,present,ok,40,42,5369,129.0,5862,1769,0.3017741385192767,4000,408,91.6055278582041,5.500999927520752,100,26.262934198376804,23,570.0,6.070695400238037,7.383316516876221,7.8082990646362305,0.666461169719696,0.6479656100273132,21.75377082824707,9.71678638458252,11.932004928588867,1.1519840955734253,0.036360215395689,16.231090545654297,9.71901035308838,11.81684112548828,1.2145448923110962,0.0321665406227111,16.29665184020996,5.265828609466553,10.241902351379396,1.0267102718353271,0.017630647867918,16.24054527282715
validation_minutes,20260915_1951,t,1,present,ok,53,54,6740,129.0,5395,196,0.03632993512511585,5300,187,124.93280663196174,0.3989999294281006,100,19.35065896902428,51,520.0,4.275252342224121,7.383154392242432,7.790005207061768,0.6696917414665222,0.6475553512573242,21.784744262695312,9.763958930969238,11.99848175048828,1.020865559577942,0.037330262362957,16.26499366760254,9.765142440795898,11.87388801574707,1.089035987854004,0.0342152789235115,16.35870361328125,5.288633346557617,10.274700164794922,0.9112216234207152,0.018395110964775,16.272584915161133
validation_minutes,20260915_1952,t,1,present,ok,56,58,7260,129.0,5862,283,0.04827703855339475,5600,220,123.86753326917687,0.5199999809265137,100,10.075466150160365,52,570.0,4.519892692565918,7.389592170715332,7.790449142456055,0.6617315411567688,0.6461749076843262,21.84278106689453,9.85275173187256,12.104534149169922,0.7217153906822205,0.0292708110064268,16.328765869140625,9.85179042816162,12.00282096862793,0.7629353404045105,0.0273323599249124,16.47624397277832,5.336125373840332,10.373576164245604,0.6391202211380005,0.0153554175049066,16.332923889160156
validation_minutes,20260915_1953,t,1,present,ok,52,54,6737,129.0,5860,728,0.1242320819112628,5200,297,114.97568046267632,2.1750001907348633,100,7.223782019792084,47,570.0,5.209232330322266,7.384843826293945,7.783126831054687,0.6659281253814697,0.6461573839187622,21.718822479248047,9.669544219970703,11.887565612792969,1.2785569429397583,0.032665092498064,16.190671920776367,9.670690536499023,11.767452239990234,1.3635494709014893,0.030999707058072,16.228858947753906,5.238744258880615,10.18547248840332,1.130069375038147,0.0173421315848827,16.202123641967773
validation_minutes,20260915_1954,t,1,present,ok,33,34,4269,128.0,5155,1911,0.3707080504364694,3300,363,82.81762247931742,7.167999982833862,100,11.541784579491356,23,470.0,4.646475791931152,7.379912376403809,7.767073631286621,0.6658387184143066,0.6453944444656372,21.821922302246094,9.82437801361084,12.076303482055664,0.8509133458137512,0.0291192512959241,16.305585861206055,9.8230562210083,11.97355842590332,0.9091195464134216,0.0281190313398838,16.434551239013672,5.316569805145264,10.306486129760742,0.759948194026947,0.0156399328261613,16.310739517211914
validation_minutes,20260915_1955,t,1,present,ok,50,52,6634,129.0,5861,776,0.13240061422965363,5000,151,113.19273811537916,5.598999977111816,100,11.07706661560977,46,570.0,4.83058500289917,7.376812934875488,7.776529312133789,0.6634198427200317,0.645794689655304,21.8299560546875,9.837769508361816,12.090075492858888,0.8003126382827759,0.026663975790143,16.313968658447266,9.836621284484863,11.997570037841797,0.8545995950698853,0.0258953273296356,16.451810836791992,5.3260416984558105,10.314203262329102,0.7121216058731079,0.0143483271822333,16.318721771240234
validation_minutes,20260915_1956,t,1,present,ok,37,38,4908,129.0,5925,2183,0.36843881856540084,3700,312,82.84103560972585,6.363999843597412,100,14.984272492162084,22,560.0,4.909664154052734,7.384420871734619,7.7805633544921875,0.6654688119888306,0.6465820670127869,21.78717613220215,9.769452095031738,12.010834693908691,1.033841252326965,0.0322526022791862,16.264781951904297,9.766986846923828,11.925884246826172,1.0860610008239746,0.0300033371895551,16.368343353271484,5.294427871704102,10.310007095336914,0.9044673442840576,0.0161746107041835,16.272613525390625
validation_minutes,20260915_1957,t,1,present,ok,44,45,5780,129.0,5862,1429,0.24377345615830776,4400,229,98.61293583805515,7.442000150680542,100,5.07282374099759,34,570.0,4.805150508880615,7.366142749786377,7.770418643951416,0.6712086200714111,0.6487444043159485,21.4351806640625,9.25584602355957,11.367147445678713,1.9375478029251096,0.0449849739670753,15.87306022644043,9.262826919555664,11.247427940368652,2.04691219329834,0.0423544645309448,15.677807807922363,5.03664493560791,9.937331199645996,1.7053722143173218,0.0232957452535629,15.901065826416016
validation_minutes,20260915_1958,t,1,present,ok,53,55,6926,129.0,5861,537,0.0916225900017062,5300,253,118.17297691193758,1.6770000457763672,100,6.805597321436448,45,570.0,4.463803291320801,7.394634246826172,7.794835090637207,0.6633827686309814,0.6457907557487488,21.834611892700195,9.840997695922852,12.104452133178713,0.7741219997406006,0.0274156313389539,16.316368103027344,9.839908599853516,12.025128364562988,0.8306050300598145,0.0261586848646402,16.462627410888672,5.330248832702637,10.374164581298828,0.6899601221084595,0.0148539673537015,16.321733474731445
validation_minutes,20260915_1959,t,1,present,ok,38,39,4881,128.0,5473,1746,0.3190206468116207,3800,385,89.19793139586312,6.878000020980835,100,5.792726497866328,22,530.0,4.996795654296875,7.387928009033203,7.792661666870117,0.6640468239784241,0.6453339457511902,21.825965881347656,9.832714080810549,12.092768669128418,0.828883171081543,0.0281528197228908,16.307632446289062,9.83215045928955,12.02301788330078,0.8931127786636353,0.0268061812967062,16.444950103759766,5.324445724487305,10.35108757019043,0.7379405498504639,0.0152110625058412,16.31333351135254
validation_minutes,20260915_2000,t,1,present,ok,31,32,4213,129.0,4508,1294,0.2870452528837622,3100,247,93.46644520970182,4.957000017166138,100,15.491263547285769,17,440.0,4.781898498535156,7.374207496643066,7.786945343017578,0.6717623472213745,0.6467028856277466,21.692766189575195,9.63715934753418,11.849896430969238,1.3867475986480713,0.0349285490810871,16.158424377441406,9.638213157653809,11.777924537658691,1.4898996353149414,0.0335828997194767,16.179349899291992,5.226138114929199,10.176679611206056,1.2236034870147705,0.0186751652508974,16.172130584716797
validation_minutes,20260915_2001,t,1,present,ok,55,56,7083,129.0,5914,495,0.08369969563747041,5500,287,119.77475665962265,1.1340000629425049,100,11.129768734884571,50,570.0,4.66409969329834,7.382287502288818,7.774389266967773,0.6616637706756592,0.6462611556053162,21.855255126953125,9.882883071899414,12.15254020690918,0.6655464172363281,0.0256712399423122,16.34038734436035,9.881343841552734,12.084181785583496,0.7134206891059875,0.0248828940093517,16.500946044921875,5.35309362411499,10.387088775634766,0.5782809257507324,0.0139331398531794,16.3444766998291
validation_minutes,20260915_2002,t,1,present,ok,34,36,4630,128.0,5873,2319,0.3948578239400647,3400,285,78.84340306867009,5.949000120162964,100,28.378935535502084,17,510.0,5.408269882202148,7.387955188751221,7.786232948303223,0.6656449437141418,0.6468689441680908,21.828977584838867,9.836833953857422,12.103044509887695,0.826898455619812,0.0278703123331069,16.310243606567383,9.835737228393556,12.044190406799316,0.8985824584960938,0.0265557207167148,16.450769424438477,5.329967021942139,10.362078666687012,0.7310851812362671,0.0148533806204795,16.31615447998047
validation_minutes,20260915_2003,t,1,present,ok,53,55,6835,129.0,5862,588,0.10030706243602866,5300,176,116.61434520805544,4.5299999713897705,100,6.311396090206366,49,570.0,4.523001194000244,7.389480113983154,7.780796051025391,0.6643716096878052,0.6467130184173584,21.83590316772461,9.84335708618164,12.11043643951416,0.7875303030014038,0.0285185426473617,16.317405700683594,9.84211540222168,12.062036514282228,0.8466047048568726,0.0267902798950672,16.465076446533203,5.334963798522949,10.375249862670898,0.697394609451294,0.0150814028456807,16.323274612426758
validation_minutes,20260915_2004,t,1,present,ok,56,57,7071,129.0,5899,456,0.077301237497881,5600,263,119.87996751470058,2.0820000171661377,100,9.906485435678942,53,560.0,4.99783182144165,7.392392158508301,7.787829399108887,0.6609811782836914,0.6459500193595886,21.852510452270508,9.864883422851562,12.13097858428955,0.6666568517684937,0.02806599996984,16.33603858947754,9.8632230758667,12.10360622406006,0.7179054617881775,0.0258988961577415,16.498607635498047,5.3442206382751465,10.45259952545166,0.5938377380371094,0.0145709151402115,16.34115219116211
validation_minutes,20260915_2005,t,1,present,ok,40,41,4886,128.0,5946,2207,0.3711738984191053,4000,537,82.17565347884879,6.073999881744385,100,9.482855288845153,30,540.0,4.999479293823242,7.375478744506836,7.778881072998047,0.6701176166534424,0.6489207744598389,21.64120483398437,9.56166648864746,11.762114524841309,1.5157716274261477,0.0360194705426692,16.097946166992188,9.55889892578125,11.699448585510254,1.6715302467346191,0.0334994420409202,16.08125114440918,5.1841912269592285,10.152238845825195,1.355072021484375,0.0190512482076883,16.115955352783203
validation_minutes,20260915_2006,t,1,present,ok,50,52,6483,129.0,5861,869,0.148268213615424,5000,182,110.62007268084955,7.0269999504089355,100,14.311287228232025,46,570.0,5.997660160064697,7.39078950881958,7.784868240356445,0.664507269859314,0.6461412310600281,21.83694267272949,9.84190559387207,12.109326362609863,0.7812710404396057,0.0316778905689716,16.318965911865234,9.839863777160645,12.074559211730955,0.8542078137397766,0.029273958876729,16.466047286987305,5.322185516357422,10.323270797729492,0.6881259679794312,0.0162014588713645,16.325206756591797
validation_minutes,20260915_2007,t,1,present,ok,46,48,5939,128.0,5875,1330,0.22638297872340427,4600,406,101.10312916978589,3.4619998931884766,100,6.402440116896839,33,570.0,4.934700965881348,7.393054485321045,7.8062849044799805,0.6623119115829468,0.6464981436729431,21.84212875366211,9.84972858428955,12.11184310913086,0.7527045011520386,0.0269238948822021,16.32491683959961,9.84824562072754,12.085947036743164,0.8203637599945068,0.0257203839719295,16.47553825378418,5.331943035125732,10.405548095703123,0.6729440093040466,0.0144100561738014,16.331087112426758
validation_minutes,20260915_2008,t,1,present,ok,37,39,4448,127.0,5862,2447,0.4174343227567383,3700,527,75.89148592164125,8.731999635696411,100,8.740697458171034,25,570.0,4.714033603668213,7.390645027160644,7.790964126586914,0.6628429293632507,0.6466172933578491,21.84286499023437,9.8569917678833,12.123618125915527,0.7542381882667542,0.0254482869058847,16.326318740844727,9.85416030883789,12.092572212219238,0.8406655192375183,0.0244364123791456,16.476118087768555,5.332523822784424,10.361047744750977,0.6690117120742798,0.0137973120436072,16.332233428955078
validation_minutes,20260915_2009,t,1,present,ok,56,58,7210,129.0,5862,321,0.054759467758444216,5600,235,123.01235244331816,0.7330002784729004,100,14.021811331222999,52,570.0,5.12701416015625,7.395533084869385,7.792956352233887,0.6603224277496338,0.6456092596054077,21.856489181518555,9.875814437866213,12.145587921142578,0.6613558530807495,0.0258225947618484,16.341739654541016,9.873533248901367,12.12024211883545,0.7352735996246338,0.024917796254158,16.502593994140625,5.340284824371338,10.39061164855957,0.5924644470214844,0.01407409645617,16.346925735473633
validation_minutes,20260915_2010,t,1,present,ok,32,33,4414,128.0,5892,2511,0.42617107942973526,3200,276,74.92404070172174,9.489000082015991,100,8.44916155173054,17,530.0,4.612710952758789,7.382637977600098,7.766364097595215,0.6641432046890259,0.6464167833328247,21.826032638549805,9.835704803466797,12.08251667022705,0.8705223798751831,0.0268755741417408,16.307573318481445,9.832924842834473,12.072640419006348,0.961796224117279,0.0259327515959739,16.44142723083496,5.325433254241943,10.34554386138916,0.7611463069915771,0.0145365111529827,16.314777374267578
validation_minutes,20260915_2011,t,1,present,ok,33,34,4638,129.0,5822,2274,0.39058742700103055,3300,205,79.67703138568223,5.555999517440796,100,13.20442344949641,15,540.0,4.805793762207031,7.374966621398926,7.77817440032959,0.6689144372940063,0.6471388339996338,21.664703369140625,9.585034370422363,11.783193588256836,1.495093822479248,0.0324422940611839,16.12491226196289,9.583701133728027,11.749595642089844,1.6332685947418213,0.0311216916888952,16.12493896484375,5.197034358978272,10.12488079071045,1.3474044799804688,0.0172851588577032,16.14200210571289
validation_minutes,20260915_2012,t,1,present,ok,42,44,5607,128.0,5860,1560,0.26621160409556316,4200,221,95.68259401237206,5.29200005531311,100,10.001410907167003,31,570.0,4.956181049346924,7.396084785461426,7.7832841873168945,0.66568922996521,0.6472786068916321,21.81549835205078,9.80604362487793,12.05948543548584,0.9415507316589355,0.0312143042683601,16.295255661010742,9.80526351928711,12.05416488647461,1.0323659181594849,0.0284256525337696,16.419431686401367,5.308964252471924,10.31830596923828,0.8280050754547119,0.0160158351063728,16.303316116333008
validation_minutes,20260915_2013,t,1,present,ok,57,59,7401,129.0,5861,154,0.026275379628049822,5700,141,126.2839983405162,0.3059999942779541,100,14.982838172713631,55,570.0,4.886002063751221,7.395815849304199,7.783954620361328,0.6626986265182495,0.6459624767303467,21.86278533935547,9.889966011047363,12.143497467041016,0.6637680530548096,0.0269632488489151,16.34796905517578,9.887784004211426,12.147143363952637,0.735937237739563,0.0256934557110071,16.508987426757812,5.350522994995117,10.385540008544922,0.5915470123291016,0.0148013206198811,16.353395462036133
validation_minutes,20260915_2014,t,1,present,ok,45,45,5460,128.0,5903,1717,0.2908690496357784,4500,534,92.49690860416462,4.641999959945679,100,10.55050082287158,29,570.0,5.342789173126221,7.3892502784729,7.779273986816406,0.6644713878631592,0.6463220119476318,21.81072425842285,9.800477027893066,12.044266700744627,0.9823697805404664,0.0263132657855749,16.288867950439453,9.799365043640137,12.037978172302246,1.082946538925171,0.0254072677344083,16.406885147094727,5.304609298706055,10.312501907348633,0.8738471269607544,0.014237311668694,16.29730987548828
validation_minutes,20260915_2015,t,1,present,ok,34,36,5070,128.5,5862,1981,0.3379392698737632,3400,187,86.49515499938961,5.162999868392944,100,18.03303755845823,14,570.0,4.977334976196289,7.391587734222412,7.788219451904297,0.6622409224510193,0.6457259654998779,21.85657501220703,9.871646881103516,12.126120567321776,0.7304632663726807,0.02624855004251,16.34109878540039,9.869667053222656,12.138301849365234,0.80906742811203,0.0253699868917465,16.49445915222168,5.344020366668701,10.37339210510254,0.6374006271362305,0.0143954446539282,16.346696853637695
validation_minutes,20260915_2016,t,1,present,ok,29,30,3847,128.0,5877,2943,0.5007656967840735,2900,288,65.46302280021384,10.469000101089478,100,10.131991460132921,18,510.0,4.775491714477539,7.352878570556641,7.771040439605713,0.6746934652328491,0.6489827632904053,21.31887435913086,9.047100067138672,11.077754974365234,2.1693429946899414,0.045488242059946,15.741658210754396,9.046396255493164,11.002937316894531,2.4013261795043945,0.0439731478691101,15.473885536193848,4.919023513793945,9.712725639343262,1.889631748199463,0.0233425330370664,15.772025108337402
validation_minutes,20260915_2017,t,1,present,ok,55,57,7078,129.0,5862,396,0.06755373592630501,5500,206,120.74789307576285,2.196000099182129,100,7.447479759933499,53,570.0,5.30822229385376,7.390969276428223,7.7880940437316895,0.6665087938308716,0.6464770436286926,21.765926361083984,9.720698356628418,11.943124771118164,1.1948912143707275,0.029706472530961,16.238540649414062,9.719778060913086,11.96267318725586,1.3164570331573486,0.0280168652534484,16.315336227416992,5.26019811630249,10.256589889526367,1.033153772354126,0.0156711284071207,16.249895095825195
validation_minutes,20260915_2018,t,1,present,ok,40,42,5506,128.0,5877,1661,0.2826271907435767,4000,251,93.69841565147638,4.502000093460083,100,16.515627608135887,24,560.0,4.908527851104736,7.3915324211120605,7.770514488220215,0.6650206446647644,0.6461338400840759,21.836355209350582,9.832358360290527,12.08077335357666,0.8934226036071777,0.0266717262566089,16.319400787353516,9.830912590026855,12.102997779846191,0.9702121019363404,0.0254110060632228,16.451061248779297,5.317486763000488,10.288509368896484,0.765166163444519,0.0141929639503359,16.326183319091797
validation_minutes,20260915_2019,t,1,present,ok,35,37,4800,129.0,5245,1587,0.30257387988560536,3500,334,91.52445430660534,3.4179999828338623,100,9.480298619239509,18,470.0,4.633381843566895,7.381187438964844,7.770574569702148,0.6680032014846802,0.6464130878448486,21.82449722290039,9.815677642822266,12.055944442749023,0.9831476211547852,0.0273829642683267,16.307119369506836,9.814946174621582,12.084338188171388,1.0587973594665527,0.0263378676027059,16.424760818481445,5.309575080871582,10.288143157958984,0.8440356254577637,0.0146842263638973,16.314495086669922
validation_minutes,20260915_2020,t,1,present,ok,43,45,5412,128.0,5862,1708,0.2913681337427499,4300,459,92.33919105393939,6.900000333786011,100,6.5359925183526215,33,570.0,4.821952819824219,7.367629051208496,7.783745765686035,0.6709222793579102,0.64885413646698,21.536365509033203,9.37625217437744,11.4627046585083,1.8829100131988523,0.0366905853152275,15.979214668273926,9.37115478515625,11.455052375793455,2.026254177093506,0.0352306216955184,15.869954109191896,5.08480167388916,9.973104476928713,1.6142550706863403,0.0191512629389762,16.005067825317383
validation_minutes,20260915_2021,t,1,present,ok,57,59,7413,129.0,5861,164,0.02798157311039072,5700,152,126.49307246224681,0.36100006103515625,100,7.148726286647199,55,570.0,4.868200778961182,7.384448528289795,7.762425422668457,0.6607880592346191,0.6451711058616638,21.87083625793457,9.892101287841797,12.134384155273438,0.7005244493484497,0.0251430682837963,16.359737396240234,9.890558242797852,12.166329383850098,0.7417940497398376,0.0243715066462755,16.51514434814453,5.346081256866455,10.36863899230957,0.5894349813461304,0.0136041911318898,16.36421775817871
validation_minutes,20260915_2022,t,1,present,ok,48,50,5869,129.0,5862,1374,0.23439099283520984,4800,506,100.12966212271024,5.486999750137329,100,13.058110955521819,42,570.0,4.772841453552246,7.384138107299805,7.768124103546143,0.6622648239135742,0.6453065872192383,21.861555099487305,9.87246799468994,12.098398208618164,0.7530498504638672,0.0246672444045543,16.349451065063477,9.87067985534668,12.151007652282717,0.8101574182510376,0.0239746589213609,16.497440338134766,5.335978984832764,10.362427711486816,0.6372889280319214,0.0133146988227963,16.354534149169922
validation_minutes,20260915_2023,t,1,present,ok,47,48,5964,129.0,5861,1299,0.22163453335608257,4700,412,101.75911555050473,6.194000005722046,100,8.789446239224826,38,570.0,4.835659980773926,7.383705139160156,7.7688493728637695,0.6631014347076416,0.6464987397193909,21.853757858276367,9.858802795410156,12.077486991882324,0.8210872411727905,0.025070272386074,16.340736389160156,9.857426643371582,12.134273529052734,0.8711761832237244,0.0241612512618303,16.480859756469727,5.328772068023682,10.34715461730957,0.6954882144927979,0.013507037423551,16.34638214111328
validation_minutes,20260915_2024,t,1,present,ok,35,37,4650,128.0,5985,2427,0.4055137844611529,3500,326,77.69423571277359,7.549999713897705,100,5.272169684412633,19,520.0,4.775500297546387,7.386357307434082,7.7720232009887695,0.6628748774528503,0.6453445553779602,21.85358238220215,9.85963249206543,12.084763526916504,0.8247674107551575,0.0255273766815662,16.341245651245117,9.858223915100098,12.133769035339355,0.8756352066993713,0.0245954636484384,16.479156494140625,5.332265853881836,10.355768203735352,0.7074210047721863,0.0136154787614941,16.34679412841797
validation_minutes,20260915_2025,t,1,present,ok,53,55,6854,129.0,5861,611,0.10424842177102883,5300,210,116.94449664372225,4.239000082015991,100,6.727921165528988,49,570.0,7.987845420837402,7.384608745574951,7.772614479064941,0.663902759552002,0.6459449529647827,21.85616683959961,9.859557151794434,12.07506275177002,0.8253734111785889,0.0271777864545583,16.345033645629883,9.858956336975098,12.140788078308104,0.8657800555229187,0.0255615655332803,16.482126235961914,5.334890365600586,10.375368118286133,0.7027359008789062,0.0143461786210536,16.350139617919922
validation_minutes,20260915_2026,t,1,present,ok,46,47,5817,128.5,5845,1411,0.24140290846877674,4600,501,99.52436320879083,5.91700005531311,100,12.294476472843641,34,570.0,4.672023773193359,7.382152557373047,7.773157119750977,0.6625747680664062,0.6454958319664001,21.856674194335938,9.860480308532717,12.072084426879885,0.8139621019363403,0.0258267913013696,16.34590721130371,9.859740257263184,12.13987636566162,0.8595490455627441,0.0247742757201194,16.48223876953125,5.336818218231201,10.376934051513672,0.699480414390564,0.0138352494686841,16.351089477539062
validation_minutes,20260915_2027,t,1,present,ok,51,53,6618,129.0,5862,778,0.13271920846127602,5100,213,112.91203168791674,5.789999961853027,100,6.381445260662286,47,570.0,4.809426784515381,7.383508682250977,7.772483825683594,0.6611585021018982,0.6455478072166443,21.861459732055664,9.87057113647461,12.06892204284668,0.783439040184021,0.0285342298448085,16.35087013244629,9.86926555633545,12.142478942871094,0.8283888697624207,0.0266698189079761,16.491058349609375,5.338846206665039,10.36044692993164,0.6684134006500244,0.0150873651728034,16.356184005737305
validation_minutes,20260915_2028,t,1,present,ok,49,51,6164,128.0,5861,1158,0.19757720525507594,4900,425,105.17694443601431,4.355999946594238,100,8.977818393059842,41,570.0,4.614940643310547,7.369786262512207,7.780821800231934,0.6678487658500671,0.6472146511077881,21.67074203491211,9.57280731201172,11.68209457397461,1.564309000968933,0.0321799479424953,16.1346435546875,9.57892608642578,11.72940158843994,1.6663310527801514,0.0305616781115531,16.11305809020996,5.181080341339111,10.164861679077148,1.3485713005065918,0.0171692129224538,16.15228843688965
validation_minutes,20260915_2029,t,1,present,ok,40,42,4816,128.0,5257,1575,0.2996005326231691,4000,501,91.61989948827839,7.017999887466431,100,10.541524595116629,32,510.0,4.847795009613037,7.381160736083984,7.777036666870117,0.6638888120651245,0.644889235496521,21.843080520629883,9.83747100830078,12.032175064086914,0.9141684770584106,0.0276244860142469,16.330760955810547,9.837510108947754,12.083194732666016,0.9596490859985352,0.0263838488608598,16.45124626159668,5.317609786987305,10.361213684082031,0.7867171168327332,0.0145513387396931,16.33730125427246
validation_minutes,20260915_2030,t,1,present,ok,53,55,6721,129.0,5845,689,0.11787852865697176,5300,284,114.9911032929078,3.680000066757202,100,6.044928523947389,47,560.0,4.850075721740723,7.385584831237793,7.776312828063965,0.6637271642684937,0.6467360854148865,21.85913848876953,9.853032112121582,12.067960739135742,0.814454972743988,0.0261400006711483,16.34916877746582,9.853678703308104,12.110719680786133,0.8592180013656616,0.0248969811946153,16.48213005065918,5.3272857666015625,10.344829559326172,0.7112464904785156,0.0138113601133227,16.354557037353516
validation_minutes,20260915_2031,t,1,present,ok,53,55,6910,129.0,5860,554,0.09453924914675768,5300,240,117.93620164448961,2.0319995880126953,100,12.990636440675981,48,570.0,5.153527736663818,7.375791549682617,7.789339065551758,0.6679692268371582,0.6469640135765076,21.739131927490234,9.670507431030272,11.81513786315918,1.3548016548156738,0.0305626355111598,16.213624954223633,9.67869758605957,11.87951374053955,1.425992488861084,0.0291810389608144,16.242765426635742,5.232704162597656,10.234771728515623,1.186007738113403,0.0165675356984138,16.22696304321289
validation_minutes,20260915_2032,t,1,present,ok,32,34,4333,128.5,5864,2544,0.43383356070941337,3200,257,73.89658240774783,7.7769999504089355,100,9.35345399250113,17,490.0,4.998524188995361,7.385787010192871,7.78439998626709,0.665351390838623,0.6466204524040222,21.856311798095703,9.849872589111328,12.0480318069458,0.8393016457557678,0.027545703575015,16.347000122070312,9.850666999816896,12.101694107055664,0.8780162334442139,0.0263357255607843,16.474748611450195,5.32034969329834,10.328451156616213,0.7272409200668335,0.0150516359135508,16.352611541748047
validation_minutes,20260915_2033,t,1,present,ok,38,40,4930,128.0,5861,2097,0.3577887732468862,3800,442,84.11820906072042,7.773000001907349,100,15.150507472164298,24,570.0,5.033716678619385,7.363399028778076,7.783725738525391,0.6731719374656677,0.6497900485992432,21.46315193176269,9.242409706115724,11.294925689697266,2.014359712600708,0.041390873491764,15.907024383544922,9.25572395324707,11.30628776550293,2.117997169494629,0.0393734313547611,15.710302352905272,5.010615825653076,9.85520362854004,1.745100498199463,0.0216143243014812,15.935017585754396
validation_minutes,20260915_2034,t,1,present,ok,34,36,4312,128.5,5862,2570,0.43841692255203,3400,374,73.567297163329,7.380000114440918,100,36.71241868498473,21,570.0,8.233075141906738,7.37464714050293,7.796697616577148,0.6722309589385986,0.648786723613739,21.6295108795166,9.506109237670898,11.59399127960205,1.6805537939071655,0.0383303984999656,16.092453002929688,9.51720905303955,11.630607604980469,1.7407983541488647,0.0353648103773593,16.01987648010254,5.146418571472168,10.089229583740234,1.4369287490844729,0.0201611705124378,16.112890243530273
validation_minutes,20260915_2035,t,1,present,ok,50,51,6521,129.0,5294,289,0.054590102002266716,5000,152,123.188815496513,0.692000150680542,100,13.900823655342403,44,510.0,4.917572021484375,7.383768081665039,7.782266616821289,0.6643377542495728,0.6468331813812256,21.85894203186035,9.869747161865234,12.029053688049316,0.8428909182548523,0.0270221885293722,16.351476669311523,9.870110511779783,12.082701683044434,0.870279848575592,0.0259183384478092,16.47323989868164,5.333141803741455,10.457277297973633,0.7332583069801331,0.0148001592606306,16.357213973999023
validation_minutes,20260915_2036,t,1,present,ok,52,54,6883,129.0,5861,597,0.10185975089575158,5200,155,117.44731674362035,3.677000045776367,100,15.812411640007559,48,570.0,4.788992404937744,7.384687423706055,7.7871904373168945,0.663737416267395,0.6467447280883789,21.860252380371094,9.858179092407228,12.018434524536133,0.8295965790748596,0.028942858800292,16.35279655456543,9.859001159667969,12.08406925201416,0.8554208278656006,0.0267854612320661,16.47733497619629,5.32445240020752,10.39712142944336,0.7194397449493408,0.0155977271497249,16.3587646484375
validation_minutes,20260915_2037,t,1,present,ok,52,54,6558,129.0,5862,873,0.1489252814738997,5200,405,111.88262388352818,2.068000078201294,100,47.75443009247013,44,570.0,17.962064743041992,7.4201154708862305,7.897162437438965,0.7618272304534912,0.6558305025100708,21.87223243713379,9.86975383758545,12.051000595092772,0.7495841383934021,0.0442831628024578,16.36681365966797,9.869319915771484,12.108980178833008,0.7791929841041565,0.0405376106500625,16.502180099487305,5.327596664428711,10.363658905029297,0.6325774788856506,0.0210470613092184,16.371849060058594
validation_minutes,20260915_2038,t,1,present,ok,37,38,4905,129.0,5264,1530,0.2906534954407295,3700,248,93.19602508197335,4.745999813079834,100,22.220538459108734,23,480.0,7.283285140991211,7.383248329162598,7.790922164916992,0.6720356941223145,0.6484819650650024,21.77148056030273,9.718216896057127,11.8518648147583,1.255462408065796,0.0410105437040329,16.254453659057617,9.718672752380373,11.882369041442873,1.2912737131118774,0.0367678217589855,16.29816246032715,5.252991676330566,10.267095565795898,1.08656907081604,0.0202837735414505,16.265581130981445
validation_minutes,20260915_2039,t,1,present,ok,37,39,4958,129.0,5862,2103,0.3587512794268168,3700,322,84.58441355871194,6.564000129699707,100,122.48900158827254,21,570.0,21.865997314453125,7.421425819396973,7.8261518478393555,0.8353933095932007,0.6565858721733093,21.79602813720703,9.756665229797363,11.913291931152344,1.1573383808135986,0.0337979905307292,16.282299041748047,9.757152557373049,11.93962860107422,1.2019829750061035,0.032371487468481,16.34671974182129,5.273448944091797,10.357292175292969,1.0042272806167605,0.0178517792373895,16.291967391967773
validation_minutes,20260915_2040,t,1,present,ok,52,54,6769,129.5,5862,685,0.11685431593312863,5200,217,115.4823850362309,4.861999988555908,100,13.196588359938982,50,570.0,4.745057582855225,7.373771667480469,7.775448799133301,0.6685404777526855,0.6475984454154968,21.638107299804688,9.504137992858888,11.631938934326172,1.6442426443099976,0.0366468504071235,16.106212615966797,9.515114784240724,11.6358060836792,1.724363088607788,0.0353979766368866,16.028276443481445,5.144819259643555,10.148235321044922,1.4316601753234863,0.0199023876339197,16.125934600830078
validation_minutes,20260915_2041,t,1,present,ok,48,50,6267,129.0,5862,1077,0.18372569089048107,4800,297,106.91620046965971,6.425999879837036,100,18.53828249990066,40,570.0,4.443874835968018,7.389749526977539,7.784933090209961,0.6628448963165283,0.646867573261261,21.87494659423828,9.873785018920898,12.067699432373049,0.7299273014068604,0.0260359831154346,16.371776580810547,9.873856544494627,12.063645362854004,0.7701367139816284,0.0252990406006574,16.502965927124023,5.336706161499023,10.44208526611328,0.644454836845398,0.0142113268375396,16.376405715942383
validation_minutes,20260915_2042,t,1,present,ok,46,48,6041,129.0,5861,1269,0.2165159529090599,4600,364,103.07290694845726,5.7200000286102295,100,27.856664972982315,36,570.0,4.653576850891113,7.389175891876221,7.785216331481934,0.6618311405181885,0.6460103392601013,21.87450408935547,9.874126434326172,12.078084945678713,0.7236539721488953,0.0260883886367082,16.371875762939453,9.87343406677246,12.064279556274414,0.7674179673194885,0.0252876915037632,16.50231170654297,5.334773540496826,10.439859390258787,0.6406874656677246,0.0142257260158658,16.376405715942383
validation_minutes,20260915_2043,t,1,present,ok,38,40,4917,128.5,5445,1688,0.31000918273645545,3800,400,90.31630006105901,3.765000104904175,100,19.12509265310247,22,530.0,11.852989196777344,7.393805980682373,7.790648460388184,0.6707382202148438,0.6469299793243408,21.80524253845215,9.768238067626951,11.954818725585938,1.0851750373840332,0.0329625532031059,16.294837951660156,9.770318984985352,11.94236946105957,1.1516779661178589,0.0304675009101629,16.36311912536621,5.278881549835205,10.373422622680664,0.96171635389328,0.0171175133436918,16.303918838500977
validation_minutes,20260915_2044,t,1,present,ok,57,59,7416,129.0,5862,170,0.029000341180484477,5700,158,126.52914968653108,0.30299997329711914,100,19.5095329039037,55,570.0,4.655218601226807,7.398932456970215,7.821375846862793,0.6618119478225708,0.6473919153213501,21.88351821899414,9.892736434936523,12.11275577545166,0.6619017720222473,0.0396738722920417,16.382551193237305,9.892848014831545,12.093167304992676,0.7012035250663757,0.0334829203784465,16.51898193359375,5.342546463012695,10.457146644592283,0.590644359588623,0.0186134614050388,16.38678550720215
validation_minutes,20260915_2045,t,1,present,ok,44,45,5652,129.0,5515,1220,0.22121486854034453,4400,468,102.4878508704671,2.0350000858306885,100,21.75066949156588,32,530.0,5.732949256896973,7.396123886108398,7.803627490997314,0.6658529043197632,0.6472906470298767,21.843204498291016,9.827978134155272,12.04828929901123,0.9096364378929138,0.0313168130815029,16.337825775146484,9.82880687713623,12.010479927062988,0.9625383019447328,0.0291971657425165,16.437410354614258,5.307465553283691,10.383674621582031,0.8119680881500244,0.0159561540931463,16.344738006591797
validation_minutes,20260915_2046,t,1,present,ok,42,44,5371,129.5,5862,1771,0.302115319003753,4200,350,91.63496165851112,7.200000047683716,100,111.12085166060203,32,570.0,22.007980346679688,7.53770637512207,8.402053833007812,1.092393398284912,0.6800001859664917,21.865070343017575,9.906030654907228,12.123122215270996,0.8048564195632935,0.097865879535675,16.366222381591797,9.900188446044922,12.18746280670166,0.8546891212463379,0.0841380432248115,16.48435401916504,5.335099697113037,10.325294494628906,0.680488109588623,0.0383037514984607,16.374589920043945
validation_minutes,20260915_2047,t,1,present,ok,49,51,6369,129.0,5898,1041,0.17650050864699898,4900,365,107.99125039352386,4.422999858856201,100,145.7177298438985,40,560.0,20.61373710632324,7.49424934387207,8.065356254577637,0.9393903017044068,0.6702563166618347,21.85039710998535,9.887933731079102,12.039856910705566,0.7953563928604126,0.0558787398040294,16.352542877197266,9.887184143066406,12.14712142944336,0.787815511226654,0.049829825758934,16.460119247436523,5.336019039154053,10.310232162475586,0.7062352895736694,0.0240170210599899,16.36130714416504
validation_minutes,20260915_2048,t,1,present,ok,40,42,5268,129.0,5862,1836,0.3132036847492323,4000,308,89.87307229522376,4.3470001220703125,100,63.34169415637638,28,570.0,23.271160125732425,7.490304470062256,8.25967788696289,1.056085228919983,0.6776675581932068,21.619792938232425,9.515631675720217,11.626368522644045,1.7341865301132202,0.0759843438863754,16.091693878173828,9.524591445922852,11.600702285766602,1.797828197479248,0.0696424394845962,16.00296974182129,5.149655342102051,10.01270580291748,1.4237515926361084,0.0332525856792926,16.115327835083008
validation_minutes,20260915_2049,t,1,present,ok,52,54,6517,131.0,5861,982,0.16754819996587614,5200,569,111.1945264994365,2.804999828338623,100,44.99118875143451,45,570.0,20.824403762817383,7.475188732147217,8.050854682922363,0.9315983057022096,0.6676488518714905,21.85027503967285,9.871986389160156,12.066605567932127,0.8472049236297607,0.0834341421723365,16.352256774902344,9.869518280029297,12.099477767944336,0.849703311920166,0.0692448690533638,16.462430953979492,5.342251300811768,10.347872734069824,0.7076120376586914,0.033130120486021,16.360904693603516
validation_minutes,20260915_2050,t,1,present,ok,52,54,6516,130.0,5860,894,0.15255972696245734,5200,405,111.19453943010815,4.28499960899353,100,23.113205415964565,47,570.0,18.545669555664062,7.428692817687988,7.928483009338379,0.7362189292907715,0.6556211709976196,21.849884033203125,9.882770538330078,12.086195945739746,0.8333088755607605,0.1006643250584602,16.351797103881836,9.875619888305664,12.150567054748535,0.7775000333786011,0.0848039984703064,16.461549758911133,5.352945804595947,10.41755485534668,0.6863393783569336,0.0380486547946929,16.360454559326172
validation_minutes,20260915_2051,t,1,present,ok,40,42,5471,130.0,5862,1742,0.2971682019788468,4000,353,93.34425268810836,5.357999801635742,100,46.5537668794024,22,570.0,18.107994079589844,7.428381443023682,7.918759822845459,0.7457253336906433,0.6548994183540344,21.8531551361084,9.881866455078123,12.069668769836426,0.8131169676780701,0.0931472778320312,16.35606575012207,9.876220703125,12.142580032348633,0.7595379948616028,0.0785666927695274,16.4702091217041,5.341794013977051,10.321460723876951,0.6667494177818298,0.0374547988176345,16.364049911499023
validation_minutes,20260915_2052,t,1,present,ok,32,33,4259,129.5,5884,2655,0.45122365737593473,3200,278,72.39011442349246,8.710999965667725,100,68.78489170969115,17,520.0,23.12763023376465,7.412731647491455,7.939140319824219,1.0009732246398926,0.6616872549057007,21.43874168395996,9.256567001342772,11.415417671203612,1.9021531343460083,0.0824475958943367,15.885765075683594,9.270423889160156,11.528596878051758,1.8679965734481807,0.0803916603326797,15.669845581054688,5.005860328674316,9.766438484191896,1.7564873695373535,0.0388735942542552,15.920539855957031
validation_minutes,20260915_2053,t,1,present,ok,42,44,5863,129.0,5862,1386,0.23643807574206754,4200,113,100.03241701889587,6.9750001430511475,100,14.57598072622777,28,570.0,5.342092037200928,7.393255233764648,7.8131208419799805,0.6657080054283142,0.6467745304107666,21.844463348388672,9.864981651306152,12.025335311889648,0.8199030756950378,0.0380457937717437,16.343799591064453,9.865030288696287,12.03805160522461,0.8432937264442444,0.0321742296218872,16.454078674316406,5.341091632843018,10.389070510864258,0.7152095437049866,0.0191844925284385,16.353227615356445
validation_minutes,20260915_2054,t,1,present,ok,57,59,7070,129.0,5862,443,0.07557147731149778,5700,431,120.62376307548675,0.5840001106262207,100,14.286709217126432,55,570.0,5.523107051849365,7.399904251098633,7.82054328918457,0.6624137163162231,0.6453665494918823,21.865049362182617,9.903240203857422,12.045832633972168,0.6765041947364807,0.0353018008172512,16.368871688842773,9.902538299560549,12.062171936035156,0.6859381198883057,0.0307750031352043,16.496610641479492,5.361808776855469,10.428056716918944,0.5826162099838257,0.0182360429316759,16.37515640258789
validation_minutes,20260915_2055,t,1,present,ok,51,53,6628,129.0,5862,790,0.13476629136813376,5100,296,113.08650375194203,3.501999855041504,100,32.51071881801272,43,570.0,7.313039302825928,7.40159797668457,7.812182426452637,0.6644532680511475,0.6463804244995117,21.85362434387207,9.886445045471191,12.028374671936035,0.7455286383628845,0.0339428484439849,16.35525894165039,9.886409759521484,12.025986671447754,0.751308262348175,0.030504822731018,16.476930618286133,5.352228164672852,10.405847549438477,0.6364496946334839,0.0177228190004825,16.362844467163086
validation_minutes,20260915_2056,t,1,present,ok,35,36,4776,129.0,5900,2263,0.3835593220338983,3500,263,80.95052448571614,6.61299991607666,100,15.460685266757757,20,530.0,6.004905223846436,7.386340141296387,7.827425956726074,0.673980712890625,0.6504839658737183,21.602540969848636,9.503684043884276,11.600814819335938,1.6991446018218994,0.0446391627192497,16.06954574584961,9.51402473449707,11.60244846343994,1.7098969221115112,0.0418068766593933,15.985161781311035,5.156304836273193,10.082195281982422,1.4393969774246216,0.0231364481151103,16.09551239013672
validation_minutes,20260915_2057,t,1,present,ok,35,36,4526,128.0,5943,2495,0.41982163890291097,3500,377,76.16835767741185,6.0959999561309814,100,19.019373314587234,20,520.0,5.802374839782715,7.406241416931152,7.829916000366211,0.6678719520568848,0.6476434469223022,21.83733940124512,9.865975379943848,12.001449584960938,0.8437153697013855,0.0347003377974033,16.336397171020508,9.866618156433104,11.98553466796875,0.850072979927063,0.0314633399248123,16.445985794067383,5.340998649597168,10.383317947387695,0.7189643383026123,0.0181490667164325,16.34613800048828
validation_minutes,20260915_2058,t,1,present,ok,34,36,4508,129.0,5848,2413,0.41261969904240764,3400,377,77.0954114920862,5.919999837875366,100,13.685172940788277,17,570.0,5.503367900848389,7.390048980712891,7.815911769866943,0.6723688840866089,0.6489455699920654,21.574193954467773,9.458393096923828,11.56178855895996,1.7656641006469729,0.0421384498476982,16.0378475189209,9.46922206878662,11.558234214782717,1.7762701511383057,0.0392502434551715,15.932236671447754,5.134565353393555,10.02254867553711,1.5012853145599363,0.0221302080899477,16.065568923950195
validation_minutes,20260915_2059,t,1,present,ok,57,59,7385,129.0,5859,192,0.03277009728622632,5700,179,126.05185422381564,0.2990000247955322,100,185.80658183150723,55,570.0,21.45168113708496,7.550177097320557,8.26944351196289,1.0843955278396606,0.6837179660797119,21.85849952697754,9.904321670532228,12.051645278930664,0.691182553768158,0.0433113798499107,16.36236572265625,9.902840614318848,12.051258087158203,0.6899077296257019,0.0401764027774333,16.489757537841797,5.350609302520752,10.374069213867188,0.5908916592597961,0.0206364840269088,16.368743896484375
validation_minutes,20260915_2100,t,1,present,ok,54,54,6653,128.5,5593,498,0.089039871267656,5400,364,118.96715105461968,1.056999921798706,100,53.09869985596769,50,540.0,5.870024681091309,7.402339935302734,7.813143253326416,0.665985643863678,0.6468709707260132,21.794469833374023,9.801931381225586,11.925115585327148,1.0679068565368652,0.0333196595311164,16.287668228149414,9.803930282592772,11.897923469543455,1.0808875560760498,0.0318601392209529,16.360107421875,5.3027663230896,10.30600357055664,0.9194694757461548,0.0180748794227838,16.30113410949707
validation_minutes,20260915_2117,t,0,empty,ok,57,59,7329,129.0,5861,203,0.03463572769152022,5700,192,125.06825908035566,0.3169999122619629,100,3.220148649199225,55,570.0,4.736193656921387,7.37672233581543,7.776223182678223,0.6651308536529541,0.6472828984260559,21.88890266418457,9.949077606201172,12.131696701049805,0.679975152015686,0.0230357404798269,16.396690368652344,9.949435234069824,12.061206817626951,0.7087932229042053,0.0223763268440961,16.51888084411621,5.377659797668457,10.50185489654541,0.5912071466445923,0.012376882135868,16.401996612548828
validation_minutes,20260915_2120,t,0,empty,ok,48,50,6110,129.0,5038,322,0.06391425168717745,4800,210,121.28791448057736,0.5420002937316895,100,5.373753685634957,44,480.0,4.748467922210693,7.378199577331543,7.775637626647949,0.6692894697189331,0.6470234990119934,21.798816680908203,9.820068359375,11.960100173950195,1.1051033735275269,0.0265498850494623,16.29682731628418,9.82361125946045,11.883488655090332,1.1522977352142334,0.0255868751555681,16.35535430908203,5.312178611755371,10.396772384643556,0.9629510641098022,0.0139473276212811,16.307064056396484
validation_minutes,20260915_2121,t,0,empty,ok,39,40,4887,128.0,5846,2097,0.35870680807389665,3900,449,83.60706200300044,6.934999942779541,100,32.52893682205492,23,570.0,10.512547492980955,7.381292819976807,7.754573822021484,0.6667371988296509,0.6466976404190063,21.856109619140625,9.908425331115724,12.074228286743164,0.8011475205421448,0.0252770334482193,16.359580993652344,9.909677505493164,11.99803638458252,0.8338017463684082,0.0239982064813375,16.46896743774414,5.355816841125488,10.449134826660156,0.7005676031112671,0.013322751969099,16.366226196289062
validation_minutes,20260915_2122,t,0,empty,ok,56,58,7288,129.0,5861,241,0.04111926292441563,5600,144,124.3495027049092,0.5149998664855957,100,6.635523296632545,52,570.0,4.7993483543396,7.378945350646973,7.779985427856445,0.6652714014053345,0.6464104652404785,21.81486701965332,9.842914581298828,11.99183177947998,1.0124127864837646,0.0259768757969141,16.313323974609375,9.8460111618042,11.90595817565918,1.0601476430892944,0.0252558700740337,16.389753341674805,5.3223371505737305,10.363853454589844,0.8828592896461487,0.0139743573963642,16.322492599487305
validation_minutes,20260915_2123,t,0,empty,ok,45,47,5446,129.0,5862,1697,0.28949164107813036,4500,561,92.91137079440294,8.029000043869019,100,12.67737842526405,35,570.0,8.11972427368164,7.385312080383301,7.770200729370117,0.6651073694229126,0.6453378200531006,21.858417510986328,9.914615631103516,12.073187828063965,0.7659127712249756,0.0249306578189134,16.361783981323242,9.915345191955566,11.99708080291748,0.8059827089309692,0.0237828884273767,16.475893020629883,5.359087467193604,10.445283889770508,0.6719797849655151,0.0132700186222791,16.367982864379883
validation_minutes,20260915_2124,t,0,empty,ok,34,35,4589,129.0,5880,2355,0.4005102040816326,3400,288,78.05749250497195,7.425000190734863,100,5.907165407771382,17,480.0,5.024656295776367,7.369340896606445,7.757012844085693,0.6722506284713745,0.6481078863143921,21.578256607055664,9.47917938232422,11.50377082824707,1.756036400794983,0.0339212231338024,16.052162170410156,9.488360404968262,11.425625801086426,1.837048053741455,0.0326147377490997,15.931279182434082,5.142073631286621,10.093557357788086,1.5234222412109375,0.0176395289599895,16.07549476623535
validation_minutes,20260915_2125,t,0,empty,ok,45,47,6031,129.0,5862,1236,0.21084953940634596,4500,181,102.8899960160392,7.128999948501587,100,4.4558518478354285,34,570.0,4.461013317108154,7.383772850036621,7.759487628936768,0.6621211767196655,0.6456093788146973,21.85405540466309,9.909239768981934,12.05498218536377,0.7978869676589966,0.0232159979641437,16.357200622558594,9.909439086914062,11.979251861572266,0.8416195511817932,0.0226985607296228,16.467018127441406,5.358328342437744,10.52239227294922,0.6960338354110718,0.012504493817687,16.363243103027344
validation_minutes,20260915_2126,t,0,empty,ok,45,47,5826,129.0,5862,1419,0.2420675537359263,4500,506,99.39774466998432,3.070000171661377,100,7.851093052912718,32,570.0,4.550122261047363,7.385821342468262,7.774012565612793,0.6618043184280396,0.6455815434455872,21.8543701171875,9.909245491027832,12.051225662231444,0.7989910244941711,0.0232626628130674,16.357620239257812,9.909439086914062,11.974384307861328,0.8427342772483826,0.0227206833660602,16.467342376708984,5.358266830444336,10.521282196044922,0.6948585510253906,0.0124870100989937,16.363521575927734
validation_minutes,20260915_2127,t,0,empty,ok,42,44,5331,129.0,5861,1780,0.3037024398566798,4200,367,90.9602783981137,6.043999910354614,100,20.970533393746795,31,570.0,8.934460639953613,7.37204122543335,7.792446136474609,0.678654670715332,0.6508368849754333,21.582857131958008,9.483719825744627,11.504679679870604,1.751047134399414,0.0360278822481632,16.056854248046875,9.4929780960083,11.43440055847168,1.8216692209243772,0.032804999500513,15.938226699829102,5.142455101013184,10.097808837890623,1.5203580856323242,0.0179225243628025,16.079734802246094
validation_minutes,20260915_2128,t,0,empty,ok,57,59,6957,129.0,5861,529,0.09025763521583348,5700,517,118.70595639840967,0.6330001354217529,100,8.857374207173038,55,570.0,4.574716091156006,7.382188320159912,7.774596214294434,0.661597490310669,0.6468266248703003,21.849760055541992,9.897554397583008,12.04101848602295,0.8220068216323853,0.0236608907580375,16.35194969177246,9.898667335510254,11.964682579040527,0.8583335876464844,0.0233537033200263,16.45842933654785,5.348835468292236,10.422775268554688,0.7248917818069458,0.0127583174034953,16.3581485748291
validation_minutes,20260915_2129,t,0,empty,ok,35,36,4428,129.0,5870,2507,0.42708688245315163,3500,414,75.43441251086836,8.83899998664856,100,7.201090042112249,23,560.0,4.839981555938721,7.37270450592041,7.776108741760254,0.6680808663368225,0.6479359865188599,21.690052032470703,9.648136138916016,11.732791900634766,1.4628973007202148,0.0289594326168298,16.175537109375,9.655616760253906,11.66329288482666,1.5372718572616575,0.0277846045792102,16.144845962524414,5.223148822784424,10.2250337600708,1.2861392498016355,0.0151650588959455,16.191518783569336
validation_minutes,20260915_2130,t,0,empty,ok,49,50,6197,129.0,5194,429,0.08259530227185213,4900,234,119.32452724957162,0.7639999389648438,100,3.8510244932746223,43,500.0,4.436096668243408,7.378365516662598,7.779196739196777,0.668940544128418,0.6471660137176514,21.771106719970703,9.773733139038086,11.89581298828125,1.2008416652679443,0.027035804465413,16.265522003173828,9.778153419494627,11.800535202026367,1.2549471855163574,0.0263498574495315,16.302270889282227,5.286440372467041,10.325310707092283,1.0534859895706177,0.0143532622605562,16.27642250061035
validation_minutes,20260915_2132,t,0,empty,ok,42,43,5182,129.0,5991,2034,0.33950926389584374,4200,522,86.50507472297521,5.08899998664856,100,2.837021873142261,31,560.0,4.687518119812012,7.368664741516113,7.783255577087402,0.6689729690551758,0.6468347311019897,21.588109970092773,9.48793601989746,11.503522872924805,1.729219675064087,0.0326604768633842,16.063377380371094,9.498876571655272,11.44454574584961,1.8162747621536253,0.031101768836379,15.944525718688965,5.142200946807861,10.103477478027344,1.522330403327942,0.0169548988342285,16.085426330566406
validation_minutes,20260915_2133,t,0,empty,ok,52,54,6674,129.0,5861,734,0.12523460160382188,5200,223,113.88301168393838,4.741000413894653,100,2.270981606477484,48,560.0,4.661334991455078,7.381664276123047,7.777841567993164,0.6646707057952881,0.6456895470619202,21.819299697875977,9.848572731018066,11.972847938537598,0.9966019988059998,0.0248332563787698,16.31891632080078,9.850728034973145,11.8900146484375,1.0480221509933472,0.0240793414413929,16.395654678344727,5.324014663696289,10.388821601867676,0.8773583769798279,0.0132893463596701,16.326446533203125
validation_minutes,20260915_2134,t,0,empty,ok,54,56,6864,129.5,5862,625,0.10661890139883999,5400,422,117.09713733710599,0.9630000591278076,100,4.420490331108989,47,570.0,9.633167266845703,7.3867506980896,7.771858215332031,0.6645369529724121,0.6460660696029663,21.86170196533203,9.914288520812988,12.071462631225586,0.775680422782898,0.0254273395985364,16.365581512451172,9.915428161621094,11.992817878723145,0.8041118383407593,0.0241659693419933,16.478511810302734,5.357249736785889,10.439456939697266,0.6746081709861755,0.0132021522149443,16.37043571472168
validation_minutes,20260915_2135,t,0,empty,ok,38,40,4739,129.0,5862,2269,0.3870692596383487,3800,497,80.85512949898474,6.026000261306763,100,9.146308335052755,24,570.0,10.667792320251465,7.390079498291016,7.79275369644165,0.6661813259124756,0.6467487215995789,21.861034393310547,9.915239334106444,12.073150634765623,0.764349639415741,0.032869953662157,16.36481475830078,9.91709327697754,11.981229782104492,0.7895795702934265,0.0298247057944536,16.478132247924805,5.356797695159912,10.44250774383545,0.6654324531555176,0.0158561374992132,16.36954689025879
validation_minutes,20260915_2136,t,0,empty,ok,57,59,7305,129.0,5827,210,0.036039128196327444,5700,199,125.38189539455448,0.4960000514984131,100,10.788068141502125,55,570.0,5.017609119415283,7.382296562194824,7.770657539367676,0.66417396068573,0.6450464725494385,21.8437557220459,9.885597229003906,12.03400707244873,0.881092369556427,0.0241672694683074,16.34560203552246,9.887788772583008,11.939215660095217,0.92122882604599,0.0236494112759828,16.44333267211914,5.342614650726318,10.402914047241213,0.7650718688964844,0.0129678314551711,16.351354598999023
validation_minutes,20260915_2139,t,0,empty,ok,52,53,6756,130.0,5794,618,0.10666206420434933,5200,163,116.61545893983825,4.204999923706055,100,4.027267257754442,49,560.0,4.95483922958374,7.371480941772461,7.777466297149658,0.6674264669418335,0.6459432244300842,21.649354934692383,9.582042694091797,11.627596855163574,1.6189448833465576,0.0309467297047376,16.1318302154541,9.593274116516112,11.536715507507324,1.6907294988632202,0.0294727571308612,16.057350158691406,5.189328193664551,10.153399467468262,1.3858284950256348,0.0161902103573083,16.1491641998291
validation_minutes,20260915_2141,t,0,empty,ok,50,52,6487,129.0,5862,895,0.15267826680313887,5000,227,110.67699449373161,6.016999959945679,100,4.0936001278368055,44,570.0,4.860140800476074,7.386505126953125,7.784538269042969,0.6627260446548462,0.6447891592979431,21.865243911743164,9.91918659210205,12.073749542236328,0.776267409324646,0.0233067031949758,16.370088577270508,9.919878005981444,11.98802375793457,0.8146848678588867,0.0227866135537624,16.481143951416016,5.3598456382751465,10.450702667236328,0.6686462163925171,0.0125637194141745,16.373706817626953
validation_minutes,20260915_2142,t,0,empty,ok,52,54,6781,129.5,5861,679,0.11585053745094694,5200,287,115.700928121855,2.3930001258850098,100,3.101390905516875,45,570.0,4.841348648071289,7.382758140563965,7.777177810668945,0.6656907796859741,0.6470983624458313,21.84870338439941,9.893457412719728,12.037464141845703,0.8922306299209595,0.0239821542054414,16.352140426635742,9.894765853881836,11.954351425170898,0.9320454597473145,0.023334601894021,16.44706916809082,5.346847534179688,10.43510627746582,0.7629420757293701,0.0128783704712986,16.356826782226562
validation_minutes,20260915_2143,t,0,empty,ok,42,43,5220,128.5,5946,1966,0.33064244870501175,4200,491,87.80192438506548,4.5299999713897705,100,2.7174981478912597,31,560.0,4.941136360168457,7.377194404602051,7.776365280151367,0.6656908988952637,0.6451022028923035,21.811450958251957,9.834662437438965,11.970304489135742,1.087660312652588,0.0251346658915281,16.311443328857422,9.838245391845703,11.870926856994627,1.1291844844818115,0.0243064034730196,16.37291145324707,5.317297458648682,10.403752326965332,0.9256576299667358,0.0133964614942669,16.31843376159668
validation_minutes,20260915_2144,t,0,empty,ok,36,38,4708,128.5,5571,1982,0.35577095674026205,3600,448,84.51058160532254,4.892999887466431,100,3.008341126314642,24,530.0,5.107228755950928,7.37918758392334,7.770541191101074,0.6635665893554688,0.6448661684989929,21.85396957397461,9.90115737915039,12.06307888031006,0.8728886246681213,0.0240501035004854,16.358386993408203,9.902336120605469,11.97671890258789,0.9077154994010924,0.0232835207134485,16.45606231689453,5.350978374481201,10.46683120727539,0.7436448335647583,0.012847819365561,16.362812042236328
validation_minutes,20260915_2145,t,0,empty,ok,47,49,6241,129.0,5861,1079,0.18409827674458284,4700,275,106.49988895213563,4.5920000076293945,100,3.038253874644515,34,570.0,4.883336544036865,7.383784294128418,7.777928829193115,0.661880612373352,0.6454172730445862,21.864688873291016,9.917652130126951,12.091961860656738,0.8158189058303833,0.0233351755887269,16.369976043701172,9.918378829956056,12.010072708129885,0.8472709059715271,0.0228411797434091,16.475881576538086,5.359350204467773,10.489234924316406,0.6946085691452026,0.0125693324953317,16.37381362915039
validation_minutes,20260915_2147,t,0,empty,ok,51,52,6244,129.0,5765,1004,0.17415437987857763,5100,453,108.32567090244007,5.129999876022339,100,2.829149675708976,45,560.0,5.38433837890625,7.381946086883545,7.788962364196777,0.662020742893219,0.6447646617889404,21.870115280151367,9.92529582977295,12.102449417114258,0.8023874163627625,0.0233750101178884,16.376054763793945,9.92608642578125,12.032759666442873,0.8222952485084534,0.0228410717099905,16.48488426208496,5.363519668579102,10.501891136169434,0.6787561178207397,0.0126181691884994,16.379663467407227
validation_minutes,20260915_2148,t,0,empty,ok,40,41,4988,127.5,5861,2070,0.3531820508445658,4000,510,85.10638302580779,7.91700005531311,100,7.46685396711197,25,570.0,5.125722885131836,7.380284309387207,7.776889801025391,0.6625131964683533,0.6449984312057495,21.86720085144043,9.921183586120604,12.092203140258787,0.8229070901870728,0.023312009871006,16.372657775878906,9.922174453735352,12.030821800231934,0.846530556678772,0.0227268151938915,16.47884750366211,5.361318588256836,10.494836807250977,0.6959768533706665,0.0125534292310476,16.376468658447266
validation_minutes,20260915_2150,t,0,empty,ok,53,55,6866,130.0,5862,617,0.10525417946093484,5300,203,117.14524565098739,4.026000261306763,100,2.257253667206334,51,570.0,4.865230083465576,7.37120246887207,7.778463363647461,0.6698191165924072,0.6473453640937805,21.69558334350586,9.652097702026367,11.742968559265137,1.5510038137435913,0.0293082930147647,16.184810638427734,9.66174602508545,11.621609687805176,1.5794034004211426,0.0281140152364969,16.136871337890625,5.225847244262695,10.258502006530762,1.3063544034957886,0.0153589332476258,16.19917869567871
validation_minutes,20260915_2151,t,0,empty,ok,44,44,5581,129.0,5939,1721,0.289779424145479,4400,477,93.98154375058208,3.5139999389648438,100,3.6106123377254464,30,570.0,4.745375633239746,7.376381874084473,7.760376930236816,0.6650353670120239,0.6465352177619934,21.820711135864254,9.848133087158203,11.99106788635254,1.0931392908096311,0.0250277556478977,16.321468353271484,9.851319313049316,11.930598258972168,1.1172093152999878,0.0241848938167095,16.384368896484375,5.324737548828125,10.427080154418944,0.920057773590088,0.0134432641789317,16.328248977661133
validation_minutes,20260915_2152,t,0,empty,ok,36,38,4763,130.0,5861,2258,0.38525848831257464,3600,333,81.27431595004472,9.620999813079834,100,2.841598607447829,21,570.0,4.683475971221924,7.383099555969238,7.771943092346191,0.6606149673461914,0.6454985737800598,21.874685287475582,9.932323455810549,12.096837043762209,0.8026777505874634,0.0230380464345216,16.380571365356445,9.933269500732422,12.062357902526855,0.8083558082580566,0.022247614338994,16.491230010986328,5.367284774780273,10.497465133666992,0.6741807460784912,0.0123522114008665,16.384090423583984
validation_minutes,20260915_2153,t,0,empty,ok,31,33,4180,130.0,5867,2710,0.46190557354695755,3100,286,71.24838073946717,6.971999645233154,100,1.687626392345543,18,520.0,5.396251678466797,7.362339019775391,7.767596244812012,0.6732925176620483,0.6485345363616943,21.50289726257324,9.35236644744873,11.32827377319336,2.001205921173096,0.0364638455212116,15.976361274719238,9.371421813964844,11.190961837768556,2.037025451660156,0.0343505144119262,15.771718978881836,5.074892044067383,10.0043306350708,1.682888746261597,0.0187183488160371,16.000503540039062
validation_minutes,20260915_2155,t,0,empty,ok,51,52,6419,130.0,5861,959,0.16362395495649207,5100,290,109.53177240413737,4.257999658584595,100,2.825748085339481,46,530.0,4.8225860595703125,7.379887580871582,7.782008647918701,0.6628646850585938,0.6455921530723572,21.86509895324707,9.916441917419434,12.083086967468262,0.8821519613265991,0.0241896547377109,16.369873046875,9.917243957519531,12.043866157531738,0.8941439986228943,0.0235594268888235,16.46782112121582,5.35943603515625,10.48175811767578,0.7412567138671875,0.0129172513261437,16.374216079711914
validation_minutes,20260915_2156,t,0,empty,ok,41,41,5318,129.0,5943,1902,0.32004038364462395,4100,465,89.49848524355112,4.92900013923645,100,10.446477764925074,28,560.0,4.993807315826416,7.370997905731201,7.768844127655029,0.6685329675674438,0.6477068662643433,21.687274932861328,9.639039039611816,11.71848201751709,1.5926926136016846,0.0297010634094476,16.17581558227539,9.649057388305664,11.635610580444336,1.6089259386062622,0.0280577577650547,16.11614227294922,5.219492435455322,10.26186752319336,1.3391680717468262,0.0154158016666769,16.190885543823242
validation_minutes,20260915_2157,t,0,empty,ok,30,32,4399,129.5,5875,2536,0.4316595744680851,3000,218,74.87914494107393,5.70799994468689,100,4.3362699122228925,13,510.0,4.456650733947754,7.3643388748168945,7.770387649536133,0.6727722883224487,0.6486682295799255,21.578733444213867,9.469504356384276,11.507545471191406,1.8650708198547363,0.0337985605001449,16.057527542114258,9.485588073730469,11.383339881896973,1.8786629438400269,0.0321527794003486,15.908567428588867,5.134256362915039,10.125024795532228,1.5706719160079956,0.0175010319799184,16.079126358032227
validation_minutes,20260915_2158,t,0,empty,ok,53,55,6866,130.0,5861,621,0.10595461525336973,5300,210,117.15124207117776,4.129999876022339,100,1.7793565426003977,49,570.0,4.53702974319458,7.378668308258057,7.774672508239746,0.6629112958908081,0.6453866958618164,21.87293815612793,9.92904567718506,12.099021911621094,0.8527981042861938,0.0234388038516044,16.377683639526367,9.929902076721191,12.055673599243164,0.8632381558418274,0.0225491300225257,16.48157501220703,5.365855693817139,10.497032165527344,0.720641016960144,0.0125814722850918,16.381702423095703
validation_minutes,20260915_2159,t,0,empty,ok,43,45,5238,123.0,5862,1894,0.3230979187990447,4300,598,89.36736506214987,7.361000061035156,100,4.214726120361745,31,570.0,4.986716747283936,7.3764567375183105,7.763713836669922,0.6619964241981506,0.646999716758728,21.88303565979004,9.94443130493164,12.129549026489258,0.7966895699501038,0.0229444466531276,16.38842010498047,9.944782257080078,12.086210250854492,0.8043676018714905,0.0223367512226104,16.50051498413086,5.373608112335205,10.516661643981934,0.671094536781311,0.0123715056106448,16.39189338684082
validation_minutes,20260915_2200,t,0,empty,ok,48,49,6122,130.0,5149,466,0.09050301029326083,4800,241,118.91072962193442,1.3700001239776611,100,3.427528625681637,44,490.0,4.78255033493042,7.372087001800537,7.769126415252685,0.666062593460083,0.6461470127105713,21.84454345703125,9.883280754089355,12.055110931396484,1.03442645072937,0.0253321900963783,16.346420288085938,9.88570499420166,12.00798225402832,1.035264492034912,0.0244422387331724,16.42267608642578,5.342989444732666,10.467042922973633,0.8636976480484009,0.013488900847733,16.35232162475586
validation_minutes,20260915_2201,t,0,empty,ok,52,54,6672,130.0,5861,772,0.1317181368367173,5200,333,113.84888432053295,3.2840001583099365,100,2.9890877009039603,45,560.0,4.795988082885742,7.376863479614258,7.779305458068848,0.6617507934570312,0.6450092792510986,21.88472557067871,9.946857452392578,12.130118370056152,0.8057621717453003,0.0230893176048994,16.389076232910156,9.946760177612305,12.092677116394045,0.8132852911949158,0.0224563516676425,16.502103805541992,5.374700546264648,10.519801139831545,0.6810102462768555,0.0124809285625815,16.392606735229492
validation_minutes,20260915_2202,t,0,empty,ok,38,39,5109,129.0,5671,1785,0.3147593017104567,3800,322,90.0962863436658,5.5980000495910645,100,4.455273626889172,25,540.0,4.808420181274414,7.375086784362793,7.778338432312012,0.6644573211669922,0.6469179391860962,21.883527755737305,9.945464134216309,12.126954078674316,0.8165244460105896,0.0233204346150159,16.387331008911133,9.945281982421877,12.08975315093994,0.8271965980529785,0.0224870685487985,16.499452590942383,5.37401819229126,10.517398834228516,0.6875585913658142,0.0125237172469496,16.390989303588867
validation_minutes,20260915_2203,t,0,empty,ok,40,42,5006,129.0,5862,2060,0.35141589901057657,4000,527,85.4076738403583,5.616999864578247,100,4.463028138280189,27,570.0,5.091789245605469,7.377370834350586,7.797268390655518,0.6634172201156616,0.6461239457130432,21.8657341003418,9.918063163757324,12.09120750427246,0.9275575280189514,0.0237259026616811,16.36722183227539,9.9187593460083,12.059277534484863,0.9367684125900269,0.0226796623319387,16.46363639831543,5.360240459442139,10.495869636535645,0.7859675288200378,0.0127830896526575,16.37201499938965
validation_minutes,20260915_2204,t,0,empty,ok,37,38,4962,130.0,5287,1520,0.2874976357102326,3700,230,93.86349864372147,6.03600001335144,100,6.3120396510294245,22,510.0,4.580990791320801,7.378612995147705,7.786680221557617,0.6652170419692993,0.6463374495506287,21.8841495513916,9.947063446044922,12.139897346496582,0.8360799551010132,0.0237514730542898,16.38623046875,9.947007179260254,12.104969024658203,0.8489670157432556,0.0229059476405382,16.4985408782959,5.375223159790039,10.526101112365724,0.7078201174736023,0.0126740420237183,16.390090942382812
validation_minutes,20260915_2206,t,0,empty,ok,50,51,6138,129.0,5862,1172,0.19993176390310474,5000,404,104.72436946266686,3.677999973297119,100,5.480831074738624,44,570.0,4.674100875854492,7.372806549072266,7.78434419631958,0.6671538352966309,0.6474237442016602,21.73695182800293,9.719928741455078,11.82575798034668,1.458545804023743,0.0281901396811008,16.22365379333496,9.725001335144045,11.827880859375,1.4961823225021362,0.0267659332603216,16.207494735717773,5.260463714599609,10.32602310180664,1.2526533603668213,0.0147998919710516,16.236421585083008
validation_minutes,20260915_2207,t,0,empty,ok,44,46,5678,129.0,5862,1541,0.2628795632889799,4400,400,96.87436021819148,4.346999883651733,100,4.472485411432363,28,570.0,5.376306533813477,7.380618095397949,7.781229019165039,0.6611013412475586,0.6464434266090393,21.90300941467285,9.979962348937988,12.169312477111816,0.7220238447189331,0.0224439892917871,16.402132034301758,9.978665351867676,12.170726776123049,0.7433743476867676,0.0216159615665674,16.53697395324707,5.392168521881104,10.560651779174805,0.6211941242218018,0.0121052907779812,16.405057907104492
validation_minutes,20260915_2210,t,0,empty,ok,57,59,7274,130.0,5862,295,0.050324121460252474,5700,282,124.10851362275594,0.47500014305114746,100,2.8215007500000358,55,570.0,4.879629611968994,7.389343738555908,7.79103946685791,0.6603577136993408,0.6464042663574219,21.91086196899414,9.99449062347412,12.191755294799805,0.6823557615280151,0.0222610402852296,16.40787696838379,9.992454528808594,12.205888748168944,0.7106694579124451,0.0215720124542713,16.551820755004883,5.399857044219971,10.583568572998049,0.5959751605987549,0.0120231853798031,16.41055679321289
validation_minutes,20260915_2211,t,0,empty,ok,53,55,6584,129.0,5860,837,0.14283276450511945,5300,471,112.35878348114284,2.7920000553131104,100,5.095135836912083,47,570.0,4.820516586303711,7.390713691711426,7.788338661193848,0.6644039154052734,0.6462465524673462,21.875253677368164,9.940335273742676,12.113654136657717,0.9066337943077089,0.0237016230821609,16.36815071105957,9.939087867736816,12.13800811767578,0.9493460059165956,0.0228751618415117,16.48197364807129,5.372375965118408,10.538858413696287,0.7903523445129395,0.0127391638234257,16.372995376586914
validation_minutes,20260915_2212,t,0,empty,ok,43,44,5354,129.0,5862,1791,0.3055271238485159,4300,533,91.34804074667943,4.2829999923706055,100,5.528984071709847,32,570.0,4.795320987701416,7.381520748138428,7.800850868225098,0.6692555546760559,0.6475599408149719,21.711181640625,9.683063507080078,11.75535011291504,1.541013479232788,0.0291789788752794,16.189762115478516,9.687326431274414,11.795195579528809,1.6199963092803955,0.0278463456779718,16.15825653076172,5.241825580596924,10.300810813903809,1.3393086194992063,0.0151942949742078,16.204631805419922
validation_minutes,20260915_2213,t,0,empty,ok,38,40,5155,130.0,5881,1984,0.33735759224621664,3800,296,87.6670864407398,5.879999876022339,100,1.9155445570115686,25,560.0,5.07138729095459,7.381832122802734,7.813748359680176,0.6690589189529419,0.6482611298561096,21.621170043945312,9.541142463684082,11.555098533630373,1.771151065826416,0.0324168056249618,16.091638565063477,9.548194885253906,11.59967803955078,1.8632601499557493,0.0307066030800342,15.98780345916748,5.170089244842529,10.17702865600586,1.5342729091644287,0.0167741384357213,16.111953735351562
validation_minutes,20260915_2218,t,0,empty,ok,31,33,4500,130.0,5880,2457,0.41785714285714287,3100,208,76.53321559920727,7.125,100,4.222786660060848,14,520.0,5.455736637115479,7.400319576263428,7.804810523986816,0.6639794707298279,0.6466472744941711,21.890729904174805,9.96342658996582,12.10177993774414,0.8455297350883484,0.0239004306495189,16.38341522216797,9.96376609802246,12.225199699401855,0.8916072845458984,0.0233445763587951,16.510517120361328,5.382693290710449,10.531583786010742,0.7394602298736572,0.0128382099792361,16.38763999938965
validation_minutes,20260915_2219,t,0,empty,ok,47,49,6030,129.0,5861,1253,0.21378604333731446,4700,295,102.88346716930396,9.399999856948853,100,3.5099333924098293,44,570.0,5.110909938812256,7.402241706848144,7.808300971984863,0.6617860198020935,0.646446943283081,21.89716148376465,9.974513053894045,12.113043785095217,0.7966156005859375,0.0230462476611137,16.390399932861328,9.973849296569824,12.249300956726074,0.8535126447677612,0.0222960971295833,16.52284812927246,5.3874945640563965,10.531911849975586,0.7054181098937988,0.0123529341071844,16.394264221191406
validation_minutes,20260915_2221,t,0,empty,ok,34,35,4147,129.0,5862,2706,0.4616171954964176,3400,407,70.75101530463101,8.781999826431274,100,3.6981598673829663,22,480.0,4.866870880126953,7.400196075439453,7.804699420928955,0.667434811592102,0.6463861465454102,21.859594345092773,9.911676406860352,12.019364356994627,1.003584384918213,0.0254612620919942,16.349727630615234,9.9139404296875,12.155721664428713,1.0684056282043457,0.0248043052852153,16.44742202758789,5.354004859924316,10.441134452819824,0.887982964515686,0.0136212846264243,16.355966567993164
validation_minutes,20260915_2222,t,0,empty,ok,54,55,6847,130.0,5465,206,0.03769441903019213,5400,196,125.30883395137114,0.41900014877319336,100,2.4261696464832108,52,530.0,5.48891019821167,7.398804664611816,7.792624473571777,0.6659505367279053,0.6455854773521423,21.869674682617188,9.92497444152832,12.026272773742676,0.949941098690033,0.0247355289757251,16.361318588256836,9.926719665527344,12.171907424926758,1.0184969902038574,0.0238674283027648,16.465686798095703,5.359383583068848,10.448862075805664,0.8435516357421875,0.01333499699831,16.36697769165039
validation_minutes,20260915_2223,t,0,empty,ok,37,38,4480,129.0,5642,2229,0.39507266926621765,3700,460,79.40728138826468,7.687999963760376,100,1.8123333015360885,27,550.0,4.955195426940918,7.398362159729004,7.794315338134766,0.661022424697876,0.6461232900619507,21.9069938659668,9.97853183746338,12.106037139892578,0.7462989091873169,0.0230200234800577,16.402917861938477,9.978713035583496,12.218995094299316,0.7943354845046997,0.0223053637892007,16.537389755249023,5.385941505432129,10.503803253173828,0.6673069000244141,0.0124160069972276,16.40634536743164
validation_minutes,20260915_2224,t,0,empty,ok,47,49,5994,129.0,5862,1266,0.21596724667349027,4700,279,102.26400259670548,5.896000146865845,100,4.506250289919292,42,570.0,4.910948276519775,7.396357536315918,7.801294326782227,0.6623630523681641,0.646539568901062,21.90686416625977,9.971539497375488,12.110076904296877,0.7603750228881836,0.022832203656435,16.40353775024414,9.97198486328125,12.212817192077637,0.816059947013855,0.0219356790184974,16.533443450927734,5.381590843200684,10.498817443847656,0.6770914196968079,0.012363014742732,16.40709114074707
validation_minutes,20260915_2225,t,0,empty,ok,50,52,6351,129.0,5862,995,0.16973729102695326,5000,362,108.35480155016292,6.141999959945679,100,1.721002526969219,44,570.0,5.174402713775635,7.396260738372803,7.803492069244385,0.6640307903289795,0.6474454998970032,21.882179260253903,9.92750644683838,12.069726943969728,0.9194725751876832,0.024031788110733,16.37701416015625,9.93051052093506,12.149765014648438,0.9689928889274596,0.0233708433806896,16.481319427490234,5.358732223510742,10.45758056640625,0.8195205330848694,0.0130160180851817,16.382171630859375
validation_minutes,20260915_2226,t,0,empty,ok,35,36,4458,129.0,5920,2526,0.4266891891891892,3500,399,75.30532595062567,5.166000127792358,100,3.489700842882063,19,540.0,5.401792049407959,7.38624095916748,7.797161102294922,0.6732888221740723,0.6491647958755493,21.6640625,9.57900047302246,11.611577987670898,1.6681702136993408,0.0317785367369651,16.13938331604004,9.597163200378418,11.724663734436035,1.7423982620239258,0.0298812091350555,16.04946517944336,5.179765701293945,10.142626762390137,1.4918882846832275,0.0166093725711107,16.157915115356445
validation_minutes,20260915_2227,t,0,empty,ok,49,51,6218,129.0,5987,1200,0.2004342742608986,4900,280,103.8705044638117,7.927999973297119,100,2.3222213056412038,45,570.0,5.618342876434326,7.375880241394043,7.78245735168457,0.6706798076629639,0.6489992141723633,21.53565216064453,9.371210098266602,11.398390769958496,1.938472032546997,0.0358071736991405,16.004619598388672,9.401232719421388,11.47118091583252,2.0199570655822754,0.0332322791218757,15.806406021118164,5.073690891265869,10.010218620300291,1.7295253276824951,0.0186062082648277,16.025882720947266
validation_minutes,20260915_2229,t,0,empty,ok,42,43,5382,129.0,5998,1884,0.31410470156718906,4200,384,89.73140585513003,4.41700005531311,100,4.624126108608052,28,550.0,4.978633403778076,7.388622760772705,7.779544830322266,0.665743350982666,0.6466777920722961,21.85732650756836,9.88022232055664,12.014290809631348,1.0574843883514404,0.0250170808285474,16.351184844970703,9.88666534423828,12.092809677124023,1.0867847204208374,0.023816717788577,16.428979873657227,5.333741188049316,10.401369094848633,0.941819190979004,0.0133892642334103,16.357852935791016
validation_minutes,20260915_2230,t,0,empty,ok,34,34,4403,129.0,5943,2582,0.43446071007908466,3400,359,74.0884078427063,7.341000080108643,100,2.8586303714619654,21,520.0,4.875597953796387,7.393851280212402,7.7973785400390625,0.6671501398086548,0.6455492973327637,21.846715927124023,9.86264991760254,11.994589805603027,1.0998055934906006,0.0261665061116218,16.339641571044922,9.869152069091797,12.069953918457031,1.1328139305114746,0.0249646920710802,16.406726837158203,5.324108600616455,10.382562637329102,0.978184938430786,0.0140343001112341,16.346973419189453
validation_minutes,20260915_2233,t,0,empty,ok,45,47,5696,128.0,5432,1064,0.1958762886597938,4500,314,104.86394964470374,3.864000082015991,100,1.580738621496545,37,530.0,5.095493793487549,7.394715785980225,7.798484802246094,0.6657154560089111,0.6468405723571777,21.87898826599121,9.907344818115234,12.047761917114258,0.9581469297409058,0.0246465262025594,16.37569808959961,9.912412643432615,12.116957664489746,0.9793197512626648,0.0235307514667511,16.469926834106445,5.346296310424805,10.430295944213867,0.8504313826560974,0.0132379001006484,16.38113021850586
validation_minutes,20260915_2234,t,0,empty,ok,48,50,5806,128.0,5952,1516,0.2547043010752688,4800,554,97.55359897904482,3.1610002517700195,100,2.4608171354558177,38,560.0,5.057892799377441,7.393787384033203,7.792656898498535,0.6654143333435059,0.6467036604881287,21.84298515319824,9.84899616241455,11.983409881591797,1.1227788925170898,0.0256292968988418,16.336822509765625,9.856693267822266,12.029921531677246,1.1439379453659058,0.0242309663444757,16.397689819335938,5.316060543060303,10.36827278137207,0.994954228401184,0.0136954942718148,16.344377517700195
validation_minutes,20260915_2235,t,0,empty,ok,34,36,4526,129.0,5862,2406,0.4104401228249744,3400,308,77.22099939067418,9.891000032424927,100,2.4468663051127915,25,570.0,5.065955638885498,7.376161575317383,7.795877456665039,0.6727044582366943,0.6494631767272949,21.45409393310547,9.22839641571045,11.245418548583984,2.084683656692505,0.0389808788895607,15.92345142364502,9.268694877624512,11.271016120910645,2.113958835601806,0.0357302688062191,15.648409843444824,4.998489856719971,9.831974983215332,1.8499386310577397,0.0203432943671941,15.944121360778809
validation_minutes,20260915_2236,t,0,empty,ok,52,54,6595,128.5,5877,821,0.1396971243831887,5200,466,112.22666533186343,1.943000078201294,100,3.817222779040581,44,570.0,4.698355674743652,7.403787612915039,7.802967548370361,0.6605554819107056,0.6452482342720032,21.925861358642575,9.976879119873049,12.160210609436035,0.6740347146987915,0.0226729493588209,16.427330017089844,9.978291511535645,12.199620246887209,0.6865036487579346,0.022052127867937,16.563020706176758,5.380739688873291,10.497072219848633,0.5984817743301392,0.0123850237578153,16.42997169494629
validation_minutes,20260915_2237,t,0,empty,ok,33,35,4615,130.0,5998,2479,0.4133044348116039,3300,317,76.946162698147,7.480999946594238,100,25.52127852801847,17,570.0,5.027043342590332,7.40447998046875,7.797739028930664,0.6627118587493896,0.6456725597381592,21.91245460510254,9.955022811889648,12.134729385375977,0.7674616575241089,0.0230764746665954,16.413040161132812,9.957528114318848,12.167719841003418,0.7803040742874146,0.0223485734313726,16.53627586364746,5.369372844696045,10.477153778076172,0.6786606311798096,0.0124772069975733,16.416465759277344
validation_minutes,20260915_2238,t,0,empty,ok,31,33,4368,130.0,5848,2518,0.43057455540355677,3100,188,74.69731162747912,8.960000038146973,100,3.317671034816847,15,560.0,4.857489109039307,7.37921142578125,7.806807518005371,0.6702760457992554,0.6469663381576538,21.56172752380371,9.395949363708496,11.412280082702637,1.89805805683136,0.0355064459145069,16.033843994140625,9.428732872009276,11.46170139312744,1.9318292140960691,0.0326718837022781,15.850912094116213,5.083332538604736,9.990880966186523,1.6882987022399902,0.0183703955262899,16.055715560913086
validation_minutes,20260915_2240,t,0,empty,ok,57,59,7253,130.0,5861,293,0.0499914690325883,5700,281,123.75232479674897,0.4850001335144043,100,15.667994938333267,55,570.0,4.93939208984375,7.402612686157227,7.795580863952637,0.6586593389511108,0.6443153619766235,21.92573928833008,9.972100257873535,12.14594268798828,0.6789965629577637,0.0227241087704896,16.427778244018555,9.97340965270996,12.170310974121094,0.6863983273506165,0.0219488274306058,16.562421798706055,5.377233505249023,10.494264602661133,0.5984727144241333,0.0123142851516604,16.430408477783203
validation_minutes,20260915_2241,t,0,empty,ok,44,46,5721,129.5,5862,1510,0.2575912657795974,4400,407,97.61132890236276,4.835000038146973,100,7.4138682689761,32,570.0,4.679971218109131,7.400954246520996,7.7964677810668945,0.662321925163269,0.6458525657653809,21.911945343017575,9.949392318725586,12.11057186126709,0.7738335132598877,0.023067532107234,16.412933349609375,9.95218276977539,12.139178276062012,0.7819017767906189,0.0221253670752048,16.5351505279541,5.365598678588867,10.474223136901855,0.6788451671600342,0.0124699315056204,16.416343688964844
validation_minutes,20260915_2242,t,0,empty,ok,38,40,5047,129.0,5861,2020,0.34465108343286127,3800,380,86.11452390598627,5.948999881744385,100,2.7664904380731556,22,570.0,4.821316242218018,7.400271415710449,7.792222499847412,0.6622279286384583,0.6458271741867065,21.912145614624023,9.948657989501951,12.115922927856444,0.770603597164154,0.0231956914067268,16.413379669189453,9.951566696166992,12.136263847351074,0.7817155122756958,0.0221966262906789,16.5354061126709,5.364964008331299,10.471890449523926,0.6812187433242798,0.0125479064881801,16.41678810119629
validation_minutes,20260915_2245,t,0,empty,ok,38,40,4822,129.5,5841,2156,0.3691148775894539,3800,368,82.56566562950788,6.252000093460083,100,8.806845473467858,25,570.0,4.758137702941895,7.38300085067749,7.782591342926025,0.6698956489562988,0.64741051197052,21.65314292907715,9.53309440612793,11.60879135131836,1.7139451503753662,0.0322023555636405,16.132030487060547,9.557498931884766,11.59563446044922,1.741774559020996,0.0301102846860885,16.021772384643555,5.151445865631104,10.091995239257812,1.5133930444717407,0.0169410109519958,16.150794982910156
validation_minutes,20260915_2246,t,0,empty,ok,36,38,4828,130.0,5142,1451,0.2821859198755348,3600,229,93.89707887533257,6.667999744415283,100,3.7144028871247476,28,490.0,4.85523796081543,7.395872116088867,7.787477493286133,0.6668915152549744,0.6460780501365662,21.89007377624512,9.906627655029297,12.065953254699709,0.9097896218299866,0.0252277478575706,16.390228271484375,9.911272048950195,12.05018138885498,0.923864245414734,0.0240379106253385,16.48764991760254,5.342270851135254,10.435539245605469,0.8089253902435303,0.0136629296466708,16.395069122314453
validation_minutes,20260915_2247,t,0,empty,ok,54,56,6885,129.0,5860,575,0.09812286689419795,5400,344,117.4954780399737,2.069000005722046,100,3.2632363036883913,50,570.0,4.651325225830078,7.397221565246582,7.799169063568115,0.6586474776268005,0.644234836101532,21.92749786376953,9.965378761291504,12.155729293823242,0.6758242845535278,0.0229471009224653,16.430788040161133,9.967118263244627,12.134499549865724,0.6838195323944092,0.0221700966358184,16.563488006591797,5.372306823730469,10.491278648376465,0.5985255241394043,0.0124391447752714,16.43338966369629
validation_minutes,20260915_2248,t,0,empty,ok,35,37,4681,129.0,5871,2304,0.3924374041900869,3500,285,79.73631303192191,7.687000036239624,100,12.737122958817082,21,540.0,5.201193809509277,7.382802009582519,7.790012836456299,0.6693069934844971,0.6466563940048218,21.61819839477539,9.475398063659668,11.543700218200684,1.778964281082153,0.0337016433477401,16.094533920288086,9.502572059631348,11.516979217529297,1.8111952543258667,0.0315713658928871,15.954676628112791,5.121090412139893,10.031047821044922,1.5757977962493896,0.0179513003677129,16.1153621673584
validation_minutes,20260915_2251,t,0,empty,ok,35,36,4493,129.0,5869,2441,0.415914125063895,3500,388,76.56391106934602,6.54800009727478,100,7.558362550153148,24,570.0,4.682183742523193,7.382597923278809,7.794690132141113,0.6698781251907349,0.6467655301094055,21.676523208618164,9.564647674560549,11.64473819732666,1.6614831686019895,0.0312492679804563,16.15831756591797,9.586102485656738,11.601197242736816,1.6782137155532837,0.0293521471321582,16.06425666809082,5.165850639343262,10.130521774291992,1.4598360061645508,0.0164940245449543,16.17563819885254
validation_minutes,20260915_2253,t,0,empty,ok,51,52,6331,129.0,5828,1025,0.1758750857927248,5100,505,108.63261245276047,2.7009999752044678,100,3.9848693917713423,43,570.0,4.871232032775879,7.394360542297363,7.790552139282227,0.6594235897064209,0.6441842317581177,21.928852081298828,9.959478378295898,12.144774436950684,0.6816617250442505,0.0228388700634241,16.432846069335938,9.961188316345217,12.109492301940918,0.6814574003219604,0.0219623744487762,16.564077377319336,5.368129730224609,10.471352577209473,0.5947407484054565,0.0124215334653854,16.435428619384766
validation_minutes,20260915_2254,t,0,empty,ok,42,44,5463,130.0,5862,1692,0.28863868986693964,4200,266,93.20457932236943,7.295000076293945,100,8.903437817764095,31,570.0,4.841348648071289,7.386918544769287,7.768746852874756,0.6654453873634338,0.6447822451591492,21.85855865478516,9.846631050109863,11.995243072509766,1.0827152729034424,0.0250955373048782,16.35677146911621,9.85385513305664,11.954302787780762,1.0759178400039673,0.0240415204316377,16.421907424926758,5.309983253479004,10.36556625366211,0.9463754892349244,0.013585465028882,16.36345863342285
validation_minutes,20260915_2256,t,0,empty,ok,36,38,4791,129.0,5871,2212,0.3767671606199966,3600,335,81.60866674500646,7.530999660491943,100,18.984795088286084,21,560.0,5.038418292999268,7.386377334594727,7.773529529571533,0.6641095876693726,0.6450980305671692,21.856430053710938,9.83997917175293,11.99492645263672,1.0912325382232666,0.0252845007926225,16.354827880859375,9.84720230102539,11.938420295715332,1.0861008167266846,0.0241415277123451,16.41726303100586,5.306077003479004,10.356045722961426,0.9523259401321412,0.0136277349665761,16.361610412597656
validation_minutes,20260915_2258,t,0,empty,ok,51,53,6210,128.0,5896,1177,0.19962686567164178,5100,611,105.3345769302463,4.031000137329102,100,4.310786490820967,43,570.0,4.772515773773193,7.386375904083252,7.782463073730469,0.6612187027931213,0.6440250277519226,21.911922454833984,9.922724723815918,12.121548652648926,0.8028987646102905,0.0235301405191421,16.415149688720703,9.926019668579102,12.045578956604004,0.7999448180198669,0.0226926933974027,16.52827262878418,5.348158836364746,10.42581558227539,0.7013583183288574,0.0126667376607656,16.41872215270996
validation_minutes,20260915_2300,t,0,empty,ok,51,52,6361,130.0,5689,849,0.14923536649674812,5100,416,111.83192663856983,2.376000165939331,100,4.7255856560274925,45,550.0,4.432939052581787,7.388201713562012,7.768154144287109,0.661656379699707,0.6450262665748596,21.908906936645508,9.91554355621338,12.115920066833496,0.8186013698577881,0.0238679163157939,16.412033081054688,9.918684005737305,12.035950660705566,0.8108237981796265,0.0232666060328483,16.522628784179688,5.344255447387695,10.415021896362305,0.7120047807693481,0.012967487797141,16.415725708007812
validation_minutes,20260915_2302,t,0,empty,ok,44,46,5623,130.0,5251,980,0.18663111788230813,4400,395,107.09660178236868,4.884000062942505,100,4.587469877401292,38,510.0,4.883665084838867,7.393126487731934,7.781833648681641,0.6667752861976624,0.6457445025444031,21.888671875,9.879620552062988,12.075074195861816,0.9282991886138916,0.0249090641736984,16.39073371887207,9.884163856506348,11.975485801696776,0.9266578555107116,0.0239460077136755,16.48223114013672,5.325412750244141,10.385862350463867,0.814835786819458,0.0135041261091828,16.395544052124023
validation_minutes,20260915_2304,t,0,empty,ok,45,46,5533,129.0,5862,1678,0.2862504264756056,4500,586,94.40046408722323,5.247999906539917,100,11.054183238205379,29,570.0,4.678466320037842,7.390058517456055,7.792825222015381,0.6627234220504761,0.6455952525138855,21.910463333129883,9.910210609436035,12.101110458374023,0.8045341968536377,0.0234025921672582,16.414512634277344,9.912898063659668,12.025827407836914,0.8051519393920898,0.0227341260761022,16.525909423828125,5.340859413146973,10.403919219970703,0.7028741836547852,0.0127029716968536,16.418045043945312
validation_minutes,20260915_2305,t,0,empty,ok,49,51,6101,130.0,5861,1183,0.20184268896092816,4900,420,104.09664050530338,5.040999889373779,100,4.3916371655618045,43,570.0,4.609298229217529,7.389172554016113,7.789512634277344,0.6617225408554077,0.644960880279541,21.9150333404541,9.915342330932615,12.100627899169922,0.7732234597206116,0.0231208465993404,16.419721603393555,9.917807579040527,12.032458305358888,0.7724189758300781,0.0224118083715438,16.534910202026367,5.34349250793457,10.40753936767578,0.6779780387878418,0.0124786840751767,16.422996520996094
validation_minutes,20260915_2306,t,0,empty,ok,55,57,6972,130.0,5862,548,0.0934834527465029,5500,338,118.9476915113179,2.436999797821045,100,4.187986655815689,52,570.0,4.563211441040039,7.385077953338623,7.800373077392578,0.6665180921554565,0.6448373794555664,21.77787208557129,9.699068069458008,11.805519104003906,1.3666437864303589,0.0280972309410572,16.27109146118164,9.710721015930176,11.753881454467772,1.380640983581543,0.0268870014697313,16.25665855407715,5.232123374938965,10.215871810913086,1.2065973281860352,0.014921560883522,16.28215217590332
validation_minutes,20260915_2307,t,0,empty,ok,39,41,4798,120.0,5951,2298,0.3861535876323307,3900,521,80.63052459611818,8.29699993133545,100,10.41938562222213,27,570.0,4.838436126708984,7.392822265625,7.799115180969238,0.6599202156066895,0.6438746452331543,21.919620513916016,9.918761253356934,12.103100776672363,0.7412920594215393,0.023094480857253,16.42531394958496,9.920943260192873,12.02992820739746,0.7412521243095398,0.0226170923560857,16.54338836669922,5.345125675201416,10.407281875610352,0.6490494012832642,0.0125388633459806,16.428329467773438
