source,folder,folder_ts,n_files,total_bytes,n_tmp_files,has_manifest,manifest_parse,manifest_status,manifest_schema,labels,placement,activity,position,label_status,duration_s,expected_chunks,manifest_chunks,n_warnings,n_errors,n_radar_bin,radar_frames,radar_bytes,radar_bin_bad,has_npz,npz_ok,npz_radar_frames,npz_csi_samples,npz_sense_samples,npz_camera_frames,n_csi_files,csi_lines,csi_bytes,csi_nonempty_files,has_xytracking,xytracking_ok,has_ha_status,has_sense_error
train_minutes,20260817_2117,1787015820.0,33,17267654,0,True,json,success,thoth-minute-manifest/v5,t1_sleep,t1,sleep,,ok,58.948999881744385,28,28,3,0,28,280,10325280,0,False,,,,,,2,6263,3378640,1,True,True,True,False
train_minutes,20260817_2118,1787015880.0,62,31129527,0,True,json,success,thoth-minute-manifest/v5,t1_sleep,t1,sleep,,ok,60.03999996185303,57,57,3,0,57,570,21019320,0,False,,,,,,2,7018,3781943,1,True,True,True,False
train_minutes,20260817_2119,1787015940.0,55,27379254,0,True,json,success,thoth-minute-manifest/v5,t1_sleep,t1,sleep,,ok,108.50699996948242,50,50,2,0,50,500,18438000,0,False,,,,,,2,6086,3280555,1,True,True,True,False
train_minutes,20260817_2120,1787016000.0,61,30250013,0,True,json,success,thoth-minute-manifest/v5,t1_sleep,t1,sleep,,ok,95.82299995422363,56,56,2,0,56,560,20650560,0,False,,,,,,2,6240,3365118,1,True,True,True,False
train_minutes,20260817_2121,1787016060.0,58,28927092,0,True,json,success,thoth-minute-manifest/v5,t1_sleep,t1,sleep,,ok,105.69799995422363,53,53,2,0,53,530,19544280,0,False,,,,,,2,6368,3436110,1,True,True,True,False
train_minutes,20260817_2122,1787016120.0,62,30858388,0,True,json,success,thoth-minute-manifest/v5,t1_sleep,t1,sleep,,ok,112.55200004577637,57,57,3,0,57,570,21019320,0,False,,,,,,2,6509,3510711,1,True,True,True,False
train_minutes,20260817_2123,1787016180.0,44,22427724,0,True,json,success,thoth-minute-manifest/v5,t1_sleep,t1,sleep,,ok,100.50699996948242,39,39,2,0,39,390,14381640,0,False,,,,,,2,6346,3432183,1,True,True,True,False
train_minutes,20260817_2124,1787016240.0,61,30295042,0,True,json,success,thoth-minute-manifest/v5,t1_sleep,t1,sleep,,ok,77.95000004768372,56,56,2,0,56,560,20650560,0,False,,,,,,2,6315,3411465,1,True,True,True,False
train_minutes,20260817_2125,1787016300.0,62,30664491,0,True,json,success,thoth-minute-manifest/v5,t1_sleep,t1,sleep,,ok,97.87199997901917,57,57,2,0,57,570,21019320,0,False,,,,,,2,6153,3317258,1,True,True,True,False
train_minutes,20260817_2126,1787016360.0,61,31333315,0,True,json,success,thoth-minute-manifest/v5,t1_sleep,t1,sleep,,ok,126.81599998474121,56,56,2,0,56,560,20650560,0,False,,,,,,2,6292,3390530,1,True,True,True,False
train_minutes,20260817_2127,1787016420.0,51,25158373,0,True,json,success,thoth-minute-manifest/v5,t1_sleep,t1,sleep,,ok,85.96000003814697,46,46,2,0,46,460,16962960,0,False,,,,,,2,5243,2829611,1,True,True,True,False
train_minutes,20260817_2128,1787016480.0,28,15271275,0,True,json,success,thoth-minute-manifest/v5,t1_sleep,t1,sleep,,ok,58.8970000743866,23,23,3,0,23,230,8481480,0,False,,,,,,2,6877,3702570,1,True,True,True,False
train_minutes,20260817_2129,1787016540.0,61,30437818,0,True,json,success,thoth-minute-manifest/v5,t1_sleep,t1,sleep,,ok,99.85800004005432,56,56,2,0,56,560,20650560,0,False,,,,,,2,6572,3554398,1,True,True,True,False
train_minutes,20260817_2130,1787016600.0,51,25536829,0,True,json,success,thoth-minute-manifest/v5,t1_sleep,t1,sleep,,ok,124.625,46,46,2,0,46,460,16962960,0,False,,,,,,2,6092,3294357,1,True,True,True,False
train_minutes,20260817_2131,1787016660.0,61,30075421,0,True,json,success,thoth-minute-manifest/v5,t1_sleep,t1,sleep,,ok,87.5920000076294,56,56,3,0,56,560,20650560,0,False,,,,,,2,5892,3191916,1,True,True,True,False
train_minutes,20260817_2132,1787016720.0,14,8848592,0,True,json,success,thoth-minute-manifest/v5,t1_sleep,t1,sleep,,ok,58.793999910354614,9,9,3,0,9,90,3318840,0,False,,,,,,2,6992,3777161,1,True,True,True,False
train_minutes,20260817_2133,1787016780.0,62,30957091,0,True,json,success,thoth-minute-manifest/v5,t1_sleep,t1,sleep,,ok,80.85199999809265,57,57,3,0,57,570,21019320,0,False,,,,,,2,6675,3608705,1,True,True,True,False
train_minutes,20260817_2135,1787016900.0,47,23427740,0,True,json,success,thoth-minute-manifest/v5,t1_sleep,t1,sleep,,ok,105.90199995040894,42,42,2,0,42,420,15487920,0,False,,,,,,2,5799,3136629,1,True,True,True,False
train_minutes,20260817_2136,1787016960.0,29,15754659,0,True,json,success,thoth-minute-manifest/v5,t1_sleep,t1,sleep,,ok,58.89400005340576,24,24,2,0,24,240,8850240,0,False,,,,,,2,6884,3722054,1,True,True,True,False
train_minutes,20260817_2137,1787017020.0,62,31241653,0,True,json,success,thoth-minute-manifest/v5,t1_sleep,t1,sleep,,ok,68.02500009536743,57,57,2,0,57,570,21019320,0,False,,,,,,2,7211,3894113,1,True,True,True,False
train_minutes,20260817_2138,1787017080.0,59,29611804,0,True,json,success,thoth-minute-manifest/v5,t1_sleep,t1,sleep,,ok,96.75699996948242,54,54,2,0,54,540,19913040,0,False,,,,,,2,6756,3656372,1,True,True,True,False
train_minutes,20260817_2139,1787017140.0,18,10343455,0,True,json,success,thoth-minute-manifest/v5,t1_sleep,t1,sleep,,ok,58.956000089645386,13,13,3,0,13,130,4793880,0,False,,,,,,2,6317,3415687,1,True,True,True,False
train_minutes,20260817_2140,1787017200.0,62,30936704,0,True,json,success,thoth-minute-manifest/v5,t1_sleep,t1,sleep,,ok,60.76600003242493,57,57,3,0,57,570,21019320,0,False,,,,,,2,6637,3588976,1,True,True,True,False
train_minutes,20260817_2141,1787017260.0,62,31303330,0,True,json,success,thoth-minute-manifest/v5,t1_sleep,t1,sleep,,ok,82.04200005531311,57,57,2,0,57,570,21019320,0,False,,,,,,2,7313,3955849,1,True,True,True,False
train_minutes,20260817_2142,1787017320.0,61,30601851,0,True,json,success,thoth-minute-manifest/v5,t1_sleep,t1,sleep,,ok,118.65700006484985,56,56,2,0,56,560,20650560,0,False,,,,,,2,6873,3718207,1,True,True,True,False
train_minutes,20260817_2143,1787017380.0,52,26098705,0,True,json,success,thoth-minute-manifest/v5,t1_sleep,t1,sleep,,ok,103.95900011062622,47,47,2,0,47,470,17331720,0,False,,,,,,2,6260,3392215,1,True,True,True,False
train_minutes,20260817_2144,1787017440.0,29,15474946,0,True,json,success,thoth-minute-manifest/v5,t1_sleep,t1,sleep,,ok,61.63199996948242,24,24,3,0,24,240,8850240,0,False,,,,,,2,6367,3442139,1,True,True,True,False
train_minutes,20260817_2145,1787017500.0,60,30052728,0,True,json,success,thoth-minute-manifest/v5,t1_sleep,t1,sleep,,ok,83.71300005912781,55,55,2,0,55,550,20281800,0,False,,,,,,2,6719,3633420,1,True,True,True,False
train_minutes,20260817_2146,1787017560.0,62,31074338,0,True,json,success,thoth-minute-manifest/v5,t1_sleep,t1,sleep,,ok,69.92600011825562,57,57,3,0,57,570,21019320,0,False,,,,,,2,6891,3725910,1,True,True,True,False
train_minutes,20260817_2147,1787017620.0,62,32824088,0,True,json,collecting,thoth-minute-manifest/v4,t1_sleep,t1,sleep,,ok,58.0,58,57,1,1,57,570,21019320,0,False,,,,,,2,6339,3430453,1,True,True,True,False
train_minutes,20260817_2148,1787017680.0,62,30522258,0,True,json,success,thoth-minute-manifest/v5,t1_sleep,t1,sleep,,ok,119.21000003814697,57,57,2,0,57,570,21019320,0,False,,,,,,2,5887,3174718,1,True,True,True,False
train_minutes,20260817_2149,1787017740.0,57,28236827,0,True,json,success,thoth-minute-manifest/v5,t1_sleep,t1,sleep,,ok,127.08899998664856,52,52,3,0,52,520,19175520,0,False,,,,,,2,5955,3209649,1,True,True,True,False
train_minutes,20260817_2150,1787017800.0,54,26815176,0,True,json,success,thoth-minute-manifest/v5,t1_sleep,t1,sleep,,ok,133.79999995231628,49,49,2,0,49,490,18069240,0,False,,,,,,2,5897,3180454,1,True,True,True,False
train_minutes,20260817_2151,1787017860.0,53,26570732,0,True,json,success,thoth-minute-manifest/v5,t1_sleep,t1,sleep,,ok,85.26300001144409,48,48,2,0,48,480,17700480,0,False,,,,,,2,6307,3400187,1,True,True,True,False
train_minutes,20260817_2152,1787017920.0,9,6590552,0,True,json,success,thoth-minute-manifest/v5,t1_sleep,t1,sleep,,ok,58.759000062942505,4,4,3,0,4,40,1475040,0,False,,,,,,2,7114,3839451,1,True,True,True,False
train_minutes,20260817_2153,1787017980.0,62,31310197,0,True,json,success,thoth-minute-manifest/v5,t1_sleep,t1,sleep,,ok,60.02900004386902,57,57,3,0,57,570,21019320,0,False,,,,,,2,7357,3964300,1,True,True,True,False
train_minutes,20260817_2154,1787018040.0,62,31209138,0,True,json,success,thoth-minute-manifest/v5,t1_sleep,t1,sleep,,ok,64.625,57,57,3,0,57,570,21019320,0,False,,,,,,2,7160,3861456,1,True,True,True,False
train_minutes,20260817_2155,1787018100.0,62,31171980,0,True,json,success,thoth-minute-manifest/v5,t1_sleep,t1,sleep,,ok,102.07999992370605,57,57,2,0,57,570,21019320,0,False,,,,,,2,7102,3824394,1,True,True,True,False
train_minutes,20260817_2156,1787018160.0,43,21913709,0,True,json,success,thoth-minute-manifest/v5,t1_sleep,t1,sleep,,ok,115.96199989318848,38,38,2,0,38,380,14012880,0,False,,,,,,2,6285,3384072,1,True,True,True,False
train_minutes,20260817_2157,1787018220.0,62,30496103,0,True,json,success,thoth-minute-manifest/v5,t1_sleep,t1,sleep,,ok,86.56699991226196,57,57,3,0,57,570,21019320,0,False,,,,,,2,5847,3147861,1,True,True,True,False
train_minutes,20260817_2158,1787018280.0,61,30380467,0,True,json,success,thoth-minute-manifest/v5,t1_sleep,t1,sleep,,ok,106.43700003623962,56,56,2,0,56,560,20650560,0,False,,,,,,2,6491,3496941,1,True,True,True,False
train_minutes,20260817_2159,1787018340.0,60,30342750,0,True,json,collecting,thoth-minute-manifest/v4,t1_sleep,t1,sleep,,ok,58.0,58,55,1,1,55,550,20281800,0,False,,,,,,2,6502,3503424,1,True,True,True,False
train_minutes,20260817_2200,1787018400.0,48,27646866,0,True,json,success,thoth-minute-manifest/v5,t1_sleep,t1,sleep,,ok,119.92899990081787,43,43,1,0,43,430,15856680,0,False,,,,,,2,6205,3340209,2,True,True,True,False
train_minutes,20260817_2201,1787018460.0,58,29684030,0,True,json,success,thoth-minute-manifest/v5,t1_sleep,t1,sleep,,ok,122.76500010490417,53,53,3,0,53,530,19544280,0,False,,,,,,2,6403,3444493,1,True,True,True,False
train_minutes,20260817_2202,1787018520.0,62,30904725,0,True,json,success,thoth-minute-manifest/v5,t1_sleep,t1,sleep,,ok,114.5239999294281,57,57,3,0,57,570,21019320,0,False,,,,,,2,6394,3441169,1,True,True,True,False
train_minutes,20260817_2203,1787018580.0,58,28687281,0,True,json,partial,thoth-minute-manifest/v5,t1_sleep,t1,sleep,,ok,150.45700001716614,53,53,2,1,53,530,19544280,0,False,,,,,,2,6749,3624900,1,True,True,True,False
train_minutes,20260817_2204,1787018640.0,45,23062417,0,True,json,success,thoth-minute-manifest/v5,t1_sleep,t1,sleep,,ok,113.10999989509583,40,40,2,0,40,400,14750400,0,False,,,,,,2,6252,3351388,1,True,True,True,False
train_minutes,20260817_2205,1787018700.0,61,31076649,0,True,json,success,thoth-minute-manifest/v5,t1_sleep,t1,sleep,,ok,105.71099996566772,56,56,2,0,56,560,20650560,0,False,,,,,,2,6078,3248931,1,True,True,True,False
train_minutes,20260817_2206,1787018760.0,59,30065200,1,True,json,collecting,thoth-minute-manifest/v4,t1_sleep,t1,sleep,,ok,58.0,58,53,1,0,53,530,19544280,0,False,,,,,,2,6298,3374679,1,True,True,True,False
train_minutes,20260817_2207,1787018820.0,49,24436181,0,True,json,success,thoth-minute-manifest/v5,t1_sleep,t1,sleep,,ok,108.16499996185303,44,44,2,0,44,440,16225440,0,False,,,,,,2,5164,2769746,1,True,True,True,False
train_minutes,20260817_2208,1787018880.0,62,32026146,0,True,json,success,thoth-minute-manifest/v5,t1_sleep,t1,sleep,,ok,130.92899990081787,57,57,3,0,57,570,21019320,0,False,,,,,,2,6179,3326755,1,True,True,True,False
train_minutes,20260817_2209,1787018940.0,55,22204686,0,True,json,collecting,thoth-minute-manifest/v5,t1_sleep,t1,sleep,,ok,156.05599999427795,50,50,2,1,50,500,18438000,0,False,,,,,,2,6492,3481911,1,True,True,True,False
train_minutes,20260817_2210,1787019000.0,60,29756302,0,True,json,success,thoth-minute-manifest/v5,t1_sleep,t1,sleep,,ok,149.30299997329712,55,55,2,0,55,550,20281800,0,False,,,,,,2,6219,3337118,1,True,True,True,False
train_minutes,20260817_2211,1787019060.0,10,6400871,0,True,json,success,thoth-minute-manifest/v5,t1_sleep,t1,sleep,,ok,60.53399991989136,5,5,2,0,5,50,1843800,0,False,,,,,,2,5935,3185228,2,True,True,True,False
train_minutes,20260817_2212,1787019120.0,56,27691404,0,True,json,success,thoth-minute-manifest/v5,t1_sleep,t1,sleep,,ok,91.27099990844727,51,51,2,0,51,510,18806760,0,False,,,,,,2,5741,3085133,2,True,True,True,False
train_minutes,20260817_2213,1787019180.0,59,29717772,0,True,json,success,thoth-minute-manifest/v5,t1_sleep,t1,sleep,,ok,135.27300000190735,54,54,1,0,54,540,19913040,0,False,,,,,,2,7010,3762026,2,True,True,True,False
train_minutes,20260817_2214,1787019240.0,55,27554740,0,True,json,collecting,thoth-minute-manifest/v4,t1_sleep,t1,sleep,,ok,58.0,58,50,1,1,50,500,18438000,0,False,,,,,,2,5989,3211820,2,True,True,True,False
train_minutes,20260817_2215,1787019300.0,48,24009813,0,True,json,success,thoth-minute-manifest/v5,t1_sleep,t1,sleep,,ok,113.20000004768372,43,43,2,0,43,430,15856680,0,False,,,,,,2,5887,3159722,1,True,True,True,False
train_minutes,20260817_2216,1787019360.0,62,24366612,0,True,json,partial,thoth-minute-manifest/v5,t1_sleep,t1,sleep,,ok,150.77699995040894,57,57,2,1,57,570,21019320,0,False,,,,,,2,5787,3108266,1,True,True,True,False
train_minutes,20260817_2217,1787019420.0,58,28818710,0,True,json,success,thoth-minute-manifest/v5,t1_sleep,t1,sleep,,ok,115.12100005149841,53,53,2,0,53,530,19544280,0,False,,,,,,2,6205,3327743,1,True,True,True,False
train_minutes,20260817_2218,1787019480.0,34,17888127,0,True,json,success,thoth-minute-manifest/v5,t1_sleep,t1,sleep,,ok,58.967000007629395,29,29,2,0,29,290,10694040,0,False,,,,,,2,6586,3535078,2,True,True,True,False
train_minutes,20260817_2219,1787019540.0,53,26533294,0,True,json,success,thoth-minute-manifest/v5,t1_sleep,t1,sleep,,ok,94.99699997901917,48,48,2,0,48,480,17700480,0,False,,,,,,2,6028,3231190,1,True,True,True,False
train_minutes,20260817_2220,1787019600.0,61,30387896,0,True,json,success,thoth-minute-manifest/v5,t1_sleep,t1,sleep,,ok,72.79800009727478,56,56,1,0,56,560,20650560,0,False,,,,,,2,6371,3418285,2,True,True,True,False
train_minutes,20260817_2221,1787019660.0,58,28964076,0,True,json,success,thoth-minute-manifest/v5,t1_sleep,t1,sleep,,ok,144.41799998283386,53,53,1,0,53,530,19544280,0,False,,,,,,2,6449,3473107,2,True,True,True,False
train_minutes,20260817_2222,1787019720.0,46,23105421,0,True,json,success,thoth-minute-manifest/v5,t1_sleep,t1,sleep,,ok,103.46000003814697,41,41,1,0,41,410,15119160,0,False,,,,,,2,5902,3183524,2,True,True,True,False
train_minutes,20260817_2223,1787019780.0,11,7311477,0,True,json,success,thoth-minute-manifest/v5,t1_sleep,t1,sleep,,ok,58.76699995994568,6,6,1,0,6,60,2212560,0,False,,,,,,2,6750,3632406,2,True,True,True,False
train_minutes,20260817_2224,1787019840.0,62,31402958,0,True,json,success,thoth-minute-manifest/v5,t1_sleep,t1,sleep,,ok,60.765000104904175,57,57,2,0,57,570,21019320,0,False,,,,,,2,7525,4055344,2,True,True,True,False
train_minutes,20260817_2225,1787019900.0,62,31393647,0,True,json,success,thoth-minute-manifest/v5,t1_sleep,t1,sleep,,ok,81.09299993515015,57,57,2,0,57,570,21019320,0,False,,,,,,2,7508,4045888,1,True,True,True,False
train_minutes,20260817_2226,1787019960.0,59,29242527,0,True,json,success,thoth-minute-manifest/v5,t1_sleep,t1,sleep,,ok,146.0130000114441,54,54,2,0,54,540,19913040,0,False,,,,,,2,6110,3287376,1,True,True,True,False
train_minutes,20260817_2227,1787020020.0,44,22336624,0,True,json,success,thoth-minute-manifest/v5,t1_sleep,t1,sleep,,ok,89.35199999809265,39,39,1,0,39,390,14381640,0,False,,,,,,2,6202,3343148,2,True,True,True,False
train_minutes,20260817_2228,1787020080.0,9,6651716,0,True,json,success,thoth-minute-manifest/v5,t1_sleep,t1,sleep,,ok,58.76699995994568,4,4,3,0,4,40,1475040,0,False,,,,,,2,7248,3900677,1,True,True,True,False
train_minutes,20260817_2229,1787020140.0,62,31243291,0,True,json,success,thoth-minute-manifest/v5,t1_sleep,t1,sleep,,ok,65.7720000743866,57,57,1,0,57,570,21019320,0,False,,,,,,2,7231,3895783,2,True,True,True,False
train_minutes,20260817_2230,1787020200.0,56,28777721,0,True,json,success,thoth-minute-manifest/v5,t1_sleep,t1,sleep,,ok,131.25500011444092,51,51,1,0,51,510,18806760,0,False,,,,,,2,6182,3331775,2,True,True,True,False
train_minutes,20260817_2231,1787020260.0,60,29562181,0,True,json,success,thoth-minute-manifest/v5,t1_sleep,t1,sleep,,ok,93.92000007629395,55,55,2,0,55,550,20281800,0,False,,,,,,2,5583,3007658,1,True,True,True,False
train_minutes,20260817_2232,1787020320.0,10,7077483,0,True,json,success,thoth-minute-manifest/v5,t1_sleep,t1,sleep,,ok,58.763999938964844,5,5,3,0,5,50,1843800,0,False,,,,,,2,7169,3862349,1,True,True,True,False
train_minutes,20260817_2233,1787020380.0,62,32450780,0,True,json,success,thoth-minute-manifest/v5,t1_sleep,t1,sleep,,ok,59.85599994659424,57,57,3,0,57,570,21019320,0,False,,,,,,2,7442,4012680,1,True,True,True,False
train_minutes,20260817_2234,1787020440.0,62,31241370,0,True,json,success,thoth-minute-manifest/v5,t1_sleep,t1,sleep,,ok,151.3880000114441,57,57,3,0,57,570,21019320,0,False,,,,,,2,6455,3480715,1,True,True,True,False
train_minutes,20260817_2235,1787020500.0,56,28159177,0,True,json,success,thoth-minute-manifest/v5,t1_sleep,t1,sleep,,ok,144.73399996757507,51,51,2,0,51,510,18806760,0,False,,,,,,2,6318,3394015,1,True,True,True,False
train_minutes,20260817_2236,1787020560.0,51,26249616,0,True,json,success,thoth-minute-manifest/v5,t1_sleep,t1,sleep,,ok,96.21099996566772,46,46,2,0,46,460,16962960,0,False,,,,,,2,5737,3089383,1,True,True,True,False
train_minutes,20260817_2237,1787020620.0,18,11091517,0,True,json,success,thoth-minute-manifest/v5,t1_sleep,t1,sleep,,ok,58.88100004196167,13,13,1,0,13,130,4793880,0,False,,,,,,2,6387,3442075,2,True,True,True,False
train_minutes,20260817_2238,1787020680.0,61,34515333,0,True,json,success,thoth-minute-manifest/v5,t1_sleep,t1,sleep,,ok,109.8420000076294,56,56,2,0,56,560,20650560,0,False,,,,,,2,7055,3797683,1,True,True,True,False
train_minutes,20260817_2239,1787020740.0,55,28620089,0,True,json,success,thoth-minute-manifest/v5,t1_sleep,t1,sleep,,ok,149.70499992370605,50,50,2,0,50,500,18438000,0,False,,,,,,2,6767,3641259,1,True,True,True,False
train_minutes,20260817_2240,1787020800.0,54,27101636,0,True,json,success,thoth-minute-manifest/v5,t1_sleep,t1,sleep,,ok,108.94600009918213,49,49,2,0,49,490,18069240,0,False,,,,,,2,5651,3042631,1,True,True,True,False
train_minutes,20260817_2241,1787020860.0,61,30146991,0,True,json,success,thoth-minute-manifest/v5,t1_sleep,t1,sleep,,ok,108.12899994850159,56,56,2,0,56,560,20650560,0,False,,,,,,2,5837,3150485,1,True,True,True,False
train_minutes,20260817_2242,1787020920.0,62,33000060,0,True,json,collecting,thoth-minute-manifest/v4,t1_sleep,t1,sleep,,ok,58.0,58,57,1,1,57,570,21019320,0,False,,,,,,2,6415,3464543,1,True,True,True,False
train_minutes,20260817_2243,1787020980.0,59,27585004,1,True,json,collecting,thoth-minute-manifest/v4,t1_sleep,t1,sleep,,ok,58.0,58,53,1,0,53,530,19544280,0,False,,,,,,2,6058,3272575,1,True,True,True,False
train_minutes,20260817_2244,1787021040.0,39,19228669,0,True,json,success,thoth-minute-manifest/v5,t1_sleep,t1,sleep,,ok,99.71799993515015,34,34,2,0,34,340,12537840,0,False,,,,,,2,4721,2554801,1,True,True,True,False
train_minutes,20260817_2245,1787021100.0,30,16156575,0,True,json,success,thoth-minute-manifest/v5,t1_sleep,t1,sleep,,ok,58.94000005722046,25,25,2,0,25,250,9219000,0,False,,,,,,2,6778,3660059,2,True,True,True,False
train_minutes,20260817_2246,1787021160.0,62,31112449,0,True,json,success,thoth-minute-manifest/v5,t1_sleep,t1,sleep,,ok,92.02999997138977,57,57,3,0,57,570,21019320,0,False,,,,,,2,6975,3764385,1,True,True,True,False
train_minutes,20260817_2247,1787021220.0,49,24390964,0,True,json,success,thoth-minute-manifest/v5,t1_sleep,t1,sleep,,ok,117.70099997520447,44,44,2,0,44,440,16225440,0,False,,,,,,2,5876,3171927,1,True,True,True,False
train_minutes,20260817_2248,1787021280.0,43,22870422,0,True,json,success,thoth-minute-manifest/v5,t1_sleep,t1,sleep,,ok,66.66400003433228,38,38,3,0,38,380,14012880,0,False,,,,,,2,6150,3321502,1,True,True,True,False
train_minutes,20260817_2249,1787021340.0,62,30807083,0,True,json,success,thoth-minute-manifest/v5,t1_sleep,t1,sleep,,ok,112.01500010490417,57,57,3,0,57,570,21019320,0,False,,,,,,2,6409,3459522,1,True,True,True,False
train_minutes,20260817_2250,1787021400.0,62,32702288,0,True,json,collecting,thoth-minute-manifest/v4,t1_sleep,t1,sleep,,ok,58.0,58,57,2,1,57,570,21019320,0,False,,,,,,2,6362,3433806,1,True,True,True,False
train_minutes,20260817_2251,1787021460.0,56,27796061,0,True,json,success,thoth-minute-manifest/v5,t1_sleep,t1,sleep,,ok,119.02699995040894,51,51,2,0,51,510,18806760,0,False,,,,,,2,5994,3233333,1,True,True,True,False
train_minutes,20260817_2252,1787021520.0,61,24079903,0,True,json,partial,thoth-minute-manifest/v5,t1_sleep,t1,sleep,,ok,154.7130000591278,56,56,2,1,56,560,20650560,0,False,,,,,,2,5919,3192506,1,True,True,True,False
train_minutes,20260817_2253,1787021580.0,49,24713846,0,True,json,success,thoth-minute-manifest/v5,t1_sleep,t1,sleep,,ok,125.74799990653992,44,44,2,0,44,440,16225440,0,False,,,,,,2,6302,3399686,1,True,True,True,False
train_minutes,20260817_2254,1787021640.0,60,23744987,0,True,json,partial,thoth-minute-manifest/v5,t1_sleep,t1,sleep,,ok,151.4079999923706,55,55,2,1,55,550,20281800,0,False,,,,,,2,6015,3241204,1,True,True,True,False
train_minutes,20260817_2255,1787021700.0,46,23018219,0,True,json,success,thoth-minute-manifest/v5,t1_sleep,t1,sleep,,ok,114.09499979019165,41,41,2,0,41,410,15119160,0,False,,,,,,2,5733,3095560,1,True,True,True,False
train_minutes,20260817_2256,1787021760.0,62,30530707,1,True,json,collecting,thoth-minute-manifest/v4,t1_sleep,t1,sleep,,ok,58.0,58,56,2,0,56,560,20650560,0,False,,,,,,2,6197,3349115,1,True,True,True,False
train_minutes,20260817_2257,1787021820.0,50,24686808,0,True,json,success,thoth-minute-manifest/v5,t1_sleep,t1,sleep,,ok,111.00600004196167,45,45,2,0,45,450,16594200,0,False,,,,,,2,5558,3003441,1,True,True,True,False
train_minutes,20260817_2258,1787021880.0,61,30113450,0,True,json,success,thoth-minute-manifest/v5,t1_sleep,t1,sleep,,ok,110.19799995422363,56,56,3,0,56,560,20650560,0,False,,,,,,2,5971,3229911,1,True,True,True,False
train_minutes,20260817_2259,1787021940.0,50,25032869,0,True,json,success,thoth-minute-manifest/v5,t1_sleep,t1,sleep,,ok,101.66700005531311,45,45,2,0,45,450,16594200,0,False,,,,,,2,6027,3254653,1,True,True,True,False
train_minutes,20260817_2300,1787022000.0,62,30755864,0,True,json,success,thoth-minute-manifest/v5,t1_sleep,t1,sleep,,ok,81.61100006103516,57,57,2,0,57,570,21019320,0,False,,,,,,2,6335,3408181,1,True,True,True,False
train_minutes,20260817_2301,1787022060.0,14,8534604,0,True,json,success,thoth-minute-manifest/v5,t1_sleep,t1,sleep,,ok,60.15700006484985,9,9,3,0,9,90,3318840,0,False,,,,,,2,6440,3463212,1,True,True,True,False
train_minutes,20260817_2302,1787022120.0,62,31302809,0,True,json,success,thoth-minute-manifest/v5,t1_sleep,t1,sleep,,ok,78.99600005149841,57,57,2,0,57,570,21019320,0,False,,,,,,2,7344,3955347,1,True,True,True,False
train_minutes,20260817_2303,1787022180.0,61,30678495,0,True,json,success,thoth-minute-manifest/v5,t1_sleep,t1,sleep,,ok,76.03500008583069,56,56,2,0,56,560,20650560,0,False,,,,,,2,6888,3709004,1,True,True,True,False
train_minutes,20260817_2304,1787022240.0,57,28007880,0,True,json,success,thoth-minute-manifest/v5,t1_sleep,t1,sleep,,ok,98.97900009155273,52,52,2,0,52,520,19175520,0,False,,,,,,2,5536,2980360,1,True,True,True,False
train_minutes,20260817_2305,1787022300.0,58,28902597,0,True,json,success,thoth-minute-manifest/v5,t1_sleep,t1,sleep,,ok,123.24300003051758,53,53,2,0,53,530,19544280,0,False,,,,,,2,6468,3487301,1,True,True,True,False
train_minutes,20260817_2306,1787022360.0,53,26010992,0,True,json,success,thoth-minute-manifest/v5,t1_sleep,t1,sleep,,ok,100.54500007629395,48,48,2,0,48,480,17700480,0,False,,,,,,2,5283,2840430,2,True,True,True,False
train_minutes,20260817_2307,1787022420.0,55,27175257,0,True,json,success,thoth-minute-manifest/v5,t1_sleep,t1,sleep,,ok,128.3090000152588,50,50,2,0,50,500,18438000,0,False,,,,,,2,5707,3076360,1,True,True,True,False
train_minutes,20260817_2308,1787022480.0,55,27644990,0,True,json,success,thoth-minute-manifest/v5,t1_sleep,t1,sleep,,ok,115.85500001907349,50,50,2,0,50,500,18438000,0,False,,,,,,2,6594,3546268,1,True,True,True,False
train_minutes,20260817_2309,1787022540.0,62,30724908,0,True,json,success,thoth-minute-manifest/v5,t1_sleep,t1,sleep,,ok,130.44199991226196,57,57,2,0,57,570,21019320,0,False,,,,,,2,6261,3377577,1,True,True,True,False
train_minutes,20260817_2310,1787022600.0,46,23117331,0,True,json,success,thoth-minute-manifest/v5,t1_sleep,t1,sleep,,ok,83.50999999046326,41,41,2,0,41,410,15119160,0,False,,,,,,2,5935,3195479,1,True,True,True,False
train_minutes,20260817_2311,1787022660.0,10,6980808,0,True,json,success,thoth-minute-manifest/v5,t1_sleep,t1,sleep,,ok,58.76099991798401,5,5,3,0,5,50,1843800,0,False,,,,,,2,6989,3765650,1,True,True,True,False
train_minutes,20260817_2312,1787022720.0,62,31297492,0,True,json,success,thoth-minute-manifest/v5,t1_sleep,t1,sleep,,ok,111.12899994850159,57,57,1,0,57,570,21019320,0,False,,,,,,2,6643,3576338,2,True,True,True,False
train_minutes,20260817_2313,1787022780.0,62,32110156,0,True,json,success,thoth-minute-manifest/v5,t1_sleep,t1,sleep,,ok,98.14599990844727,57,57,3,0,57,570,21019320,0,False,,,,,,2,6396,3444751,1,True,True,True,False
train_minutes,20260817_2314,1787022840.0,54,27375908,0,True,json,success,thoth-minute-manifest/v5,t1_sleep,t1,sleep,,ok,120.93400001525879,49,49,2,0,49,490,18069240,0,False,,,,,,2,6385,3437896,1,True,True,True,False
train_minutes,20260817_2315,1787022900.0,62,30836237,0,True,json,success,thoth-minute-manifest/v5,t1_sleep,t1,sleep,,ok,139.0920000076294,57,57,3,0,57,570,21019320,0,False,,,,,,2,6508,3488496,1,True,True,True,False
train_minutes,20260817_2316,1787022960.0,39,19958657,0,True,json,success,thoth-minute-manifest/v5,t1_sleep,t1,sleep,,ok,84.81900000572205,34,34,2,0,34,340,12537840,0,False,,,,,,2,6139,3284591,1,True,True,True,False
train_minutes,20260817_2317,1787023020.0,62,30554172,0,True,json,success,thoth-minute-manifest/v5,t1_sleep,t1,sleep,,ok,76.20900011062622,57,57,3,0,57,570,21019320,0,False,,,,,,2,5995,3205742,1,True,True,True,False
train_minutes,20260817_2318,1787023080.0,60,32298753,0,True,json,success,thoth-minute-manifest/v5,t1_sleep,t1,sleep,,ok,125.55999994277954,55,55,2,0,55,550,20281800,0,False,,,,,,2,6409,3445363,1,True,True,True,False
train_minutes,20260817_2319,1787023140.0,55,26872457,0,True,json,success,thoth-minute-manifest/v5,t1_sleep,t1,sleep,,ok,104.56900000572205,50,50,3,0,50,500,18438000,0,False,,,,,,2,5163,2773505,1,True,True,True,False
train_minutes,20260817_2320,1787023200.0,18,10188329,0,True,json,success,thoth-minute-manifest/v5,t1_sleep,t1,sleep,,ok,58.962000131607056,13,13,3,0,13,130,4793880,0,False,,,,,,2,6069,3260536,1,True,True,True,False
train_minutes,20260817_2321,1787023260.0,62,30957117,0,True,json,success,thoth-minute-manifest/v5,t1_sleep,t1,sleep,,ok,68.43099999427795,57,57,3,0,57,570,21019320,0,False,,,,,,2,6723,3609601,1,True,True,True,False
train_minutes,20260817_2322,1787023320.0,62,30918411,0,True,json,success,thoth-minute-manifest/v5,t1_sleep,t1,sleep,,ok,132.63899993896484,57,57,3,0,57,570,21019320,0,False,,,,,,2,6650,3570941,1,True,True,True,False
train_minutes,20260817_2323,1787023380.0,41,20840548,0,True,json,success,thoth-minute-manifest/v5,t1_sleep,t1,sleep,,ok,94.86899995803833,36,36,2,0,36,360,13275360,0,False,,,,,,2,6022,3239007,1,True,True,True,False
train_minutes,20260817_2324,1787023440.0,24,14981042,0,True,json,success,thoth-minute-manifest/v5,t1_sleep,t1,sleep,,ok,59.08299994468689,19,19,3,0,19,190,7006440,0,False,,,,,,2,7316,3927099,1,True,True,True,False
train_minutes,20260817_2325,1787023500.0,55,27456502,0,True,json,success,thoth-minute-manifest/v5,t1_sleep,t1,sleep,,ok,90.78699994087219,50,50,2,0,50,500,18438000,0,False,,,,,,2,6257,3357566,1,True,True,True,False
train_minutes,20260817_2326,1787023560.0,62,30876789,0,True,json,success,thoth-minute-manifest/v5,t1_sleep,t1,sleep,,ok,68.41599988937378,57,57,3,0,57,570,21019320,0,False,,,,,,2,6576,3529070,1,True,True,True,False
train_minutes,20260817_2327,1787023620.0,61,30305976,0,True,json,success,thoth-minute-manifest/v5,t1_sleep,t1,sleep,,ok,107.21000003814697,56,56,2,0,56,560,20650560,0,False,,,,,,2,6370,3422671,1,True,True,True,False
train_minutes,20260817_2328,1787023680.0,35,18436370,0,True,json,success,thoth-minute-manifest/v5,t1_sleep,t1,sleep,,ok,59.884000062942505,30,30,3,0,30,300,11062800,0,False,,,,,,2,6734,3619201,1,True,True,True,False
train_minutes,20260817_2329,1787023740.0,62,31326734,0,True,json,success,thoth-minute-manifest/v5,t1_sleep,t1,sleep,,ok,82.6489999294281,57,57,2,0,57,570,21019320,0,False,,,,,,2,7419,3979014,1,True,True,True,False
train_minutes,20260817_2330,1787023800.0,50,25258865,0,True,json,success,thoth-minute-manifest/v5,t1_sleep,t1,sleep,,ok,127.67499995231628,45,45,2,0,45,450,16594200,0,False,,,,,,2,6485,3480519,1,True,True,True,False
train_minutes,20260817_2331,1787023860.0,61,30270250,0,True,json,success,thoth-minute-manifest/v5,t1_sleep,t1,sleep,,ok,104.48200011253357,56,56,3,0,56,560,20650560,0,False,,,,,,2,6309,3386268,1,True,True,True,False
train_minutes,20260817_2332,1787023920.0,62,30602033,0,True,json,success,thoth-minute-manifest/v5,t1_sleep,t1,sleep,,ok,78.6859998703003,57,57,2,0,57,570,21019320,0,False,,,,,,2,6066,3254156,1,True,True,True,False
train_minutes,20260817_2333,1787023980.0,61,30631173,0,True,json,success,thoth-minute-manifest/v5,t1_sleep,t1,sleep,,ok,110.58500003814697,56,56,2,0,56,560,20650560,0,False,,,,,,2,6960,3747635,1,True,True,True,False
train_minutes,20260817_2334,1787024040.0,47,23343238,0,True,json,success,thoth-minute-manifest/v5,t1_sleep,t1,sleep,,ok,139.26399993896484,42,42,2,0,42,420,15487920,0,False,,,,,,2,5488,2956464,1,True,True,True,False
train_minutes,20260817_2335,1787024100.0,39,19981025,0,True,json,success,thoth-minute-manifest/v5,t1_sleep,t1,sleep,,ok,85.5789999961853,34,34,2,0,34,340,12537840,0,False,,,,,,2,6147,3307597,1,True,True,True,False
train_minutes,20260817_2336,1787024160.0,21,11967207,0,True,json,success,thoth-minute-manifest/v5,t1_sleep,t1,sleep,,ok,58.8510000705719,16,16,3,0,16,160,5900160,0,False,,,,,,2,6772,3647143,1,True,True,True,False
train_minutes,20260817_2337,1787024220.0,62,31038589,0,True,json,success,thoth-minute-manifest/v5,t1_sleep,t1,sleep,,ok,71.29399991035461,57,57,3,0,57,570,21019320,0,False,,,,,,2,6854,3690198,1,True,True,True,False
train_minutes,20260817_2338,1787024280.0,62,24976154,0,True,json,partial,thoth-minute-manifest/v5,t1_sleep,t1,sleep,,ok,156.45499992370605,57,57,2,1,57,570,21019320,0,False,,,,,,2,6913,3719393,1,True,True,True,False
train_minutes,20260817_2339,1787024340.0,54,26829397,0,True,json,success,thoth-minute-manifest/v5,t1_sleep,t1,sleep,,ok,137.49900007247925,49,49,2,0,49,490,18069240,0,False,,,,,,2,5935,3194699,1,True,True,True,False
train_minutes,20260817_2340,1787024400.0,49,24369978,0,True,json,success,thoth-minute-manifest/v5,t1_sleep,t1,sleep,,ok,83.13599991798401,44,44,2,0,44,440,16225440,0,False,,,,,,2,5680,3055638,1,True,True,True,False
train_minutes,20260817_2341,1787024460.0,12,7709069,0,True,json,success,thoth-minute-manifest/v5,t1_sleep,t1,sleep,,ok,58.7739999294281,7,7,3,0,7,70,2581320,0,False,,,,,,2,6635,3565765,1,True,True,True,False
train_minutes,20260817_2342,1787024520.0,57,28844704,0,True,json,success,thoth-minute-manifest/v5,t1_sleep,t1,sleep,,ok,123.25999999046326,52,52,2,0,52,520,19175520,0,False,,,,,,2,7098,3817001,1,True,True,True,False
train_minutes,20260817_2343,1787024580.0,53,26353548,0,True,json,success,thoth-minute-manifest/v5,t1_sleep,t1,sleep,,ok,107.34299993515015,48,48,2,0,48,480,17700480,0,False,,,,,,2,5921,3183026,1,True,True,True,False
train_minutes,20260817_2344,1787024640.0,55,27357465,0,True,json,success,thoth-minute-manifest/v5,t1_sleep,t1,sleep,,ok,140.3199999332428,50,50,2,0,50,500,18438000,0,False,,,,,,2,6055,3257915,1,True,True,True,False
train_minutes,20260817_2345,1787024700.0,53,26521568,0,True,json,success,thoth-minute-manifest/v5,t1_sleep,t1,sleep,,ok,134.68899989128113,48,48,2,0,48,480,17700480,0,False,,,,,,2,6229,3350758,1,True,True,True,False
train_minutes,20260817_2346,1787024760.0,58,28545540,0,True,json,success,thoth-minute-manifest/v5,t1_sleep,t1,sleep,,ok,120.57100009918213,53,53,3,0,53,530,19544280,0,False,,,,,,2,5676,3054339,1,True,True,True,False
train_minutes,20260817_2347,1787024820.0,61,30069960,0,True,json,success,thoth-minute-manifest/v5,t1_sleep,t1,sleep,,ok,114.40400004386902,56,56,2,0,56,560,20650560,0,False,,,,,,2,5914,3185665,1,True,True,True,False
train_minutes,20260817_2348,1787024880.0,62,30808141,0,True,json,success,thoth-minute-manifest/v5,t1_sleep,t1,sleep,,ok,151.15000009536743,57,57,2,0,57,570,21019320,0,False,,,,,,2,6438,3460474,1,True,True,True,False
train_minutes,20260817_2349,1787024940.0,48,24302798,0,True,json,success,thoth-minute-manifest/v5,t1_sleep,t1,sleep,,ok,121.1010000705719,43,43,2,0,43,430,15856680,0,False,,,,,,2,6421,3452553,1,True,True,True,False
train_minutes,20260817_2350,1787025000.0,29,15174063,0,True,json,success,thoth-minute-manifest/v5,t1_sleep,t1,sleep,,ok,62.507999897003174,24,24,2,0,24,240,8850240,0,False,,,,,,2,5841,3141399,1,True,True,True,False
train_minutes,20260817_2351,1787025060.0,62,31230271,0,True,json,success,thoth-minute-manifest/v5,t1_sleep,t1,sleep,,ok,63.36199998855591,57,57,3,0,57,570,21019320,0,False,,,,,,2,7217,3882584,1,True,True,True,False
train_minutes,20260817_2352,1787025120.0,60,30033600,0,True,json,success,thoth-minute-manifest/v5,t1_sleep,t1,sleep,,ok,118.56900000572205,55,55,2,0,55,550,20281800,0,False,,,,,,2,6707,3614375,1,True,True,True,False
train_minutes,20260817_2353,1787025180.0,62,30816204,0,True,json,success,thoth-minute-manifest/v5,t1_sleep,t1,sleep,,ok,98.30900001525879,57,57,3,0,57,570,21019320,0,False,,,,,,2,6425,3468307,1,True,True,True,False
train_minutes,20260817_2354,1787025240.0,58,22977498,0,True,json,partial,thoth-minute-manifest/v5,t1_sleep,t1,sleep,,ok,154.57500004768372,53,53,2,1,53,530,19544280,0,False,,,,,,2,5943,3207252,1,True,True,True,False
train_minutes,20260817_2355,1787025300.0,42,21052912,0,True,json,success,thoth-minute-manifest/v5,t1_sleep,t1,sleep,,ok,111.34899997711182,37,37,2,0,37,370,13644120,0,False,,,,,,2,5535,2987313,1,True,True,True,False
train_minutes,20260817_2356,1787025360.0,62,30625553,0,True,json,success,thoth-minute-manifest/v5,t1_sleep,t1,sleep,,ok,88.3420000076294,57,57,3,0,57,570,21019320,0,False,,,,,,2,6055,3277953,1,True,True,True,False
train_minutes,20260817_2357,1787025420.0,62,30767481,0,True,json,success,thoth-minute-manifest/v5,t1_sleep,t1,sleep,,ok,93.61199998855591,57,57,3,0,57,570,21019320,0,False,,,,,,2,6326,3419706,1,True,True,True,False
train_minutes,20260817_2358,1787025480.0,62,30799040,0,True,json,success,thoth-minute-manifest/v5,t1_sleep,t1,sleep,,ok,138.09699988365173,57,57,2,0,57,570,21019320,0,False,,,,,,2,6386,3451602,1,True,True,True,False
train_minutes,20260817_2359,1787025540.0,43,21602034,0,True,json,success,thoth-minute-manifest/v5,t1_sleep,t1,sleep,,ok,84.13800001144409,38,38,2,0,38,380,14012880,0,False,,,,,,2,5689,3072293,1,True,True,True,False
train_minutes,20260818_0000,1787025600.0,9,5789455,0,True,json,success,thoth-minute-manifest/v5,t1_sleep,t1,sleep,,ok,59.48799991607666,4,4,3,0,4,40,1475040,0,False,,,,,,2,5610,3038368,1,True,True,True,False
train_minutes,20260818_0001,1787025660.0,62,31424549,0,True,json,success,thoth-minute-manifest/v5,t1_sleep,t1,sleep,,ok,61.58200001716614,57,57,3,0,57,570,21019320,0,False,,,,,,2,7536,4076983,1,True,True,True,False
train_minutes,20260818_0002,1787025720.0,62,31022074,0,True,json,success,thoth-minute-manifest/v5,t1_sleep,t1,sleep,,ok,136.7279999256134,57,57,3,0,57,570,21019320,0,False,,,,,,2,6797,3674473,1,True,True,True,False
train_minutes,20260818_0003,1787025780.0,53,26396376,0,True,json,success,thoth-minute-manifest/v5,t1_sleep,t1,sleep,,ok,137.5329999923706,48,48,2,0,48,480,17700480,0,False,,,,,,2,6148,3320549,1,True,True,True,False
train_minutes,20260818_0004,1787025840.0,9,6231897,0,True,json,success,thoth-minute-manifest/v5,t1_sleep,t1,sleep,,ok,61.507999897003174,4,4,3,0,4,40,1475040,0,False,,,,,,2,6451,3480219,1,True,True,True,False
train_minutes,20260818_0005,1787025900.0,62,31114075,0,True,json,success,thoth-minute-manifest/v5,t1_sleep,t1,sleep,,ok,59.181999921798706,57,57,3,0,57,570,21019320,0,False,,,,,,2,6964,3766388,1,True,True,True,False
train_minutes,20260818_0006,1787025960.0,62,30937690,0,True,json,success,thoth-minute-manifest/v5,t1_sleep,t1,sleep,,ok,117.58100008964539,57,57,3,0,57,570,21019320,0,False,,,,,,2,6631,3589311,1,True,True,True,False
train_minutes,20260818_0007,1787026020.0,56,27692280,0,True,json,success,thoth-minute-manifest/v5,t1_sleep,t1,sleep,,ok,152.56500005722046,51,51,2,0,51,510,18806760,0,False,,,,,,2,5973,3223776,1,True,True,True,False
train_minutes,20260818_0008,1787026080.0,49,24564198,0,True,json,success,thoth-minute-manifest/v5,t1_sleep,t1,sleep,,ok,106.16899991035461,44,44,2,0,44,440,16225440,0,False,,,,,,2,6017,3250013,1,True,True,True,False
train_minutes,20260818_0009,1787026140.0,29,15476574,0,True,json,success,thoth-minute-manifest/v5,t1_sleep,t1,sleep,,ok,59.47499990463257,24,24,3,0,24,240,8850240,0,False,,,,,,2,6373,3443841,1,True,True,True,False
train_minutes,20260818_0010,1787026200.0,62,31328620,0,True,json,success,thoth-minute-manifest/v5,t1_sleep,t1,sleep,,ok,106.11400008201599,57,57,2,0,57,570,21019320,0,False,,,,,,2,7362,3980864,1,True,True,True,False
train_minutes,20260818_0011,1787026260.0,35,18107157,0,True,json,success,thoth-minute-manifest/v5,t1_sleep,t1,sleep,,ok,107.39800000190735,30,30,2,0,30,300,11062800,0,False,,,,,,2,6101,3289498,1,True,True,True,False
train_minutes,20260818_0012,1787026320.0,62,30617197,0,True,json,success,thoth-minute-manifest/v5,t1_sleep,t1,sleep,,ok,87.3989999294281,57,57,3,0,57,570,21019320,0,False,,,,,,2,6075,3269575,1,True,True,True,False
train_minutes,20260818_0013,1787026380.0,62,30748538,0,True,json,success,thoth-minute-manifest/v5,t1_sleep,t1,sleep,,ok,118.64299988746643,57,57,3,0,57,570,21019320,0,False,,,,,,2,6313,3400180,1,True,True,True,False
train_minutes,20260818_0014,1787026440.0,54,26645589,0,True,json,success,thoth-minute-manifest/v5,t1_sleep,t1,sleep,,ok,79.39499998092651,49,49,3,0,49,490,18069240,0,False,,,,,,2,5587,3010799,1,True,True,True,False
train_minutes,20260818_0015,1787026500.0,10,6676854,0,True,json,success,thoth-minute-manifest/v5,t1_sleep,t1,sleep,,ok,59.7960000038147,5,5,3,0,5,50,1843800,0,False,,,,,,2,6426,3461700,1,True,True,True,False
train_minutes,20260818_0016,1787026560.0,62,33457190,0,True,json,success,thoth-minute-manifest/v5,t1_sleep,t1,sleep,,ok,61.312999963760376,57,57,3,0,57,570,21019320,0,False,,,,,,2,7509,4047965,1,True,True,True,False
train_minutes,20260818_0017,1787026620.0,62,30954550,0,True,json,success,thoth-minute-manifest/v5,t1_sleep,t1,sleep,,ok,114.40100002288818,57,57,2,0,57,570,21019320,0,False,,,,,,2,6681,3606620,1,True,True,True,False
train_minutes,20260818_0018,1787026680.0,53,26584346,0,True,json,success,thoth-minute-manifest/v5,t1_sleep,t1,sleep,,ok,141.9170000553131,48,48,2,0,48,480,17700480,0,False,,,,,,2,6333,3413258,1,True,True,True,False
train_minutes,20260818_0019,1787026740.0,37,19088494,0,True,json,success,thoth-minute-manifest/v5,t1_sleep,t1,sleep,,ok,84.95300006866455,32,32,2,0,32,320,11800320,0,False,,,,,,2,5116,2758065,1,True,True,True,False
train_minutes,20260818_0020,1787026800.0,12,7888258,0,True,json,success,thoth-minute-manifest/v5,t1_sleep,t1,sleep,,ok,58.776999950408936,7,7,3,0,7,70,2581320,0,False,,,,,,2,6943,3744959,1,True,True,True,False
train_minutes,20260818_0021,1787026860.0,62,31294067,0,True,json,success,thoth-minute-manifest/v5,t1_sleep,t1,sleep,,ok,63.78600001335144,57,57,3,0,57,570,21019320,0,False,,,,,,2,7320,3946376,1,True,True,True,False
train_minutes,20260818_0022,1787026920.0,59,29249482,0,True,json,success,thoth-minute-manifest/v5,t1_sleep,t1,sleep,,ok,145.92799997329712,54,54,2,0,54,540,19913040,0,False,,,,,,2,6114,3293504,1,True,True,True,False
train_minutes,20260818_0023,1787026980.0,49,24476228,0,True,json,success,thoth-minute-manifest/v5,t1_sleep,t1,sleep,,ok,110.68600010871887,44,44,2,0,44,440,16225440,0,False,,,,,,2,5869,3162149,1,True,True,True,False
train_minutes,20260818_0024,1787027040.0,62,30553655,0,True,json,success,thoth-minute-manifest/v5,t1_sleep,t1,sleep,,ok,96.40700006484985,57,57,3,0,57,570,21019320,0,False,,,,,,2,5790,3119180,1,True,True,True,False
train_minutes,20260818_0025,1787027100.0,62,30638272,0,True,json,success,thoth-minute-manifest/v5,t1_sleep,t1,sleep,,ok,94.76999998092651,57,57,2,0,57,570,21019320,0,False,,,,,,2,6110,3290442,1,True,True,True,False
train_minutes,20260818_0026,1787027160.0,62,30810986,0,True,json,success,thoth-minute-manifest/v5,t1_sleep,t1,sleep,,ok,103.55399990081787,57,57,2,0,57,570,21019320,0,False,,,,,,2,6323,3392954,1,True,True,True,False
train_minutes,20260818_0027,1787027220.0,51,25439655,0,True,json,success,thoth-minute-manifest/v5,t1_sleep,t1,sleep,,ok,143.8199999332428,46,46,2,0,46,460,16962960,0,False,,,,,,2,5955,3196624,1,True,True,True,False
train_minutes,20260818_0028,1787027280.0,53,26343602,0,True,json,success,thoth-minute-manifest/v5,t1_sleep,t1,sleep,,ok,117.11899995803833,48,48,2,0,48,480,17700480,0,False,,,,,,2,5853,3129859,1,True,True,True,False
train_minutes,20260818_0029,1787027340.0,55,27402260,0,True,json,success,thoth-minute-manifest/v5,t1_sleep,t1,sleep,,ok,93.11700010299683,50,50,3,0,50,500,18438000,0,False,,,,,,2,6175,3303435,1,True,True,True,False
train_minutes,20260818_0030,1787027400.0,62,31066077,0,True,json,success,thoth-minute-manifest/v5,t1_sleep,t1,sleep,,ok,149.18600010871887,57,57,2,0,57,570,21019320,0,False,,,,,,2,6645,3565150,1,True,True,True,False
train_minutes,20260818_0031,1787027460.0,49,24640675,0,True,json,success,thoth-minute-manifest/v5,t1_sleep,t1,sleep,,ok,120.96799993515015,44,44,2,0,44,440,16225440,0,False,,,,,,2,6003,3221079,1,True,True,True,False
train_minutes,20260818_0032,1787027520.0,34,17683764,0,True,json,success,thoth-minute-manifest/v5,t1_sleep,t1,sleep,,ok,63.10599994659424,29,29,3,0,29,290,10694040,0,False,,,,,,2,6211,3331915,1,True,True,True,False
train_minutes,20260818_0033,1787027580.0,62,31418508,0,True,json,success,thoth-minute-manifest/v5,t1_sleep,t1,sleep,,ok,69.73099994659424,57,57,3,0,57,570,21019320,0,False,,,,,,2,7146,3838670,1,True,True,True,False
train_minutes,20260818_0034,1787027640.0,62,30826905,0,True,json,success,thoth-minute-manifest/v5,t1_sleep,t1,sleep,,ok,136.73799991607666,57,57,2,0,57,570,21019320,0,False,,,,,,2,6387,3427588,1,True,True,True,False
train_minutes,20260818_0035,1787027700.0,43,21984197,0,True,json,success,thoth-minute-manifest/v5,t1_sleep,t1,sleep,,ok,84.36800003051758,38,38,2,0,38,380,14012880,0,False,,,,,,2,5985,3212051,1,True,True,True,False
train_minutes,20260818_0036,1787027760.0,20,11433935,0,True,json,success,thoth-minute-manifest/v5,t1_sleep,t1,sleep,,ok,58.99399995803833,15,15,3,0,15,150,5531400,0,False,,,,,,2,6670,3578020,1,True,True,True,False
train_minutes,20260818_0037,1787027820.0,62,33430932,0,True,json,success,thoth-minute-manifest/v5,t1_sleep,t1,sleep,,ok,70.46199989318848,57,57,3,0,57,570,21019320,0,False,,,,,,2,6858,3683302,1,True,True,True,False
train_minutes,20260818_0038,1787027880.0,61,30904500,0,True,json,success,thoth-minute-manifest/v5,t1_sleep,t1,sleep,,ok,109.51399993896484,56,56,2,0,56,560,20650560,0,False,,,,,,2,6940,3719956,1,True,True,True,False
train_minutes,20260818_0039,1787027940.0,46,23665171,0,True,json,success,thoth-minute-manifest/v5,t1_sleep,t1,sleep,,ok,105.72499990463257,41,41,2,0,41,410,15119160,0,False,,,,,,2,6196,3322260,1,True,True,True,False
train_minutes,20260818_0040,1787028000.0,62,33900159,0,True,json,success,thoth-minute-manifest/v5,t1_sleep,t1,sleep,,ok,91.56100010871887,57,57,1,0,57,570,21019320,0,False,,,,,,2,6289,3371045,2,True,True,True,False
train_minutes,20260818_0041,1787028060.0,61,30471289,0,True,json,success,thoth-minute-manifest/v5,t1_sleep,t1,sleep,,ok,101.0329999923706,56,56,2,0,56,560,20650560,0,False,,,,,,2,6531,3501745,1,True,True,True,False
train_minutes,20260818_0042,1787028120.0,62,32862193,0,True,json,success,thoth-minute-manifest/v5,t1_sleep,t1,sleep,,ok,138.59999990463257,57,57,2,0,57,570,21019320,0,False,,,,,,2,6342,3404370,1,True,True,True,False
train_minutes,20260818_0043,1787028180.0,37,20228539,0,True,json,success,thoth-minute-manifest/v5,t1_sleep,t1,sleep,,ok,85.9449999332428,32,32,2,0,32,320,11800320,0,False,,,,,,2,5953,3196807,1,True,True,True,False
train_minutes,20260818_0044,1787028240.0,17,10217219,0,True,json,success,thoth-minute-manifest/v5,t1_sleep,t1,sleep,,ok,58.84500002861023,12,12,3,0,12,120,4425120,0,False,,,,,,2,6653,3572016,1,True,True,True,False
train_minutes,20260818_0045,1787028300.0,60,30231764,0,True,json,success,thoth-minute-manifest/v5,t1_sleep,t1,sleep,,ok,104.3970000743866,55,55,2,0,55,550,20281800,0,False,,,,,,2,7064,3812422,1,True,True,True,False
train_minutes,20260818_0046,1787028360.0,52,25824394,0,True,json,success,thoth-minute-manifest/v5,t1_sleep,t1,sleep,,ok,120.51900005340576,47,47,2,0,47,470,17331720,0,False,,,,,,2,5788,3117810,1,True,True,True,False
train_minutes,20260818_0047,1787028420.0,56,28017176,0,True,json,success,thoth-minute-manifest/v5,t1_sleep,t1,sleep,,ok,99.66100001335144,51,51,3,0,51,510,18806760,0,False,,,,,,2,6244,3363221,1,True,True,True,False
train_minutes,20260818_0048,1787028480.0,62,30846029,0,True,json,success,thoth-minute-manifest/v5,t1_sleep,t1,sleep,,ok,123.42499995231628,57,57,2,0,57,570,21019320,0,False,,,,,,2,6490,3498509,1,True,True,True,False
train_minutes,20260818_0049,1787028540.0,56,22490167,0,True,json,partial,thoth-minute-manifest/v5,t1_sleep,t1,sleep,,ok,152.27500009536743,51,51,2,1,51,510,18806760,0,False,,,,,,2,6437,3470557,1,True,True,True,False
train_minutes,20260818_0050,1787028600.0,51,25653290,0,True,json,success,thoth-minute-manifest/v5,t1_sleep,t1,sleep,,ok,127.86199998855591,46,46,2,0,46,460,16962960,0,False,,,,,,2,6331,3408523,1,True,True,True,False
train_minutes,20260818_0051,1787028660.0,61,30166973,0,True,json,success,thoth-minute-manifest/v5,t1_sleep,t1,sleep,,ok,126.76500010490417,56,56,3,0,56,560,20650560,0,False,,,,,,2,5660,3052319,1,True,True,True,False
train_minutes,20260818_0052,1787028720.0,63,26148033,1,True,json,collecting,thoth-minute-manifest/v4,t1_sleep,t1,sleep,,ok,58.0,58,57,2,1,57,570,21019320,0,False,,,,,,2,5921,3194497,1,True,True,True,False
train_minutes,20260818_0053,1787028780.0,45,22616273,0,True,json,success,thoth-minute-manifest/v5,t1_sleep,t1,sleep,,ok,150.26699995994568,40,40,2,0,40,400,14750400,0,False,,,,,,2,5875,3158305,1,True,True,True,False
train_minutes,20260818_0054,1787028840.0,48,24304795,0,True,json,success,thoth-minute-manifest/v5,t1_sleep,t1,sleep,,ok,107.17600011825562,43,43,2,0,43,430,15856680,0,False,,,,,,2,6218,3345871,1,True,True,True,False
train_minutes,20260818_0055,1787028900.0,29,15914571,0,True,json,success,thoth-minute-manifest/v5,t1_sleep,t1,sleep,,ok,60.12899994850159,24,24,3,0,24,240,8850240,0,False,,,,,,2,6718,3613858,1,True,True,True,False
train_minutes,20260818_0056,1787028960.0,62,35303357,0,True,json,success,thoth-minute-manifest/v5,t1_sleep,t1,sleep,,ok,72.5699999332428,57,57,3,0,57,570,21019320,0,False,,,,,,2,7050,3800157,1,True,True,True,False
train_minutes,20260818_0057,1787029020.0,54,28986812,0,True,json,success,thoth-minute-manifest/v5,t1_sleep,t1,sleep,,ok,120.65599989891052,49,49,2,0,49,490,18069240,0,False,,,,,,2,6373,3430184,1,True,True,True,False
train_minutes,20260818_0058,1787029080.0,62,30604107,0,True,json,success,thoth-minute-manifest/v5,t1_sleep,t1,sleep,,ok,125.22099995613098,57,57,3,0,57,570,21019320,0,False,,,,,,2,5882,3169709,1,True,True,True,False
train_minutes,20260818_0059,1787029140.0,55,27635838,0,True,json,success,thoth-minute-manifest/v5,t1_sleep,t1,sleep,,ok,135.91600012779236,50,50,2,0,50,500,18438000,0,False,,,,,,2,6571,3536333,1,True,True,True,False
train_minutes,20260818_0100,1787029200.0,53,26508885,0,True,json,success,thoth-minute-manifest/v5,t1_sleep,t1,sleep,,ok,112.39100003242493,48,48,3,0,48,480,17700480,0,False,,,,,,2,5438,2931039,1,True,True,True,False
train_minutes,20260818_0101,1787029260.0,13,7745692,0,True,json,success,thoth-minute-manifest/v5,t1_sleep,t1,sleep,,ok,59.325000047683716,8,8,3,0,8,80,2950080,0,False,,,,,,2,5839,3138327,1,True,True,True,False
train_minutes,20260818_0102,1787029320.0,62,31019904,0,True,json,success,thoth-minute-manifest/v5,t1_sleep,t1,sleep,,ok,60.276999950408936,57,57,3,0,57,570,21019320,0,False,,,,,,2,6818,3672289,1,True,True,True,False
train_minutes,20260818_0103,1787029380.0,60,30048139,0,True,json,success,thoth-minute-manifest/v5,t1_sleep,t1,sleep,,ok,124.49000000953674,55,55,2,0,55,550,20281800,0,False,,,,,,2,6724,3628611,1,True,True,True,False
train_minutes,20260818_0104,1787029440.0,49,24567084,0,True,json,success,thoth-minute-manifest/v5,t1_sleep,t1,sleep,,ok,76.41599988937378,44,44,2,0,44,440,16225440,0,False,,,,,,2,6021,3252783,1,True,True,True,False
train_minutes,20260818_0105,1787029500.0,10,7231643,0,True,json,success,thoth-minute-manifest/v5,t1_sleep,t1,sleep,,ok,58.770999908447266,5,5,3,0,5,50,1843800,0,False,,,,,,2,7422,4016503,1,True,True,True,False
train_minutes,20260818_0106,1787029560.0,62,31413709,0,True,json,success,thoth-minute-manifest/v5,t1_sleep,t1,sleep,,ok,109.8420000076294,57,57,3,0,57,570,21019320,0,False,,,,,,2,7223,3911683,1,True,True,True,False
train_minutes,20260818_0107,1787029620.0,45,26171739,0,True,json,success,thoth-minute-manifest/v5,t1_sleep,t1,sleep,,ok,90.6819999217987,40,40,1,0,40,400,14750400,0,False,,,,,,2,6008,3249869,2,True,True,True,False
train_minutes,20260818_0108,1787029680.0,57,29658246,0,True,json,success,thoth-minute-manifest/v5,t1_sleep,t1,sleep,,ok,120.62800002098083,52,52,2,0,52,520,19175520,0,False,,,,,,2,6267,3385088,1,True,True,True,False
train_minutes,20260818_0109,1787029740.0,62,30817495,0,True,json,success,thoth-minute-manifest/v5,t1_sleep,t1,sleep,,ok,144.2960000038147,57,57,3,0,57,570,21019320,0,False,,,,,,2,5961,3225577,1,True,True,True,False
train_minutes,20260818_0110,1787029800.0,57,22560180,0,True,json,partial,thoth-minute-manifest/v5,t1_sleep,t1,sleep,,ok,155.3550000190735,52,52,2,1,52,520,19175520,0,False,,,,,,2,5840,3165051,1,True,True,True,False
train_minutes,20260818_0111,1787029860.0,47,24219631,0,True,json,success,thoth-minute-manifest/v5,t1_sleep,t1,sleep,,ok,137.00099992752075,42,42,2,0,42,420,15487920,0,False,,,,,,2,6456,3487763,1,True,True,True,False
train_minutes,20260818_0112,1787029920.0,60,29254626,0,True,json,success,thoth-minute-manifest/v5,t1_sleep,t1,sleep,,ok,103.06500005722046,55,55,3,0,55,550,20281800,0,False,,,,,,2,5247,2835342,1,True,True,True,False
train_minutes,20260818_0113,1787029980.0,24,13691019,0,True,json,success,thoth-minute-manifest/v5,t1_sleep,t1,sleep,,ok,59.01800012588501,19,19,3,0,19,190,7006440,0,False,,,,,,2,6535,3529815,1,True,True,True,False
train_minutes,20260818_0114,1787030040.0,58,29355909,0,True,json,success,thoth-minute-manifest/v5,t1_sleep,t1,sleep,,ok,117.62700009346008,53,53,2,0,53,530,19544280,0,False,,,,,,2,6743,3648363,1,True,True,True,False
train_minutes,20260818_0115,1787030100.0,43,22012476,0,True,json,success,thoth-minute-manifest/v5,t1_sleep,t1,sleep,,ok,121.14699983596802,38,38,2,0,38,380,14012880,0,False,,,,,,2,5901,3188399,1,True,True,True,False
train_minutes,20260818_0116,1787030160.0,56,28142564,0,True,json,success,thoth-minute-manifest/v5,t1_sleep,t1,sleep,,ok,105.4670000076294,51,51,3,0,51,510,18806760,0,False,,,,,,2,5627,3045219,1,True,True,True,False
train_minutes,20260818_0117,1787030220.0,62,31344221,0,True,json,success,thoth-minute-manifest/v5,t1_sleep,t1,sleep,,ok,149.83000016212463,57,57,2,0,57,570,21019320,0,False,,,,,,2,6513,3517572,1,True,True,True,False
train_minutes,20260818_0118,1787030280.0,42,21285795,0,True,json,success,thoth-minute-manifest/v5,t1_sleep,t1,sleep,,ok,106.12100005149841,37,37,2,0,37,370,13644120,0,False,,,,,,2,5955,3220093,1,True,True,True,False
train_minutes,20260818_0119,1787030340.0,62,30851088,0,True,json,success,thoth-minute-manifest/v5,t1_sleep,t1,sleep,,ok,112.52900004386902,57,57,2,0,57,570,21019320,0,False,,,,,,2,6069,3276171,1,True,True,True,False
train_minutes,20260818_0120,1787030400.0,57,28329990,0,True,json,success,thoth-minute-manifest/v5,t1_sleep,t1,sleep,,ok,126.92199993133545,52,52,2,0,52,520,19175520,0,False,,,,,,2,6112,3302868,1,True,True,True,False
train_minutes,20260818_0121,1787030460.0,54,27720886,0,True,json,success,thoth-minute-manifest/v5,t1_sleep,t1,sleep,,ok,85.9779999256134,49,49,3,0,49,490,18069240,0,False,,,,,,2,6446,3489026,1,True,True,True,False
train_minutes,20260818_0122,1787030520.0,6,4837509,0,True,json,success,thoth-minute-manifest/v5,t1_sleep,t1,sleep,,ok,58.73900008201599,1,1,3,0,1,10,368760,0,False,,,,,,2,6435,3479841,1,True,True,True,False
train_minutes,20260818_0123,1787030580.0,62,30629436,0,True,json,success,thoth-minute-manifest/v5,t1_sleep,t1,sleep,,ok,74.11700010299683,57,57,3,0,57,570,21019320,0,False,,,,,,2,6093,3281838,1,True,True,True,False
train_minutes,20260818_0124,1787030640.0,60,30065685,0,True,json,success,thoth-minute-manifest/v5,t1_sleep,t1,sleep,,ok,108.24300003051758,55,55,2,0,55,550,20281800,0,False,,,,,,2,6773,3645800,1,True,True,True,False
train_minutes,20260818_0125,1787030700.0,44,21933485,0,True,json,success,thoth-minute-manifest/v5,t1_sleep,t1,sleep,,ok,130.09699988365173,39,39,2,0,39,390,14381640,0,False,,,,,,2,5460,2939735,1,True,True,True,False
train_minutes,20260818_0126,1787030760.0,61,30841972,0,True,json,success,thoth-minute-manifest/v5,t1_sleep,t1,sleep,,ok,93.5329999923706,56,56,2,0,56,560,20650560,0,False,,,,,,2,5969,3214429,1,True,True,True,False
train_minutes,20260818_0127,1787030820.0,9,6533777,0,True,json,success,thoth-minute-manifest/v5,t1_sleep,t1,sleep,,ok,58.77900004386902,4,4,3,0,4,40,1475040,0,False,,,,,,2,7026,3782730,1,True,True,True,False
train_minutes,20260818_0128,1787030880.0,62,31293559,0,True,json,success,thoth-minute-manifest/v5,t1_sleep,t1,sleep,,ok,63.306999921798706,57,57,3,0,57,570,21019320,0,False,,,,,,2,7328,3945818,1,True,True,True,False
train_minutes,20260818_0129,1787030940.0,58,29023694,0,True,json,success,thoth-minute-manifest/v5,t1_sleep,t1,sleep,,ok,131.1840000152588,53,53,2,0,53,530,19544280,0,False,,,,,,2,6363,3428763,1,True,True,True,False
train_minutes,20260818_0130,1787031000.0,61,32167775,1,True,json,collecting,thoth-minute-manifest/v4,t1_sleep,t1,sleep,,ok,58.0,58,55,2,1,55,550,20281800,0,False,,,,,,2,5463,2938827,1,True,True,True,False
train_minutes,20260818_0131,1787031060.0,48,24017609,0,True,json,success,thoth-minute-manifest/v5,t1_sleep,t1,sleep,,ok,103.95800018310547,43,43,2,0,43,430,15856680,0,False,,,,,,2,5879,3167475,1,True,True,True,False
train_minutes,20260818_0132,1787031120.0,60,29775087,0,True,json,success,thoth-minute-manifest/v5,t1_sleep,t1,sleep,,ok,150.6159999370575,55,55,2,0,55,550,20281800,0,False,,,,,,2,5506,2966491,1,True,True,True,False
train_minutes,20260818_0133,1787031180.0,48,24787143,0,True,json,success,thoth-minute-manifest/v5,t1_sleep,t1,sleep,,ok,153.55599999427795,43,43,2,0,43,430,15856680,0,False,,,,,,2,6119,3294896,1,True,True,True,False
train_minutes,20260818_0134,1787031240.0,41,21808144,0,True,json,success,thoth-minute-manifest/v5,t1_sleep,t1,sleep,,ok,94.3289999961853,36,36,2,0,36,360,13275360,0,False,,,,,,2,5667,3056782,1,True,True,True,False
train_minutes,20260818_0135,1787031300.0,24,13182222,0,True,json,success,thoth-minute-manifest/v5,t1_sleep,t1,sleep,,ok,59.043999910354614,19,19,3,0,19,190,7006440,0,False,,,,,,2,6441,3469899,1,True,True,True,False
train_minutes,20260818_0136,1787031360.0,62,31380864,0,True,json,success,thoth-minute-manifest/v5,t1_sleep,t1,sleep,,ok,73.98799991607666,57,57,2,0,57,570,21019320,0,False,,,,,,2,7659,4128223,1,True,True,True,False
train_minutes,20260818_0137,1787031420.0,62,30811064,0,True,json,success,thoth-minute-manifest/v5,t1_sleep,t1,sleep,,ok,147.69400000572205,57,57,2,0,57,570,21019320,0,False,,,,,,2,6432,3462903,1,True,True,True,False
train_minutes,20260818_0138,1787031480.0,50,24737694,0,True,json,success,thoth-minute-manifest/v5,t1_sleep,t1,sleep,,ok,114.65199995040894,45,45,2,0,45,450,16594200,0,False,,,,,,2,5516,2958765,1,True,True,True,False
train_minutes,20260818_0139,1787031540.0,62,30685152,0,True,json,success,thoth-minute-manifest/v5,t1_sleep,t1,sleep,,ok,112.2590000629425,57,57,3,0,57,570,21019320,0,False,,,,,,2,5435,2905297,1,True,True,True,False
train_minutes,20260818_0140,1787031600.0,62,30842765,0,True,json,success,thoth-minute-manifest/v5,t1_sleep,t1,sleep,,ok,113.87100005149841,57,57,2,0,57,570,21019320,0,False,,,,,,2,6531,3495149,1,True,True,True,False
train_minutes,20260818_0141,1787031660.0,61,23915078,1,True,json,partial,thoth-minute-manifest/v5,t1_sleep,t1,sleep,,ok,155.39299988746643,55,55,2,1,55,550,20281800,0,False,,,,,,2,6360,3412397,1,True,True,True,False
train_minutes,20260818_0142,1787031720.0,44,22093125,0,True,json,success,thoth-minute-manifest/v5,t1_sleep,t1,sleep,,ok,120.7590000629425,39,39,2,0,39,390,14381640,0,False,,,,,,2,5943,3193682,1,True,True,True,False
train_minutes,20260818_0143,1787031780.0,61,29907433,0,True,json,success,thoth-minute-manifest/v5,t1_sleep,t1,sleep,,ok,129.45700001716614,56,56,3,0,56,560,20650560,0,False,,,,,,2,5637,3023331,1,True,True,True,False
train_minutes,20260818_0144,1787031840.0,62,29557305,1,True,json,collecting,thoth-minute-manifest/v4,t1_sleep,t1,sleep,,ok,58.0,58,56,1,0,56,560,20650560,0,False,,,,,,2,6161,3306507,1,True,True,True,False
train_minutes,20260818_0145,1787031900.0,43,21486868,0,True,json,success,thoth-minute-manifest/v5,t1_sleep,t1,sleep,,ok,118.03800010681152,38,38,2,0,38,380,14012880,0,False,,,,,,2,5511,2957123,1,True,True,True,False
train_minutes,20260818_0146,1787031960.0,29,15598366,0,True,json,success,thoth-minute-manifest/v5,t1_sleep,t1,sleep,,ok,61.80900001525879,24,24,3,0,24,240,8850240,0,False,,,,,,2,6638,3565783,1,True,True,True,False
train_minutes,20260818_0147,1787032020.0,61,30575102,0,True,json,success,thoth-minute-manifest/v5,t1_sleep,t1,sleep,,ok,116.88299989700317,56,56,2,0,56,560,20650560,0,False,,,,,,2,6867,3691529,1,True,True,True,False
train_minutes,20260818_0148,1787032080.0,51,24989345,0,True,json,success,thoth-minute-manifest/v5,t1_sleep,t1,sleep,,ok,95.53900003433228,46,46,2,0,46,460,16962960,0,False,,,,,,2,5116,2746786,1,True,True,True,False
train_minutes,20260818_0149,1787032140.0,52,25650380,0,True,json,success,thoth-minute-manifest/v5,t1_sleep,t1,sleep,,ok,108.76900005340576,47,47,2,0,47,470,17331720,0,False,,,,,,2,5489,2943788,1,True,True,True,False
train_minutes,20260818_0150,1787032200.0,48,24116849,0,True,json,success,thoth-minute-manifest/v5,t1_sleep,t1,sleep,,ok,62.30999994277954,43,43,3,0,43,430,15856680,0,False,,,,,,2,6085,3266066,1,True,True,True,False
train_minutes,20260818_0151,1787032260.0,58,29220412,0,True,json,success,thoth-minute-manifest/v5,t1_sleep,t1,sleep,,ok,94.72800016403198,53,53,2,0,53,530,19544280,0,False,,,,,,2,6967,3734119,1,True,True,True,False
train_minutes,20260818_0152,1787032320.0,46,23296543,0,True,json,success,thoth-minute-manifest/v5,t1_sleep,t1,sleep,,ok,92.25799989700317,41,41,2,0,41,410,15119160,0,False,,,,,,2,6296,3374486,1,True,True,True,False
train_minutes,20260818_0153,1787032380.0,21,12236936,0,True,json,success,thoth-minute-manifest/v5,t1_sleep,t1,sleep,,ok,58.85599994659424,16,16,3,0,16,160,5900160,0,False,,,,,,2,7306,3916822,1,True,True,True,False
train_minutes,20260818_0154,1787032440.0,54,27240887,0,True,json,success,thoth-minute-manifest/v5,t1_sleep,t1,sleep,,ok,120.1710000038147,49,49,2,0,49,490,18069240,0,False,,,,,,2,6721,3606115,1,True,True,True,False
train_minutes,20260818_0155,1787032500.0,62,30695693,0,True,json,success,thoth-minute-manifest/v5,t1_sleep,t1,sleep,,ok,90.96900010108948,57,57,2,0,57,570,21019320,0,False,,,,,,2,6250,3348177,1,True,True,True,False
train_minutes,20260818_0156,1787032560.0,60,23956836,0,True,json,collecting,thoth-minute-manifest/v5,t1_sleep,t1,sleep,,ok,152.83699989318848,55,55,2,1,55,550,20281800,0,False,,,,,,2,6274,3376277,1,True,True,True,False
train_minutes,20260818_0157,1787032620.0,45,25502636,0,True,json,success,thoth-minute-manifest/v5,t1_sleep,t1,sleep,,ok,136.41400003433228,40,40,2,0,40,400,14750400,0,False,,,,,,2,6012,3233968,1,True,True,True,False
train_minutes,20260818_0158,1787032680.0,34,17485933,0,True,json,success,thoth-minute-manifest/v5,t1_sleep,t1,sleep,,ok,76.30200004577637,29,29,2,0,29,290,10694040,0,False,,,,,,2,5817,3133074,1,True,True,True,False
train_minutes,20260818_0159,1787032740.0,9,6681391,0,True,json,success,thoth-minute-manifest/v5,t1_sleep,t1,sleep,,ok,58.75999999046326,4,4,3,0,4,40,1475040,0,False,,,,,,2,7304,3930313,1,True,True,True,False
train_minutes,20260818_0200,1787032800.0,62,31045122,0,True,json,success,thoth-minute-manifest/v5,t1_sleep,t1,sleep,,ok,64.49200010299683,57,57,3,0,57,570,21019320,0,False,,,,,,2,6859,3697641,1,True,True,True,False
train_minutes,20260818_0201,1787032860.0,62,31074362,0,True,json,success,thoth-minute-manifest/v5,t1_sleep,t1,sleep,,ok,110.45199990272522,57,57,3,0,57,570,21019320,0,False,,,,,,2,6649,3578208,1,True,True,True,False
train_minutes,20260818_0202,1787032920.0,45,22887259,0,True,json,success,thoth-minute-manifest/v5,t1_sleep,t1,sleep,,ok,119.5460000038147,40,40,2,0,40,400,14750400,0,False,,,,,,2,6370,3429451,1,True,True,True,False
train_minutes,20260818_0203,1787032980.0,62,31078432,0,True,json,success,thoth-minute-manifest/v5,t1_sleep,t1,sleep,,ok,84.34299993515015,57,57,3,0,57,570,21019320,0,False,,,,,,2,6199,3342643,1,True,True,True,False
train_minutes,20260818_0204,1787033040.0,10,6941164,0,True,json,success,thoth-minute-manifest/v5,t1_sleep,t1,sleep,,ok,58.764999866485596,5,5,3,0,5,50,1843800,0,False,,,,,,2,6919,3726024,1,True,True,True,False
train_minutes,20260818_0205,1787033100.0,62,31395933,0,True,json,success,thoth-minute-manifest/v5,t1_sleep,t1,sleep,,ok,68.15499997138977,57,57,3,0,57,570,21019320,0,False,,,,,,2,7520,4048231,1,True,True,True,False
train_minutes,20260818_0206,1787033160.0,46,23484560,0,True,json,success,thoth-minute-manifest/v5,t1_sleep,t1,sleep,,ok,101.2279999256134,41,41,2,0,41,410,15119160,0,False,,,,,,2,6617,3562230,1,True,True,True,False
train_minutes,20260818_0207,1787033220.0,62,30540067,0,True,json,success,thoth-minute-manifest/v5,t1_sleep,t1,sleep,,ok,109.67400002479553,57,57,3,0,57,570,21019320,0,False,,,,,,2,5925,3192434,1,True,True,True,False
train_minutes,20260818_0208,1787033280.0,57,28136569,0,True,json,success,thoth-minute-manifest/v5,t1_sleep,t1,sleep,,ok,83.6949999332428,52,52,2,0,52,520,19175520,0,False,,,,,,2,5759,3105414,1,True,True,True,False
train_minutes,20260818_0209,1787033340.0,11,7682188,0,True,json,success,thoth-minute-manifest/v5,t1_sleep,t1,sleep,,ok,58.776000022888184,6,6,2,0,6,60,2212560,0,False,,,,,,2,7424,4003456,1,True,True,True,False
train_minutes,20260818_0210,1787033400.0,62,31183071,0,True,json,success,thoth-minute-manifest/v5,t1_sleep,t1,sleep,,ok,105.46600008010864,57,57,3,0,57,570,21019320,0,False,,,,,,2,7101,3835518,1,True,True,True,False
train_minutes,20260818_0211,1787033460.0,46,22878752,0,True,json,success,thoth-minute-manifest/v5,t1_sleep,t1,sleep,,ok,109.84400010108948,41,41,2,0,41,410,15119160,0,False,,,,,,2,5494,2956788,1,True,True,True,False
train_minutes,20260818_0212,1787033520.0,61,30178259,0,True,json,success,thoth-minute-manifest/v5,t1_sleep,t1,sleep,,ok,122.65899991989136,56,56,2,0,56,560,20650560,0,False,,,,,,2,6123,3294907,1,True,True,True,False
train_minutes,20260818_0213,1787033580.0,45,22836512,0,True,json,success,thoth-minute-manifest/v5,t1_sleep,t1,sleep,,ok,71.52300000190735,40,40,2,0,40,400,14750400,0,False,,,,,,2,6266,3378042,1,True,True,True,False
train_minutes,20260818_0214,1787033640.0,62,30922264,0,True,json,success,thoth-minute-manifest/v5,t1_sleep,t1,sleep,,ok,142.5220000743866,57,57,3,0,57,570,21019320,0,False,,,,,,2,6628,3574202,1,True,True,True,False
train_minutes,20260818_0215,1787033700.0,42,21239922,0,True,json,success,thoth-minute-manifest/v5,t1_sleep,t1,sleep,,ok,93.47099995613098,37,37,2,0,37,370,13644120,0,False,,,,,,2,5544,2993008,1,True,True,True,False
train_minutes,20260818_0216,1787033760.0,23,12828218,0,True,json,success,thoth-minute-manifest/v5,t1_sleep,t1,sleep,,ok,58.91799998283386,18,18,3,0,18,180,6637680,0,False,,,,,,2,6623,3581000,1,True,True,True,False
train_minutes,20260818_0217,1787033820.0,62,30819649,0,True,json,success,thoth-minute-manifest/v5,t1_sleep,t1,sleep,,ok,99.55900001525879,57,57,3,0,57,570,21019320,0,False,,,,,,2,6419,3472183,1,True,True,True,False
train_minutes,20260818_0218,1787033880.0,62,30627588,0,True,json,success,thoth-minute-manifest/v5,t1_sleep,t1,sleep,,ok,87.13599991798401,57,57,3,0,57,570,21019320,0,False,,,,,,2,6069,3280145,1,True,True,True,False
train_minutes,20260818_0219,1787033940.0,60,29983904,0,True,json,success,thoth-minute-manifest/v5,t1_sleep,t1,sleep,,ok,119.60500001907349,55,55,2,0,55,550,20281800,0,False,,,,,,2,6586,3564746,1,True,True,True,False
train_minutes,20260818_0220,1787034000.0,57,28022631,0,True,json,success,thoth-minute-manifest/v5,t1_sleep,t1,sleep,,ok,109.04099988937378,52,52,3,0,52,520,19175520,0,False,,,,,,2,5545,2995029,1,True,True,True,False
train_minutes,20260818_0221,1787034060.0,62,30847309,0,True,json,success,thoth-minute-manifest/v5,t1_sleep,t1,sleep,,ok,132.8949999809265,57,57,2,0,57,570,21019320,0,False,,,,,,2,6467,3499306,1,True,True,True,False
train_minutes,20260818_0222,1787034120.0,60,29781911,0,True,json,partial,thoth-minute-manifest/v5,t1_sleep,t1,sleep,,ok,161.0569999217987,55,55,3,1,55,550,20281800,0,False,,,,,,2,6393,3456816,1,True,True,True,False
train_minutes,20260818_0223,1787034180.0,54,21413547,0,True,json,partial,thoth-minute-manifest/v5,t1_sleep,t1,sleep,,ok,154.89199995994568,49,49,2,1,49,490,18069240,0,False,,,,,,2,5797,3135666,1,True,True,True,False
train_minutes,20260818_0224,1787034240.0,35,18020286,0,True,json,success,thoth-minute-manifest/v5,t1_sleep,t1,sleep,,ok,116.02999997138977,30,30,2,0,30,300,11062800,0,False,,,,,,2,5930,3203193,1,True,True,True,False
train_minutes,20260818_0225,1787034300.0,29,14953170,0,True,json,success,thoth-minute-manifest/v5,t1_sleep,t1,sleep,,ok,66.00699996948242,24,24,3,0,24,240,8850240,0,False,,,,,,2,5407,2920450,1,True,True,True,False
train_minutes,20260818_0226,1787034360.0,62,31233937,0,True,json,success,thoth-minute-manifest/v5,t1_sleep,t1,sleep,,ok,78.90100002288818,57,57,2,0,57,570,21019320,0,False,,,,,,2,7189,3885960,1,True,True,True,False
train_minutes,20260818_0227,1787034420.0,62,30978747,0,True,json,success,thoth-minute-manifest/v5,t1_sleep,t1,sleep,,ok,119.06699991226196,57,57,3,0,57,570,21019320,0,False,,,,,,2,6715,3627709,1,True,True,True,False
train_minutes,20260818_0228,1787034480.0,46,23376003,0,True,json,success,thoth-minute-manifest/v5,t1_sleep,t1,sleep,,ok,143.74200010299683,41,41,2,0,41,410,15119160,0,False,,,,,,2,6395,3454165,1,True,True,True,False
train_minutes,20260818_0229,1787034540.0,55,26887880,0,True,json,success,thoth-minute-manifest/v5,t1_sleep,t1,sleep,,ok,98.59699988365173,50,50,2,0,50,500,18438000,0,False,,,,,,2,5160,2789275,1,True,True,True,False
train_minutes,20260818_0230,1787034600.0,25,13752979,0,True,json,success,thoth-minute-manifest/v5,t1_sleep,t1,sleep,,ok,58.894999980926514,20,20,3,0,20,200,7375200,0,False,,,,,,2,6611,3576690,1,True,True,True,False
train_minutes,20260818_0231,1787034660.0,62,31800571,0,True,json,success,thoth-minute-manifest/v5,t1_sleep,t1,sleep,,ok,86.15499997138977,57,57,3,0,57,570,21019320,0,False,,,,,,2,6939,3750058,1,True,True,True,False
train_minutes,20260818_0232,1787034720.0,55,28006891,0,True,json,success,thoth-minute-manifest/v5,t1_sleep,t1,sleep,,ok,147.78900003433228,50,50,2,0,50,500,18438000,0,False,,,,,,2,6479,3512641,1,True,True,True,False
train_minutes,20260818_0233,1787034780.0,52,26151872,0,True,json,success,thoth-minute-manifest/v5,t1_sleep,t1,sleep,,ok,98.69199991226196,47,47,2,0,47,470,17331720,0,False,,,,,,2,5822,3150718,1,True,True,True,False
train_minutes,20260818_0234,1787034840.0,19,11093460,0,True,json,success,thoth-minute-manifest/v5,t1_sleep,t1,sleep,,ok,58.84699988365173,14,14,3,0,14,140,5162640,0,False,,,,,,2,6700,3616278,1,True,True,True,False
train_minutes,20260818_0235,1787034900.0,62,31135121,0,True,json,success,thoth-minute-manifest/v5,t1_sleep,t1,sleep,,ok,105.83500003814697,57,57,3,0,57,570,21019320,0,False,,,,,,2,6826,3679109,1,True,True,True,False
train_minutes,20260818_0236,1787034960.0,54,27109122,0,True,json,success,thoth-minute-manifest/v5,t1_sleep,t1,sleep,,ok,134.8329999446869,49,49,2,0,49,490,18069240,0,False,,,,,,2,6455,3474471,1,True,True,True,False
train_minutes,20260818_0237,1787035020.0,60,29544753,0,True,json,success,thoth-minute-manifest/v5,t1_sleep,t1,sleep,,ok,143.14100003242493,55,55,2,0,55,550,20281800,0,False,,,,,,2,5811,3125655,1,True,True,True,False
train_minutes,20260818_0238,1787035080.0,51,25415485,0,True,json,success,thoth-minute-manifest/v5,t1_sleep,t1,sleep,,ok,88.03999996185303,46,46,2,0,46,460,16962960,0,False,,,,,,2,5893,3173064,1,True,True,True,False
train_minutes,20260818_0239,1787035140.0,10,6982636,0,True,json,success,thoth-minute-manifest/v5,t1_sleep,t1,sleep,,ok,58.76200008392334,5,5,3,0,5,50,1843800,0,False,,,,,,2,6982,3767507,1,True,True,True,False
train_minutes,20260818_0240,1787035200.0,62,31032574,0,True,json,success,thoth-minute-manifest/v5,t1_sleep,t1,sleep,,ok,91.82200002670288,57,57,3,0,57,570,21019320,0,False,,,,,,2,6840,3683992,1,True,True,True,False
train_minutes,20260818_0241,1787035260.0,46,23116154,0,True,json,success,thoth-minute-manifest/v5,t1_sleep,t1,sleep,,ok,107.48200011253357,41,41,2,0,41,410,15119160,0,False,,,,,,2,5929,3193625,1,True,True,True,False
train_minutes,20260818_0242,1787035320.0,62,30711289,0,True,json,success,thoth-minute-manifest/v5,t1_sleep,t1,sleep,,ok,118.6489999294281,57,57,2,0,57,570,21019320,0,False,,,,,,2,6228,3357701,1,True,True,True,False
train_minutes,20260818_0243,1787035380.0,59,29402158,0,True,json,success,thoth-minute-manifest/v5,t1_sleep,t1,sleep,,ok,122.35500001907349,54,54,2,0,54,540,19913040,0,False,,,,,,2,6317,3403914,1,True,True,True,False
train_minutes,20260818_0244,1787035440.0,62,30565778,0,True,json,success,thoth-minute-manifest/v5,t1_sleep,t1,sleep,,ok,136.66899991035461,57,57,3,0,57,570,21019320,0,False,,,,,,2,5963,3218185,1,True,True,True,False
train_minutes,20260818_0245,1787035500.0,28,14756961,0,True,json,success,thoth-minute-manifest/v5,t1_sleep,t1,sleep,,ok,75.8199999332428,23,23,3,0,23,230,8481480,0,False,,,,,,2,5924,3188359,1,True,True,True,False
train_minutes,20260818_0246,1787035560.0,9,6805772,0,True,json,success,thoth-minute-manifest/v5,t1_sleep,t1,sleep,,ok,58.763999938964844,4,4,2,0,4,40,1475040,0,False,,,,,,2,7519,4054782,1,True,True,True,False
train_minutes,20260818_0247,1787035620.0,62,30948146,0,True,json,success,thoth-minute-manifest/v5,t1_sleep,t1,sleep,,ok,95.86199998855591,57,57,3,0,57,570,21019320,0,False,,,,,,2,6679,3600510,1,True,True,True,False
train_minutes,20260818_0248,1787035680.0,61,29898252,0,True,json,success,thoth-minute-manifest/v5,t1_sleep,t1,sleep,,ok,117.85400009155273,56,56,2,0,56,560,20650560,0,False,,,,,,2,5592,3015129,1,True,True,True,False
train_minutes,20260818_0249,1787035740.0,62,24472765,0,True,json,partial,thoth-minute-manifest/v5,t1_sleep,t1,sleep,,ok,153.33400011062622,57,57,2,1,57,570,21019320,0,False,,,,,,2,5991,3222386,1,True,True,True,False
train_minutes,20260818_0250,1787035800.0,36,18520459,0,True,json,success,thoth-minute-manifest/v5,t1_sleep,t1,sleep,,ok,105.58599996566772,31,31,2,0,31,310,11431560,0,False,,,,,,2,6044,3239445,1,True,True,True,False
train_minutes,20260818_0251,1787035860.0,48,23918346,0,True,json,success,thoth-minute-manifest/v5,t1_sleep,t1,sleep,,ok,99.2590000629425,43,43,3,0,43,430,15856680,0,False,,,,,,2,5664,3024484,1,True,True,True,False
train_minutes,20260818_0252,1787035920.0,45,22966321,0,True,json,success,thoth-minute-manifest/v5,t1_sleep,t1,sleep,,ok,80.10199999809265,40,40,2,0,40,400,14750400,0,False,,,,,,2,6337,3391591,1,True,True,True,False
train_minutes,20260818_0253,1787035980.0,14,9047823,0,True,json,success,thoth-minute-manifest/v5,t1_sleep,t1,sleep,,ok,58.80900001525879,9,9,3,0,9,90,3318840,0,False,,,,,,2,7402,3976411,1,True,True,True,False
train_minutes,20260818_0254,1787036040.0,62,31098051,0,True,json,success,thoth-minute-manifest/v5,t1_sleep,t1,sleep,,ok,130.77500009536743,57,57,2,0,57,570,21019320,0,False,,,,,,2,6616,3553838,1,True,True,True,False
train_minutes,20260818_0255,1787036100.0,42,23227851,0,True,json,success,thoth-minute-manifest/v5,t1_sleep,t1,sleep,,ok,92.75699996948242,37,37,2,0,37,370,13644120,0,False,,,,,,2,6389,3421888,1,True,True,True,False
train_minutes,20260818_0256,1787036160.0,60,29961978,0,True,json,success,thoth-minute-manifest/v5,t1_sleep,t1,sleep,,ok,112.22199988365173,55,55,2,0,55,550,20281800,0,False,,,,,,2,6099,3271881,1,True,True,True,False
train_minutes,20260818_0257,1787036220.0,62,31686289,0,True,json,success,thoth-minute-manifest/v5,t1_sleep,t1,sleep,,ok,144.15300011634827,57,57,3,0,57,570,21019320,0,False,,,,,,2,5704,3064835,1,True,True,True,False
train_minutes,20260818_0258,1787036280.0,58,29516701,0,True,json,success,thoth-minute-manifest/v5,t1_sleep,t1,sleep,,ok,136.5880000591278,53,53,2,0,53,530,19544280,0,False,,,,,,2,6640,3566048,1,True,True,True,False
train_minutes,20260818_0259,1787036340.0,55,27412593,0,True,json,success,thoth-minute-manifest/v5,t1_sleep,t1,sleep,,ok,90.1010000705719,50,50,3,0,50,500,18438000,0,False,,,,,,2,5869,3148931,1,True,True,True,False
train_minutes,20260818_0300,1787036400.0,6,5062606,0,True,json,success,thoth-minute-manifest/v5,t1_sleep,t1,sleep,,ok,58.73900008201599,1,1,3,0,1,10,368760,0,False,,,,,,2,6906,3704931,1,True,True,True,False
train_minutes,20260818_0301,1787036460.0,61,30183767,0,True,json,success,thoth-minute-manifest/v5,t1_sleep,t1,sleep,,ok,81.18499994277954,56,56,3,0,56,560,20650560,0,False,,,,,,2,6151,3300396,1,True,True,True,False
train_minutes,20260818_0302,1787036520.0,20,11682965,0,True,json,success,thoth-minute-manifest/v5,t1_sleep,t1,sleep,,ok,58.859999895095825,15,15,2,0,15,150,5531400,0,False,,,,,,2,7127,3827067,1,True,True,True,False
train_minutes,20260818_0303,1787036580.0,57,28773781,0,True,json,success,thoth-minute-manifest/v5,t1_sleep,t1,sleep,,ok,92.70799994468689,52,52,2,0,52,520,19175520,0,False,,,,,,2,6977,3746883,1,True,True,True,False
train_minutes,20260818_0304,1787036640.0,20,11721081,0,True,json,success,thoth-minute-manifest/v5,t1_sleep,t1,sleep,,ok,58.85199999809265,15,15,3,0,15,150,5531400,0,False,,,,,,2,7192,3865177,1,True,True,True,False
train_minutes,20260818_0305,1787036700.0,62,31306951,0,True,json,success,thoth-minute-manifest/v5,t1_sleep,t1,sleep,,ok,103.87199997901917,57,57,3,0,57,570,21019320,0,False,,,,,,2,7377,3959659,1,True,True,True,False
train_minutes,20260818_0306,1787036760.0,62,30461986,0,True,json,success,thoth-minute-manifest/v5,t1_sleep,t1,sleep,,ok,118.69899988174438,57,57,3,0,57,570,21019320,0,False,,,,,,2,5784,3113712,1,True,True,True,False
train_minutes,20260818_0307,1787036820.0,51,25544189,0,True,json,success,thoth-minute-manifest/v5,t1_sleep,t1,sleep,,ok,120.68600010871887,46,46,3,0,46,460,16962960,0,False,,,,,,2,6153,3301435,1,True,True,True,False
train_minutes,20260818_0308,1787036880.0,41,20820127,0,True,json,success,thoth-minute-manifest/v5,t1_sleep,t1,sleep,,ok,96.83999991416931,36,36,2,0,36,360,13275360,0,False,,,,,,2,5983,3218606,1,True,True,True,False
train_minutes,20260818_0309,1787036940.0,62,30761036,0,True,json,success,thoth-minute-manifest/v5,t1_sleep,t1,sleep,,ok,75.15700006484985,57,57,3,0,57,570,21019320,0,False,,,,,,2,6324,3413294,1,True,True,True,False
train_minutes,20260818_0310,1787037000.0,60,29502981,0,True,json,success,thoth-minute-manifest/v5,t1_sleep,t1,sleep,,ok,121.55999994277954,55,55,2,0,55,550,20281800,0,False,,,,,,2,5720,3083803,1,True,True,True,False
train_minutes,20260818_0311,1787037060.0,62,30574571,0,True,json,success,thoth-minute-manifest/v5,t1_sleep,t1,sleep,,ok,107.99900007247925,57,57,3,0,57,570,21019320,0,False,,,,,,2,5981,3226961,1,True,True,True,False
train_minutes,20260818_0312,1787037120.0,10,6824306,0,True,json,success,thoth-minute-manifest/v5,t1_sleep,t1,sleep,,ok,58.78500008583069,5,5,3,0,5,50,1843800,0,False,,,,,,2,6698,3608538,1,True,True,True,False
train_minutes,20260818_0313,1787037180.0,62,32375616,0,True,json,success,thoth-minute-manifest/v5,t1_sleep,t1,sleep,,ok,63.46300005912781,57,57,3,0,57,570,21019320,0,False,,,,,,2,6787,3659011,1,True,True,True,False
train_minutes,20260818_0314,1787037240.0,58,29403173,0,True,json,success,thoth-minute-manifest/v5,t1_sleep,t1,sleep,,ok,110.36199998855591,53,53,2,0,53,530,19544280,0,False,,,,,,2,6764,3641937,1,True,True,True,False
train_minutes,20260818_0315,1787037300.0,62,30901413,0,True,json,success,thoth-minute-manifest/v5,t1_sleep,t1,sleep,,ok,93.90700006484985,57,57,2,0,57,570,21019320,0,False,,,,,,2,6035,3254186,2,True,True,True,False
train_minutes,20260818_0316,1787037360.0,62,34185190,0,True,json,success,thoth-minute-manifest/v5,t1_sleep,t1,sleep,,ok,140.4300000667572,57,57,2,0,57,570,21019320,0,False,,,,,,2,5970,3217645,1,True,True,True,False
train_minutes,20260818_0317,1787037420.0,53,26603027,0,True,json,success,thoth-minute-manifest/v5,t1_sleep,t1,sleep,,ok,98.76799988746643,48,48,2,0,48,480,17700480,0,False,,,,,,2,6014,3239466,1,True,True,True,False
train_minutes,20260818_0318,1787037480.0,62,30497723,0,True,json,success,thoth-minute-manifest/v5,t1_sleep,t1,sleep,,ok,85.25799989700317,57,57,3,0,57,570,21019320,0,False,,,,,,2,5522,2973432,1,True,True,True,False
train_minutes,20260818_0319,1787037540.0,50,25209214,0,True,json,success,thoth-minute-manifest/v5,t1_sleep,t1,sleep,,ok,105.96399998664856,45,45,2,0,45,450,16594200,0,False,,,,,,2,6361,3430985,1,True,True,True,False
train_minutes,20260818_0320,1787037600.0,62,30908083,0,True,json,success,thoth-minute-manifest/v5,t1_sleep,t1,sleep,,ok,123.49399995803833,57,57,2,0,57,570,21019320,0,False,,,,,,2,6609,3560645,1,True,True,True,False
train_minutes,20260818_0321,1787037660.0,48,25539257,0,True,json,success,thoth-minute-manifest/v5,t1_sleep,t1,sleep,,ok,85.13499999046326,43,43,2,0,43,430,15856680,0,False,,,,,,2,5675,3055926,1,True,True,True,False
train_minutes,20260818_0322,1787037720.0,12,8098380,0,True,json,success,thoth-minute-manifest/v5,t1_sleep,t1,sleep,,ok,58.776000022888184,7,7,3,0,7,70,2581320,0,False,,,,,,2,7343,3955111,1,True,True,True,False
train_minutes,20260818_0323,1787037780.0,58,29471977,0,True,json,success,thoth-minute-manifest/v5,t1_sleep,t1,sleep,,ok,123.41899991035461,53,53,2,0,53,530,19544280,0,False,,,,,,2,7125,3842166,1,True,True,True,False
train_minutes,20260818_0324,1787037840.0,55,27417392,0,True,json,success,thoth-minute-manifest/v5,t1_sleep,t1,sleep,,ok,90.8659999370575,50,50,2,0,50,500,18438000,0,False,,,,,,2,6149,3326273,1,True,True,True,False
train_minutes,20260818_0325,1787037900.0,13,8542910,0,True,json,success,thoth-minute-manifest/v5,t1_sleep,t1,sleep,,ok,58.776999950408936,8,8,3,0,8,80,2950080,0,False,,,,,,2,7296,3935562,1,True,True,True,False
train_minutes,20260818_0326,1787037960.0,60,30180641,0,True,json,success,thoth-minute-manifest/v5,t1_sleep,t1,sleep,,ok,110.11100006103516,55,55,2,0,55,550,20281800,0,False,,,,,,2,6973,3760570,1,True,True,True,False
train_minutes,20260818_0327,1787038020.0,41,20898699,0,True,json,success,thoth-minute-manifest/v5,t1_sleep,t1,sleep,,ok,109.66700005531311,36,36,2,0,36,360,13275360,0,False,,,,,,2,6095,3296614,1,True,True,True,False
train_minutes,20260818_0328,1787038080.0,25,13613811,0,True,json,success,thoth-minute-manifest/v5,t1_sleep,t1,sleep,,ok,61.1710000038147,20,20,2,0,20,200,7375200,0,False,,,,,,2,6371,3437593,1,True,True,True,False
train_minutes,20260818_0329,1787038140.0,62,33585948,0,True,json,success,thoth-minute-manifest/v5,t1_sleep,t1,sleep,,ok,75.83599996566772,57,57,3,0,57,570,21019320,0,False,,,,,,2,7493,4050101,1,True,True,True,False
train_minutes,20260818_0330,1787038200.0,62,31024029,0,True,json,success,thoth-minute-manifest/v5,t1_sleep,t1,sleep,,ok,70.26900005340576,57,57,2,0,57,570,21019320,0,False,,,,,,2,6799,3676609,2,True,True,True,False
train_minutes,20260818_0331,1787038260.0,56,27820699,0,True,json,success,thoth-minute-manifest/v5,t1_sleep,t1,sleep,,ok,109.8529999256134,51,51,2,0,51,510,18806760,0,False,,,,,,2,6023,3257504,1,True,True,True,False
train_minutes,20260818_0332,1787038320.0,59,28946470,0,True,json,success,thoth-minute-manifest/v5,t1_sleep,t1,sleep,,ok,134.10899996757507,54,54,2,0,54,540,19913040,0,False,,,,,,2,5537,2990579,1,True,True,True,False
train_minutes,20260818_0333,1787038380.0,46,23090963,0,True,json,success,thoth-minute-manifest/v5,t1_sleep,t1,sleep,,ok,89.93300008773804,41,41,2,0,41,410,15119160,0,False,,,,,,2,5860,3169068,1,True,True,True,False
train_minutes,20260818_0334,1787038440.0,29,15350646,0,True,json,success,thoth-minute-manifest/v5,t1_sleep,t1,sleep,,ok,59.973000049591064,24,24,3,0,24,240,8850240,0,False,,,,,,2,6155,3317836,1,True,True,True,False
train_minutes,20260818_0335,1787038500.0,62,30343313,0,True,json,success,thoth-minute-manifest/v5,t1_sleep,t1,sleep,,ok,107.39199995994568,57,57,3,0,57,570,21019320,0,False,,,,,,2,5530,2995265,1,True,True,True,False
train_minutes,20260818_0336,1787038560.0,62,30526306,0,True,json,success,thoth-minute-manifest/v5,t1_sleep,t1,sleep,,ok,78.57500004768372,57,57,3,0,57,570,21019320,0,False,,,,,,2,5880,3178627,1,True,True,True,False
train_minutes,20260818_0337,1787038620.0,10,7008234,0,True,json,success,thoth-minute-manifest/v5,t1_sleep,t1,sleep,,ok,58.801000118255615,5,5,3,0,5,50,1843800,0,False,,,,,,2,7020,3793083,1,True,True,True,False
train_minutes,20260818_0338,1787038680.0,62,32005031,0,True,json,success,thoth-minute-manifest/v5,t1_sleep,t1,sleep,,ok,69.08500003814697,57,57,2,0,57,570,21019320,0,False,,,,,,2,7203,3893387,2,True,True,True,False
train_minutes,20260818_0339,1787038740.0,62,30893060,0,True,json,success,thoth-minute-manifest/v5,t1_sleep,t1,sleep,,ok,135.03900003433228,57,57,2,0,57,570,21019320,0,False,,,,,,2,6551,3541315,1,True,True,True,False
train_minutes,20260818_0340,1787038800.0,43,21655518,0,True,json,success,thoth-minute-manifest/v5,t1_sleep,t1,sleep,,ok,92.92199993133545,38,38,2,0,38,380,14012880,0,False,,,,,,2,5703,3082593,1,True,True,True,False
train_minutes,20260818_0341,1787038860.0,16,9858201,0,True,json,success,thoth-minute-manifest/v5,t1_sleep,t1,sleep,,ok,58.7960000038147,11,11,3,0,11,110,4056360,0,False,,,,,,2,7139,3858649,1,True,True,True,False
train_minutes,20260818_0342,1787038920.0,62,31167184,0,True,json,success,thoth-minute-manifest/v5,t1_sleep,t1,sleep,,ok,100.11199998855591,57,57,3,0,57,570,21019320,0,False,,,,,,2,6827,3688753,1,True,True,True,False
train_minutes,20260818_0343,1787038980.0,61,30184738,0,True,json,success,thoth-minute-manifest/v5,t1_sleep,t1,sleep,,ok,83.45799994468689,56,56,2,0,56,560,20650560,0,False,,,,,,2,6109,3301470,1,True,True,True,False
train_minutes,20260818_0344,1787039040.0,61,30231490,0,True,json,success,thoth-minute-manifest/v5,t1_sleep,t1,sleep,,ok,133.6210000514984,56,56,1,0,56,560,20650560,0,False,,,,,,2,6185,3348451,2,True,True,True,False
train_minutes,20260818_0345,1787039100.0,59,29664323,0,True,json,success,thoth-minute-manifest/v5,t1_sleep,t1,sleep,,ok,146.91100001335144,54,54,3,0,54,540,19913040,0,False,,,,,,2,6009,3248636,1,True,True,True,False
train_minutes,20260818_0346,1787039160.0,62,34288589,0,True,json,success,thoth-minute-manifest/v5,t1_sleep,t1,sleep,,ok,146.47499990463257,57,57,2,0,57,570,21019320,0,False,,,,,,2,5504,2962269,1,True,True,True,False
train_minutes,20260818_0347,1787039220.0,38,21093962,0,True,json,success,thoth-minute-manifest/v5,t1_sleep,t1,sleep,,ok,96.44000005722046,33,33,2,0,33,330,12169080,0,False,,,,,,2,5806,3125874,1,True,True,True,False
train_minutes,20260818_0348,1787039280.0,10,6884470,0,True,json,success,thoth-minute-manifest/v5,t1_sleep,t1,sleep,,ok,58.76600003242493,5,5,3,0,5,50,1843800,0,False,,,,,,2,6748,3627289,1,True,True,True,False
train_minutes,20260818_0349,1787039340.0,60,31911525,0,True,json,success,thoth-minute-manifest/v5,t1_sleep,t1,sleep,,ok,123.49799990653992,55,55,2,0,55,550,20281800,0,False,,,,,,2,5892,3169873,1,True,True,True,False
train_minutes,20260818_0350,1787039400.0,62,30620798,0,True,json,success,thoth-minute-manifest/v5,t1_sleep,t1,sleep,,ok,124.21499991416931,57,57,3,0,57,570,21019320,0,False,,,,,,2,5964,3216610,1,True,True,True,False
train_minutes,20260818_0351,1787039460.0,53,26921493,0,True,json,success,thoth-minute-manifest/v5,t1_sleep,t1,sleep,,ok,79.05800008773804,48,48,2,0,48,480,17700480,0,False,,,,,,2,5983,3223820,1,True,True,True,False
train_minutes,20260818_0352,1787039520.0,14,8961508,0,True,json,success,thoth-minute-manifest/v5,t1_sleep,t1,sleep,,ok,58.789000034332275,9,9,3,0,9,90,3318840,0,False,,,,,,2,7238,3890064,1,True,True,True,False
train_minutes,20260818_0353,1787039580.0,62,31709250,0,True,json,success,thoth-minute-manifest/v5,t1_sleep,t1,sleep,,ok,95.05399990081787,57,57,3,0,57,570,21019320,0,False,,,,,,2,7350,3959284,1,True,True,True,False
train_minutes,20260818_0354,1787039640.0,60,29679652,0,True,json,success,thoth-minute-manifest/v5,t1_sleep,t1,sleep,,ok,103.39400005340576,55,55,2,0,55,550,20281800,0,False,,,,,,2,6063,3260651,1,True,True,True,False
train_minutes,20260818_0355,1787039700.0,62,30480602,0,True,json,success,thoth-minute-manifest/v5,t1_sleep,t1,sleep,,ok,124.62199997901917,57,57,2,0,57,570,21019320,0,False,,,,,,2,5579,3003637,1,True,True,True,False
train_minutes,20260818_0356,1787039760.0,52,28282451,0,True,json,success,thoth-minute-manifest/v5,t1_sleep,t1,sleep,,ok,102.98499989509583,47,47,3,0,47,470,17331720,0,False,,,,,,2,6015,3246453,1,True,True,True,False
train_minutes,20260818_0358,1787039880.0,56,28264294,0,True,json,success,thoth-minute-manifest/v5,t1_sleep,t1,sleep,,ok,105.15400004386902,51,51,2,0,51,510,18806760,0,False,,,,,,2,6875,3701361,1,True,True,True,False
train_minutes,20260818_0359,1787039940.0,52,26037905,0,True,json,success,thoth-minute-manifest/v5,t1_sleep,t1,sleep,,ok,114.04200005531311,47,47,2,0,47,470,17331720,0,False,,,,,,2,6193,3331537,1,True,True,True,False
train_minutes,20260818_0400,1787040000.0,60,35546419,0,True,json,success,thoth-minute-manifest/v5,t1_sleep,t1,sleep,,ok,113.81699991226196,55,55,3,0,55,550,20281800,0,False,,,,,,2,5412,2918578,1,True,True,True,False
train_minutes,20260818_0401,1787040060.0,62,24707088,0,True,json,collecting,thoth-minute-manifest/v5,t1_sleep,t1,sleep,,ok,155.36800003051758,57,57,2,1,57,570,21019320,0,False,,,,,,2,6320,3384531,1,True,True,True,False
train_minutes,20260818_0402,1787040120.0,57,27445514,0,True,json,partial,thoth-minute-manifest/v5,t1_sleep,t1,sleep,,ok,152.0899999141693,52,52,1,1,52,520,19175520,0,False,,,,,,2,6217,3324875,2,True,True,True,False
train_minutes,20260818_0403,1787040180.0,43,22019844,0,True,json,success,thoth-minute-manifest/v5,t1_sleep,t1,sleep,,ok,117.25300002098083,38,38,1,0,38,380,14012880,0,False,,,,,,2,6107,3262921,2,True,True,True,False
train_minutes,20260818_0404,1787040240.0,25,13821366,0,True,json,success,thoth-minute-manifest/v5,t1_sleep,t1,sleep,,ok,58.895999908447266,20,20,2,0,20,200,7375200,0,False,,,,,,2,6798,3645165,1,True,True,True,False
train_minutes,20260818_0405,1787040300.0,62,31304782,0,True,json,success,thoth-minute-manifest/v5,t1_sleep,t1,sleep,,ok,86.20900011062622,57,57,3,0,57,570,21019320,0,False,,,,,,2,7040,3778111,1,True,True,True,False
train_minutes,20260818_0406,1787040360.0,62,30720449,0,True,json,success,thoth-minute-manifest/v5,t1_sleep,t1,sleep,,ok,146.48600006103516,57,57,3,0,57,570,21019320,0,False,,,,,,2,6285,3373029,1,True,True,True,False
train_minutes,20260818_0407,1787040420.0,35,17805924,0,True,json,success,thoth-minute-manifest/v5,t1_sleep,t1,sleep,,ok,85.2590000629425,30,30,2,0,30,300,11062800,0,False,,,,,,2,5583,2988307,1,True,True,True,False
train_minutes,20260818_0408,1787040480.0,16,9717384,0,True,json,success,thoth-minute-manifest/v5,t1_sleep,t1,sleep,,ok,58.801000118255615,11,11,1,0,11,110,4056360,0,False,,,,,,2,6893,3691769,2,True,True,True,False
train_minutes,20260818_0409,1787040540.0,62,31023054,0,True,json,success,thoth-minute-manifest/v5,t1_sleep,t1,sleep,,ok,86.6029999256134,57,57,3,0,57,570,21019320,0,False,,,,,,2,6851,3675143,1,True,True,True,False
train_minutes,20260818_0410,1787040600.0,62,33008571,0,True,json,success,thoth-minute-manifest/v5,t1_sleep,t1,sleep,,ok,92.74799990653992,57,57,3,0,57,570,21019320,0,False,,,,,,2,6288,3374207,1,True,True,True,False
train_minutes,20260818_0411,1787040660.0,46,23657183,0,True,json,success,thoth-minute-manifest/v5,t1_sleep,t1,sleep,,ok,146.93300008773804,41,41,2,0,41,410,15119160,0,False,,,,,,2,6358,3411460,1,True,True,True,False
train_minutes,20260818_0412,1787040720.0,57,28464742,0,True,json,success,thoth-minute-manifest/v5,t1_sleep,t1,sleep,,ok,138.2850000858307,52,52,2,0,52,520,19175520,0,False,,,,,,2,6397,3437440,1,True,True,True,False
train_minutes,20260818_0413,1787040780.0,62,26464022,0,True,json,collecting,thoth-minute-manifest/v4,t1_sleep,t1,sleep,,ok,58.0,58,57,2,1,57,570,21019320,0,False,,,,,,2,5944,3191354,1,True,True,True,False
train_minutes,20260818_0414,1787040840.0,63,24909726,1,True,json,collecting,thoth-minute-manifest/v4,t1_sleep,t1,sleep,,ok,58.0,58,57,2,1,57,570,21019320,0,False,,,,,,2,6526,3502103,1,True,True,True,False
train_minutes,20260818_0415,1787040900.0,48,23945302,0,True,json,success,thoth-minute-manifest/v5,t1_sleep,t1,sleep,,ok,111.69700002670288,43,43,2,0,43,430,15856680,0,False,,,,,,2,5757,3095270,1,True,True,True,False
train_minutes,20260818_0416,1787040960.0,21,11950124,0,True,json,success,thoth-minute-manifest/v5,t1_sleep,t1,sleep,,ok,58.85199999809265,16,16,2,0,16,160,5900160,0,False,,,,,,2,6757,3630311,1,True,True,True,False
train_minutes,20260818_0417,1787041020.0,20,13312603,0,True,json,success,thoth-minute-manifest/v5,t1_sleep,t1,sleep,,ok,59.15599989891052,15,15,3,0,15,150,5531400,0,False,,,,,,2,7509,4033740,1,True,True,True,False
train_minutes,20260818_0418,1787041080.0,62,31077470,0,True,json,success,thoth-minute-manifest/v5,t1_sleep,t1,sleep,,ok,60.73399996757507,57,57,3,0,57,570,21019320,0,False,,,,,,2,6946,3729758,1,True,True,True,False
train_minutes,20260818_0419,1787041140.0,60,30205115,0,True,json,success,thoth-minute-manifest/v5,t1_sleep,t1,sleep,,ok,120.2170000076294,55,55,2,0,55,550,20281800,0,False,,,,,,2,7036,3785643,1,True,True,True,False
train_minutes,20260818_0420,1787041200.0,57,27905630,0,True,json,success,thoth-minute-manifest/v5,t1_sleep,t1,sleep,,ok,88.71399998664856,52,52,3,0,52,520,19175520,0,False,,,,,,2,5345,2878640,1,True,True,True,False
train_minutes,20260818_0421,1787041260.0,11,7257120,0,True,json,success,thoth-minute-manifest/v5,t1_sleep,t1,sleep,,ok,60.75,6,6,2,0,6,60,2212560,0,False,,,,,,2,6638,3577993,1,True,True,True,False
train_minutes,20260818_0422,1787041320.0,62,30913773,0,True,json,success,thoth-minute-manifest/v5,t1_sleep,t1,sleep,,ok,64.38700008392334,57,57,3,0,57,570,21019320,0,False,,,,,,2,6618,3566204,1,True,True,True,False
train_minutes,20260818_0423,1787041380.0,62,34073490,0,True,json,success,thoth-minute-manifest/v5,t1_sleep,t1,sleep,,ok,134.94199991226196,57,57,2,0,57,570,21019320,0,False,,,,,,2,6687,3606468,1,True,True,True,False
train_minutes,20260818_0424,1787041440.0,52,30708278,0,True,json,success,thoth-minute-manifest/v5,t1_sleep,t1,sleep,,ok,144.0899999141693,47,47,2,0,47,470,17331720,0,False,,,,,,2,5696,3066772,1,True,True,True,False
train_minutes,20260818_0425,1787041500.0,58,33828511,0,True,json,success,thoth-minute-manifest/v5,t1_sleep,t1,sleep,,ok,141.85899996757507,53,53,2,0,53,530,19544280,0,False,,,,,,2,5667,3052765,1,True,True,True,False
train_minutes,20260818_0426,1787041560.0,61,33422760,0,True,json,success,thoth-minute-manifest/v5,t1_sleep,t1,sleep,,ok,113.27500009536743,56,56,2,0,56,560,20650560,0,False,,,,,,2,5661,3049614,1,True,True,True,False
train_minutes,20260818_0427,1787041620.0,10,6946002,0,True,json,success,thoth-minute-manifest/v5,t1_sleep,t1,sleep,,ok,58.769999980926514,5,5,3,0,5,50,1843800,0,False,,,,,,2,6730,3617977,1,True,True,True,False
train_minutes,20260818_0428,1787041680.0,62,32303347,0,True,json,success,thoth-minute-manifest/v5,t1_sleep,t1,sleep,,ok,89.9319999217987,57,57,2,0,57,570,21019320,0,False,,,,,,2,6249,3360034,1,True,True,True,False
train_minutes,20260818_0429,1787041740.0,10,7563791,0,True,json,success,thoth-minute-manifest/v5,t1_sleep,t1,sleep,,ok,59.93899989128113,5,5,3,0,5,50,1843800,0,False,,,,,,2,7256,3912213,1,True,True,True,False
train_minutes,20260818_0430,1787041800.0,62,32934187,0,True,json,success,thoth-minute-manifest/v5,t1_sleep,t1,sleep,,ok,63.043999910354614,57,57,3,0,57,570,21019320,0,False,,,,,,2,6915,3719983,1,True,True,True,False
train_minutes,20260818_0431,1787041860.0,62,32116906,0,True,json,success,thoth-minute-manifest/v5,t1_sleep,t1,sleep,,ok,124.9210000038147,57,57,3,0,57,570,21019320,0,False,,,,,,2,6602,3547440,1,True,True,True,False
train_minutes,20260818_0432,1787041920.0,60,31848647,0,True,json,success,thoth-minute-manifest/v5,t1_sleep,t1,sleep,,ok,128.52300000190735,55,55,2,0,55,550,20281800,0,False,,,,,,2,6760,3637637,1,True,True,True,False
train_minutes,20260818_0433,1787041980.0,42,22899652,0,True,json,success,thoth-minute-manifest/v5,t1_sleep,t1,sleep,,ok,91.64800000190735,37,37,3,0,37,370,13644120,0,False,,,,,,2,5570,2998162,1,True,True,True,False
train_minutes,20260818_0434,1787042040.0,62,30798081,0,True,json,success,thoth-minute-manifest/v5,t1_sleep,t1,sleep,,ok,110.02300000190735,57,57,2,0,57,570,21019320,0,False,,,,,,2,6146,3312199,1,True,True,True,False
train_minutes,20260818_0435,1787042100.0,36,19079841,0,True,json,success,thoth-minute-manifest/v5,t1_sleep,t1,sleep,,ok,58.98900008201599,31,31,2,0,31,310,11431560,0,False,,,,,,2,7049,3796690,1,True,True,True,False
train_minutes,20260818_0436,1787042160.0,54,28091933,0,True,json,success,thoth-minute-manifest/v5,t1_sleep,t1,sleep,,ok,109.03200006484985,49,49,2,0,49,490,18069240,0,False,,,,,,2,6542,3523620,1,True,True,True,False
train_minutes,20260818_0437,1787042220.0,62,32519103,0,True,json,success,thoth-minute-manifest/v5,t1_sleep,t1,sleep,,ok,104.19400000572205,57,57,2,0,57,570,21019320,0,False,,,,,,2,6228,3370399,1,True,True,True,False
train_minutes,20260818_0438,1787042280.0,57,28409101,0,True,json,success,thoth-minute-manifest/v5,t1_sleep,t1,sleep,,ok,133.82100009918213,52,52,2,0,52,520,19175520,0,False,,,,,,2,6265,3382167,1,True,True,True,False
train_minutes,20260818_0439,1787042340.0,59,31531676,0,True,json,success,thoth-minute-manifest/v5,t1_sleep,t1,sleep,,ok,113.64400005340576,54,54,2,0,54,540,19913040,0,False,,,,,,2,6252,3383224,2,True,True,True,False
train_minutes,20260818_0441,1787042460.0,62,31566871,0,True,json,success,thoth-minute-manifest/v5,t1_sleep,t1,sleep,,ok,63.71600008010864,57,57,3,0,57,570,21019320,0,False,,,,,,2,7471,4027443,1,True,True,True,False
train_minutes,20260818_0442,1787042520.0,62,31917343,0,True,json,success,thoth-minute-manifest/v5,t1_sleep,t1,sleep,,ok,109.16899991035461,57,57,1,0,57,570,21019320,0,False,,,,,,2,7075,3825868,2,True,True,True,False
train_minutes,20260818_0443,1787042580.0,49,19526470,0,True,json,partial,thoth-minute-manifest/v5,t1_sleep,t1,sleep,,ok,152.9579999446869,44,44,1,1,44,440,16225440,0,False,,,,,,2,5733,3095142,2,True,True,True,False
train_minutes,20260818_0444,1787042640.0,51,25473034,0,True,json,success,thoth-minute-manifest/v5,t1_sleep,t1,sleep,,ok,117.51399993896484,46,46,2,0,46,460,16962960,0,False,,,,,,2,5743,3100686,1,True,True,True,False
train_minutes,20260818_0445,1787042700.0,45,22981885,0,True,json,success,thoth-minute-manifest/v5,t1_sleep,t1,sleep,,ok,92.31500005722046,40,40,3,0,40,400,14750400,0,False,,,,,,2,5677,3067649,1,True,True,True,False
train_minutes,20260818_0446,1787042760.0,63,24735083,1,True,json,partial,thoth-minute-manifest/v5,t1_sleep,t1,sleep,,ok,153.67400002479553,57,57,2,1,57,570,21019320,0,False,,,,,,2,6471,3498194,1,True,True,True,False
train_minutes,20260818_0447,1787042820.0,58,29061647,0,True,json,success,thoth-minute-manifest/v5,t1_sleep,t1,sleep,,ok,141.7720000743866,53,53,2,0,53,530,19544280,0,False,,,,,,2,6472,3495890,1,True,True,True,False
train_minutes,20260818_0448,1787042880.0,48,23753364,0,True,json,success,thoth-minute-manifest/v5,t1_sleep,t1,sleep,,ok,83.2739999294281,43,43,3,0,43,430,15856680,0,False,,,,,,2,5196,2812349,1,True,True,True,False
train_minutes,20260818_0450,1787043000.0,58,30182193,0,True,json,success,thoth-minute-manifest/v5,t1_sleep,t1,sleep,,ok,85.92600011825562,53,53,2,0,53,530,19544280,0,False,,,,,,2,7162,3873599,1,True,True,True,False
train_minutes,20260818_0451,1787043060.0,59,29240313,0,True,json,success,thoth-minute-manifest/v5,t1_sleep,t1,sleep,,ok,150.5829999446869,54,54,2,0,54,540,19913040,0,False,,,,,,2,6070,3284396,1,True,True,True,False
train_minutes,20260818_0452,1787043120.0,51,25981920,0,True,json,success,thoth-minute-manifest/v5,t1_sleep,t1,sleep,,ok,136.90199995040894,46,46,2,0,46,460,16962960,0,False,,,,,,2,6927,3739477,1,True,True,True,False
train_minutes,20260818_0453,1787043180.0,62,31944804,0,True,json,success,thoth-minute-manifest/v5,t1_sleep,t1,sleep,,ok,115.79900002479553,57,57,3,0,57,570,21019320,0,False,,,,,,2,5451,2944554,1,True,True,True,False
train_minutes,20260818_0454,1787043240.0,62,31904897,0,True,json,success,thoth-minute-manifest/v5,t1_sleep,t1,sleep,,ok,146.18099999427795,57,57,3,0,57,570,21019320,0,False,,,,,,2,6305,3408898,1,True,True,True,False
train_minutes,20260818_0455,1787043300.0,51,25621274,0,True,json,success,thoth-minute-manifest/v5,t1_sleep,t1,sleep,,ok,139.61500000953674,46,46,2,0,46,460,16962960,0,False,,,,,,2,6261,3378815,1,True,True,True,False
train_minutes,20260818_0456,1787043360.0,48,24172037,0,True,json,success,thoth-minute-manifest/v5,t1_sleep,t1,sleep,,ok,102.41100001335144,43,43,2,0,43,430,15856680,0,False,,,,,,2,6153,3322075,1,True,True,True,False
train_minutes,20260818_0457,1787043420.0,9,6509681,0,True,json,success,thoth-minute-manifest/v5,t1_sleep,t1,sleep,,ok,58.757999897003174,4,4,3,0,4,40,1475040,0,False,,,,,,2,6952,3758593,1,True,True,True,False
train_minutes,20260818_0458,1787043480.0,60,30389343,0,True,json,success,thoth-minute-manifest/v5,t1_sleep,t1,sleep,,ok,60.140000104904175,55,55,3,0,55,550,20281800,0,False,,,,,,2,7375,3969946,1,True,True,True,False
train_minutes,20260818_0459,1787043540.0,62,31496747,0,True,json,success,thoth-minute-manifest/v5,t1_sleep,t1,sleep,,ok,106.2829999923706,57,57,2,0,57,570,21019320,0,False,,,,,,2,7122,3834887,2,True,True,True,False
train_minutes,20260818_0500,1787043600.0,40,21352907,0,True,json,success,thoth-minute-manifest/v5,t1_sleep,t1,sleep,,ok,105.65499997138977,35,35,1,0,35,350,12906600,0,False,,,,,,2,5942,3197846,2,True,True,True,False
train_minutes,20260818_0501,1787043660.0,62,31577309,0,True,json,success,thoth-minute-manifest/v5,t1_sleep,t1,sleep,,ok,88.16100001335144,57,57,2,0,57,570,21019320,0,False,,,,,,2,6614,3564871,1,True,True,True,False
train_minutes,20260818_0502,1787043720.0,43,21650854,0,True,json,success,thoth-minute-manifest/v5,t1_sleep,t1,sleep,,ok,140.73499989509583,38,38,2,0,38,380,14012880,0,False,,,,,,2,5792,3120581,1,True,True,True,False
train_minutes,20260818_0503,1787043780.0,54,26798138,0,True,json,success,thoth-minute-manifest/v5,t1_sleep,t1,sleep,,ok,94.75600004196167,49,49,1,0,49,490,18069240,0,False,,,,,,2,5785,3119913,2,True,True,True,False
train_minutes,20260818_0504,1787043840.0,14,9428142,0,True,json,success,thoth-minute-manifest/v5,t1_sleep,t1,sleep,,ok,60.390000104904175,9,9,3,0,9,90,3318840,0,False,,,,,,2,6817,3674693,1,True,True,True,False
train_minutes,20260818_0505,1787043900.0,61,30829360,0,True,json,success,thoth-minute-manifest/v5,t1_sleep,t1,sleep,,ok,89.01900005340576,56,56,2,0,56,560,20650560,0,False,,,,,,2,7323,3945878,1,True,True,True,False
train_minutes,20260818_0506,1787043960.0,62,31128368,0,True,json,success,thoth-minute-manifest/v5,t1_sleep,t1,sleep,,ok,126.50399994850159,57,57,2,0,57,570,21019320,0,False,,,,,,2,6885,3709113,1,True,True,True,False
train_minutes,20260818_0507,1787044020.0,61,32112905,0,True,json,collecting,thoth-minute-manifest/v4,t1_sleep,t1,sleep,,ok,58.0,58,56,1,1,56,560,20650560,0,False,,,,,,2,5973,3218723,1,True,True,True,False
train_minutes,20260818_0508,1787044080.0,33,17408360,0,True,json,success,thoth-minute-manifest/v5,t1_sleep,t1,sleep,,ok,96.78800010681152,28,28,3,0,28,280,10325280,0,False,,,,,,2,6534,3522284,1,True,True,True,False
train_minutes,20260818_0509,1787044140.0,49,25340452,0,True,json,success,thoth-minute-manifest/v5,t1_sleep,t1,sleep,,ok,109.72399997711182,44,44,2,0,44,440,16225440,0,False,,,,,,2,5344,2881105,1,True,True,True,False
train_minutes,20260818_0510,1787044200.0,60,32878652,0,True,json,success,thoth-minute-manifest/v5,t1_sleep,t1,sleep,,ok,124.26200008392334,55,55,2,0,55,550,20281800,0,False,,,,,,2,5925,3186344,1,True,True,True,False
train_minutes,20260818_0511,1787044260.0,59,30865818,0,True,json,collecting,thoth-minute-manifest/v4,t1_sleep,t1,sleep,,ok,58.0,58,54,2,1,54,540,19913040,0,False,,,,,,2,5540,2983700,1,True,True,True,False
train_minutes,20260818_0512,1787044320.0,46,22951417,0,True,json,success,thoth-minute-manifest/v5,t1_sleep,t1,sleep,,ok,123.02699995040894,41,41,2,0,41,410,15119160,0,False,,,,,,2,5497,2957346,1,True,True,True,False
train_minutes,20260818_0513,1787044380.0,55,27098032,0,True,json,success,thoth-minute-manifest/v5,t1_sleep,t1,sleep,,ok,91.90599989891052,50,50,3,0,50,500,18438000,0,False,,,,,,2,5410,2913481,1,True,True,True,False
train_minutes,20260818_0514,1787044440.0,24,13181387,0,True,json,success,thoth-minute-manifest/v5,t1_sleep,t1,sleep,,ok,59.03999996185303,19,19,3,0,19,190,7006440,0,False,,,,,,2,6477,3466527,1,True,True,True,False
train_minutes,20260818_0515,1787044500.0,62,31132959,0,True,json,success,thoth-minute-manifest/v5,t1_sleep,t1,sleep,,ok,81.66000008583069,57,57,3,0,57,570,21019320,0,False,,,,,,2,7081,3785417,1,True,True,True,False
train_minutes,20260818_0516,1787044560.0,62,30867918,0,True,json,success,thoth-minute-manifest/v5,t1_sleep,t1,sleep,,ok,101.98600006103516,57,57,2,0,57,570,21019320,0,False,,,,,,2,6560,3520220,1,True,True,True,False
train_minutes,20260818_0517,1787044620.0,62,30617216,0,True,json,success,thoth-minute-manifest/v5,t1_sleep,t1,sleep,,ok,141.28800010681152,57,57,2,0,57,570,21019320,0,False,,,,,,2,6090,3269277,1,True,True,True,False
train_minutes,20260818_0518,1787044680.0,62,30338735,0,True,json,success,thoth-minute-manifest/v5,t1_sleep,t1,sleep,,ok,145.94899988174438,57,57,2,0,57,570,21019320,0,False,,,,,,2,5566,2991170,1,True,True,True,False
train_minutes,20260818_0519,1787044740.0,46,22917213,0,True,json,success,thoth-minute-manifest/v5,t1_sleep,t1,sleep,,ok,87.25799989700317,41,41,2,0,41,410,15119160,0,False,,,,,,2,5752,3090327,1,True,True,True,False
train_minutes,20260818_0520,1787044800.0,8,6254603,0,True,json,success,thoth-minute-manifest/v5,t1_sleep,t1,sleep,,ok,59.75500011444092,3,3,3,0,3,30,1106280,0,False,,,,,,2,7389,3967008,1,True,True,True,False
train_minutes,20260818_0521,1787044860.0,62,31132076,0,True,json,success,thoth-minute-manifest/v5,t1_sleep,t1,sleep,,ok,126.62199997901917,57,57,2,0,57,570,21019320,0,False,,,,,,2,6967,3741604,1,True,True,True,False
train_minutes,20260818_0522,1787044920.0,57,28105131,0,True,json,success,thoth-minute-manifest/v5,t1_sleep,t1,sleep,,ok,91.10899996757507,52,52,2,0,52,520,19175520,0,False,,,,,,2,5709,3065214,1,True,True,True,False
train_minutes,20260818_0523,1787044980.0,9,6720060,0,True,json,success,thoth-minute-manifest/v5,t1_sleep,t1,sleep,,ok,58.77500009536743,4,4,3,0,4,40,1475040,0,False,,,,,,2,7397,3968984,1,True,True,True,False
train_minutes,20260818_0524,1787045040.0,62,33726131,0,True,json,success,thoth-minute-manifest/v5,t1_sleep,t1,sleep,,ok,72.00200009346008,57,57,2,0,57,570,21019320,0,False,,,,,,2,7352,3943156,1,True,True,True,False
train_minutes,20260818_0525,1787045100.0,62,30937183,0,True,json,partial,thoth-minute-manifest/v5,t1_sleep,t1,sleep,,ok,155.68099999427795,57,57,2,1,57,570,21019320,0,False,,,,,,2,6692,3589565,1,True,True,True,False
train_minutes,20260818_0526,1787045160.0,48,24220449,0,True,json,success,thoth-minute-manifest/v5,t1_sleep,t1,sleep,,ok,135.53200006484985,43,43,2,0,43,430,15856680,0,False,,,,,,2,6285,3369671,1,True,True,True,False
train_minutes,20260818_0527,1787045220.0,38,19553150,0,True,json,success,thoth-minute-manifest/v5,t1_sleep,t1,sleep,,ok,89.31399989128113,33,33,3,0,33,330,12169080,0,False,,,,,,2,6229,3343607,1,True,True,True,False
train_minutes,20260818_0528,1787045280.0,62,34063881,0,True,json,success,thoth-minute-manifest/v5,t1_sleep,t1,sleep,,ok,63.29699993133545,57,57,3,0,57,570,21019320,0,False,,,,,,2,6797,3648064,1,True,True,True,False
train_minutes,20260818_0529,1787045340.0,62,31175092,0,True,json,success,thoth-minute-manifest/v5,t1_sleep,t1,sleep,,ok,114.65700006484985,57,57,3,0,57,570,21019320,0,False,,,,,,2,7048,3782674,1,True,True,True,False
train_minutes,20260818_0530,1787045400.0,51,25500466,0,True,json,success,thoth-minute-manifest/v5,t1_sleep,t1,sleep,,ok,128.78999996185303,46,46,2,0,46,460,16962960,0,False,,,,,,2,6066,3257710,1,True,True,True,False
train_minutes,20260818_0531,1787045460.0,60,29370983,0,True,json,success,thoth-minute-manifest/v5,t1_sleep,t1,sleep,,ok,131.9079999923706,55,55,3,0,55,550,20281800,0,False,,,,,,2,5482,2951623,1,True,True,True,False
train_minutes,20260818_0532,1787045520.0,54,26837738,0,True,json,success,thoth-minute-manifest/v5,t1_sleep,t1,sleep,,ok,102.42600011825562,49,49,3,0,49,490,18069240,0,False,,,,,,2,5513,2973325,1,True,True,True,False
train_minutes,20260818_0533,1787045580.0,8,6005257,0,True,json,success,thoth-minute-manifest/v5,t1_sleep,t1,sleep,,ok,58.76099991798401,3,3,2,0,3,30,1106280,0,False,,,,,,2,6918,3718338,1,True,True,True,False
train_minutes,20260818_0534,1787045640.0,62,30734524,0,True,json,success,thoth-minute-manifest/v5,t1_sleep,t1,sleep,,ok,137.59800004959106,57,57,2,0,57,570,21019320,0,False,,,,,,2,6290,3387130,1,True,True,True,False
train_minutes,20260818_0535,1787045700.0,57,28017140,0,True,json,success,thoth-minute-manifest/v5,t1_sleep,t1,sleep,,ok,80.9079999923706,52,52,3,0,52,520,19175520,0,False,,,,,,2,5553,2990087,1,True,True,True,False
train_minutes,20260818_0536,1787045760.0,7,5880040,0,True,json,success,thoth-minute-manifest/v5,t1_sleep,t1,sleep,,ok,58.751999855041504,2,2,3,0,2,20,737520,0,False,,,,,,2,7530,4057107,1,True,True,True,False
train_minutes,20260818_0537,1787045820.0,56,27865290,0,True,json,success,thoth-minute-manifest/v5,t1_sleep,t1,sleep,,ok,114.78200006484985,51,51,2,0,51,510,18806760,0,False,,,,,,2,6124,3302024,1,True,True,True,False
train_minutes,20260818_0538,1787045880.0,62,30482836,0,True,json,success,thoth-minute-manifest/v5,t1_sleep,t1,sleep,,ok,110.63899993896484,57,57,3,0,57,570,21019320,0,False,,,,,,2,5810,3134625,1,True,True,True,False
train_minutes,20260818_0539,1787045940.0,57,28469242,0,True,json,success,thoth-minute-manifest/v5,t1_sleep,t1,sleep,,ok,117.12400007247925,52,52,2,0,52,520,19175520,0,False,,,,,,2,6391,3442456,1,True,True,True,False
train_minutes,20260818_0540,1787046000.0,62,30338622,0,True,json,success,thoth-minute-manifest/v5,t1_sleep,t1,sleep,,ok,149.50699996948242,57,57,3,0,57,570,21019320,0,False,,,,,,2,5538,2991052,1,True,True,True,False
train_minutes,20260818_0541,1787046060.0,45,22582677,0,True,json,success,thoth-minute-manifest/v5,t1_sleep,t1,sleep,,ok,108.6159999370575,40,40,2,0,40,400,14750400,0,False,,,,,,2,5806,3124887,1,True,True,True,False
train_minutes,20260818_0542,1787046120.0,31,15927312,0,True,json,success,thoth-minute-manifest/v5,t1_sleep,t1,sleep,,ok,58.92899990081787,26,26,3,0,26,260,9587760,0,False,,,,,,2,5498,2966458,1,True,True,True,False
train_minutes,20260818_0543,1787046180.0,55,30599852,0,True,json,success,thoth-minute-manifest/v5,t1_sleep,t1,sleep,,ok,110.77900004386902,50,50,2,0,50,500,18438000,0,False,,,,,,2,7036,3785551,2,True,True,True,False
train_minutes,20260818_0544,1787046240.0,44,22223914,0,True,json,success,thoth-minute-manifest/v5,t1_sleep,t1,sleep,,ok,128.85999989509583,39,39,2,0,39,390,14381640,0,False,,,,,,2,5999,3229954,1,True,True,True,False
train_minutes,20260818_0545,1787046300.0,55,27540985,0,True,json,success,thoth-minute-manifest/v5,t1_sleep,t1,sleep,,ok,88.23499989509583,50,50,2,0,50,500,18438000,0,False,,,,,,2,6052,3257349,1,True,True,True,False
train_minutes,20260818_0546,1787046360.0,6,5410451,0,True,json,success,thoth-minute-manifest/v5,t1_sleep,t1,sleep,,ok,58.74600005149841,1,1,3,0,1,10,368760,0,False,,,,,,2,7526,4052761,1,True,True,True,False
train_minutes,20260818_0547,1787046420.0,62,31362870,0,True,json,success,thoth-minute-manifest/v5,t1_sleep,t1,sleep,,ok,62.323999881744385,57,57,3,0,57,570,21019320,0,False,,,,,,2,7180,3871930,1,True,True,True,False
train_minutes,20260818_0548,1787046480.0,60,29660306,0,True,json,success,thoth-minute-manifest/v5,t1_sleep,t1,sleep,,ok,139.1600000858307,55,55,2,0,55,550,20281800,0,False,,,,,,2,5658,3048527,1,True,True,True,False
train_minutes,20260818_0549,1787046540.0,53,26595843,0,True,json,success,thoth-minute-manifest/v5,t1_sleep,t1,sleep,,ok,131.21399998664856,48,48,3,0,48,480,17700480,0,False,,,,,,2,6017,3238439,1,True,True,True,False
train_minutes,20260818_0550,1787046600.0,8,5272552,0,True,json,success,thoth-minute-manifest/v5,t1_sleep,t1,sleep,,ok,60.09299993515015,3,3,3,0,3,30,1106280,0,False,,,,,,2,5522,2985545,1,True,True,True,False
train_minutes,20260818_0551,1787046660.0,62,31562570,0,True,json,success,thoth-minute-manifest/v5,t1_sleep,t1,sleep,,ok,64.61199998855591,57,57,2,0,57,570,21019320,0,False,,,,,,2,7286,3939117,1,True,True,True,False
train_minutes,20260818_0552,1787046720.0,62,31925164,1,True,json,collecting,thoth-minute-manifest/v4,t1_sleep,t1,sleep,,ok,58.0,58,56,1,1,56,560,20650560,0,False,,,,,,2,6550,3535804,1,True,True,True,False
train_minutes,20260818_0553,1787046780.0,48,24929739,0,True,json,success,thoth-minute-manifest/v5,t1_sleep,t1,sleep,,ok,113.24200010299683,43,43,1,0,43,430,15856680,0,False,,,,,,2,6273,3392733,2,True,True,True,False
train_minutes,20260818_0554,1787046840.0,24,13174747,0,True,json,success,thoth-minute-manifest/v5,t1_sleep,t1,sleep,,ok,60.43300008773804,19,19,3,0,19,190,7006440,0,False,,,,,,2,6395,3462494,1,True,True,True,False
train_minutes,20260818_0555,1787046900.0,62,31159828,0,True,json,success,thoth-minute-manifest/v5,t1_sleep,t1,sleep,,ok,65.15599989891052,57,57,3,0,57,570,21019320,0,False,,,,,,2,6792,3672752,1,True,True,True,False
train_minutes,20260818_0556,1787046960.0,62,31060976,0,True,json,success,thoth-minute-manifest/v5,t1_sleep,t1,sleep,,ok,135.1949999332428,57,57,2,0,57,570,21019320,0,False,,,,,,2,6738,3641766,1,True,True,True,False
train_minutes,20260818_0557,1787047020.0,58,28679406,0,True,json,success,thoth-minute-manifest/v5,t1_sleep,t1,sleep,,ok,88.20099997520447,53,53,2,0,53,530,19544280,0,False,,,,,,2,5821,3144992,1,True,True,True,False
train_minutes,20260818_0558,1787047080.0,11,7533716,0,True,json,success,thoth-minute-manifest/v5,t1_sleep,t1,sleep,,ok,58.7739999294281,6,6,3,0,6,60,2212560,0,False,,,,,,2,7132,3856347,1,True,True,True,False
train_minutes,20260818_0559,1787047140.0,59,29400290,0,True,json,success,thoth-minute-manifest/v5,t1_sleep,t1,sleep,,ok,141.2149999141693,54,54,2,0,54,540,19913040,0,False,,,,,,2,6375,3444853,1,True,True,True,False
train_minutes,20260818_0600,1787047200.0,44,25823221,0,True,json,success,thoth-minute-manifest/v5,t1_sleep,t1,sleep,,ok,101.72000002861023,39,39,2,0,39,390,14381640,0,False,,,,,,2,5850,3165441,1,True,True,True,False
train_minutes,20260818_0601,1787047260.0,30,16700340,0,True,json,success,thoth-minute-manifest/v5,t1_sleep,t1,sleep,,ok,58.996999979019165,25,25,3,0,25,250,9219000,0,False,,,,,,2,6738,3643186,1,True,True,True,False
train_minutes,20260818_0602,1787047320.0,62,31384414,0,True,json,success,thoth-minute-manifest/v5,t1_sleep,t1,sleep,,ok,151.2149999141693,57,57,3,0,57,570,21019320,0,False,,,,,,2,6615,3567476,1,True,True,True,False
train_minutes,20260818_0603,1787047380.0,42,21799015,0,True,json,success,thoth-minute-manifest/v5,t1_sleep,t1,sleep,,ok,107.00399994850159,37,37,2,0,37,370,13644120,0,False,,,,,,2,6040,3268277,1,True,True,True,False
train_minutes,20260818_0604,1787047440.0,32,17531690,0,True,json,success,thoth-minute-manifest/v5,t1_sleep,t1,sleep,,ok,59.0220000743866,27,27,2,0,27,270,9956520,0,False,,,,,,2,6501,3514500,1,True,True,True,False
train_minutes,20260818_0605,1787047500.0,62,31130264,0,True,json,success,thoth-minute-manifest/v5,t1_sleep,t1,sleep,,ok,75.02699995040894,57,57,3,0,57,570,21019320,0,False,,,,,,2,6798,3674800,1,True,True,True,False
train_minutes,20260818_0606,1787047560.0,62,31388992,0,True,json,partial,thoth-minute-manifest/v5,t1_sleep,t1,sleep,,ok,157.96099996566772,57,57,3,1,57,570,21019320,0,False,,,,,,2,6710,3626454,1,True,True,True,False
train_minutes,20260818_0607,1787047620.0,41,20673905,0,True,json,success,thoth-minute-manifest/v5,t1_sleep,t1,sleep,,ok,110.38100004196167,36,36,2,0,36,360,13275360,0,False,,,,,,2,5525,2985319,1,True,True,True,False
train_minutes,20260818_0608,1787047680.0,14,8620102,0,True,json,success,thoth-minute-manifest/v5,t1_sleep,t1,sleep,,ok,58.87599992752075,9,9,3,0,9,90,3318840,0,False,,,,,,2,5787,3128553,1,True,True,True,False
train_minutes,20260818_0609,1787047740.0,60,31123160,0,True,json,success,thoth-minute-manifest/v5,t1_sleep,t1,sleep,,ok,72.27999997138977,55,55,2,0,55,550,20281800,0,False,,,,,,2,7484,4037882,1,True,True,True,False
train_minutes,20260818_0610,1787047800.0,62,32080636,0,True,json,success,thoth-minute-manifest/v5,t1_sleep,t1,sleep,,ok,129.9300000667572,57,57,3,0,57,570,21019320,0,False,,,,,,2,6885,3708930,1,True,True,True,False
train_minutes,20260818_0611,1787047860.0,45,22519255,0,True,json,success,thoth-minute-manifest/v5,t1_sleep,t1,sleep,,ok,147.35599994659424,40,40,2,0,40,400,14750400,0,False,,,,,,2,5861,3155623,1,True,True,True,False
train_minutes,20260818_0612,1787047920.0,56,27879093,0,True,json,success,thoth-minute-manifest/v5,t1_sleep,t1,sleep,,ok,125.6159999370575,51,51,3,0,51,510,18806760,0,False,,,,,,2,5598,3012758,1,True,True,True,False
train_minutes,20260818_0613,1787047980.0,38,19962078,0,True,json,success,thoth-minute-manifest/v5,t1_sleep,t1,sleep,,ok,62.67700004577637,33,33,3,0,33,330,12169080,0,False,,,,,,2,6369,3430887,1,True,True,True,False
train_minutes,20260818_0614,1787048040.0,62,32604840,0,True,json,collecting,thoth-minute-manifest/v4,t1_sleep,t1,sleep,,ok,58.0,58,57,2,1,57,570,21019320,0,False,,,,,,2,6427,3465675,1,True,True,True,False
train_minutes,20260818_0615,1787048100.0,53,26430401,0,True,json,success,thoth-minute-manifest/v5,t1_sleep,t1,sleep,,ok,136.7079999446869,48,48,2,0,48,480,17700480,0,False,,,,,,2,5747,3097126,1,True,True,True,False
train_minutes,20260818_0616,1787048160.0,46,23127995,0,True,json,success,thoth-minute-manifest/v5,t1_sleep,t1,sleep,,ok,132.32399988174438,41,41,3,0,41,410,15119160,0,False,,,,,,2,5942,3205201,1,True,True,True,False
train_minutes,20260818_0617,1787048220.0,57,28425593,0,True,json,success,thoth-minute-manifest/v5,t1_sleep,t1,sleep,,ok,145.76500010490417,52,52,2,0,52,520,19175520,0,False,,,,,,2,6038,3249514,1,True,True,True,False
train_minutes,20260818_0618,1787048280.0,62,30694358,0,True,json,success,thoth-minute-manifest/v5,t1_sleep,t1,sleep,,ok,155.61299991607666,57,57,3,0,57,570,21019320,0,False,,,,,,2,5799,3121353,1,True,True,True,False
train_minutes,20260818_0619,1787048340.0,9,6081696,0,True,json,success,thoth-minute-manifest/v5,t1_sleep,t1,sleep,,ok,60.43300008773804,4,4,3,0,4,40,1475040,0,False,,,,,,2,6177,3330615,1,True,True,True,False
train_minutes,20260818_0620,1787048400.0,54,27457769,0,True,json,success,thoth-minute-manifest/v5,t1_sleep,t1,sleep,,ok,124.07100009918213,49,49,2,0,49,490,18069240,0,False,,,,,,2,6157,3317356,1,True,True,True,False
train_minutes,20260818_0621,1787048460.0,55,26939742,0,True,json,success,thoth-minute-manifest/v5,t1_sleep,t1,sleep,,ok,97.07999992370605,50,50,3,0,50,500,18438000,0,False,,,,,,2,5275,2839985,1,True,True,True,False
train_minutes,20260818_0622,1787048520.0,62,30882360,0,True,json,success,thoth-minute-manifest/v5,t1_sleep,t1,sleep,,ok,104.72499990463257,57,57,3,0,57,570,21019320,0,False,,,,,,2,6559,3534057,1,True,True,True,False
train_minutes,20260818_0623,1787048580.0,61,24331389,0,True,json,partial,thoth-minute-manifest/v5,t1_sleep,t1,sleep,,ok,152.93799996376038,56,56,2,1,56,560,20650560,0,False,,,,,,2,6462,3479492,1,True,True,True,False
train_minutes,20260818_0624,1787048640.0,35,18040987,0,True,json,success,thoth-minute-manifest/v5,t1_sleep,t1,sleep,,ok,108.18300008773804,30,30,2,0,30,300,11062800,0,False,,,,,,2,5981,3214164,1,True,True,True,False
train_minutes,20260818_0625,1787048700.0,42,21596020,0,True,json,success,thoth-minute-manifest/v5,t1_sleep,t1,sleep,,ok,60.295000076293945,37,37,3,0,37,370,13644120,0,False,,,,,,2,6350,3404816,1,True,True,True,False
train_minutes,20260818_0626,1787048760.0,62,31254606,0,True,json,success,thoth-minute-manifest/v5,t1_sleep,t1,sleep,,ok,90.08599996566772,57,57,2,0,57,570,21019320,0,False,,,,,,2,7327,3907069,1,True,True,True,False
train_minutes,20260818_0627,1787048820.0,62,24635871,0,True,json,partial,thoth-minute-manifest/v5,t1_sleep,t1,sleep,,ok,155.75799989700317,57,57,2,1,57,570,21019320,0,False,,,,,,2,6316,3387437,1,True,True,True,False
train_minutes,20260818_0628,1787048880.0,44,22526717,0,True,json,success,thoth-minute-manifest/v5,t1_sleep,t1,sleep,,ok,113.76699995994568,39,39,2,0,39,390,14381640,0,False,,,,,,2,6502,3488844,1,True,True,True,False
train_minutes,20260818_0629,1787048940.0,40,20636393,0,True,json,success,thoth-minute-manifest/v5,t1_sleep,t1,sleep,,ok,71.96600008010864,35,35,3,0,35,350,12906600,0,False,,,,,,2,6514,3498785,1,True,True,True,False
train_minutes,20260818_0630,1787049000.0,62,30964670,0,True,json,success,thoth-minute-manifest/v5,t1_sleep,t1,sleep,,ok,124.74499988555908,57,57,2,0,57,570,21019320,0,False,,,,,,2,6740,3616864,1,True,True,True,False
train_minutes,20260818_0631,1787049060.0,47,23891803,0,True,json,partial,thoth-minute-manifest/v5,t1_sleep,t1,sleep,,ok,156.75600004196167,42,42,2,1,42,420,15487920,0,False,,,,,,2,6205,3336489,1,True,True,True,False
train_minutes,20260818_0632,1787049120.0,51,25157459,0,True,json,success,thoth-minute-manifest/v5,t1_sleep,t1,sleep,,ok,139.6579999923706,46,46,2,0,46,460,16962960,0,False,,,,,,2,5441,2915079,1,True,True,True,False
train_minutes,20260818_0633,1787049180.0,62,30329588,0,True,json,success,thoth-minute-manifest/v5,t1_sleep,t1,sleep,,ok,103.54699993133545,57,57,3,0,57,570,21019320,0,False,,,,,,2,5555,2982009,1,True,True,True,False
train_minutes,20260818_0635,1787049300.0,62,31166562,0,True,json,success,thoth-minute-manifest/v5,t1_sleep,t1,sleep,,ok,109.66700005531311,57,57,3,0,57,570,21019320,0,False,,,,,,2,7116,3818370,1,True,True,True,False
train_minutes,20260818_0636,1787049360.0,46,23057281,0,True,json,success,thoth-minute-manifest/v5,t1_sleep,t1,sleep,,ok,130.18799996376038,41,41,2,0,41,410,15119160,0,False,,,,,,2,5849,3134605,1,True,True,True,False
train_minutes,20260818_0637,1787049420.0,61,29614773,0,True,json,success,thoth-minute-manifest/v5,t1_sleep,t1,sleep,,ok,85.02699995040894,56,56,2,0,56,560,20650560,0,False,,,,,,2,5085,2731513,1,True,True,True,False
train_minutes,20260818_0638,1787049480.0,13,8409457,0,True,json,success,thoth-minute-manifest/v5,t1_sleep,t1,sleep,,ok,59.230000019073486,8,8,2,0,8,80,2950080,0,False,,,,,,2,7092,3802216,1,True,True,True,False
train_minutes,20260818_0639,1787049540.0,62,31094125,0,True,json,success,thoth-minute-manifest/v5,t1_sleep,t1,sleep,,ok,69.4430000782013,57,57,2,0,57,570,21019320,0,False,,,,,,2,6992,3746407,1,True,True,True,False
train_minutes,20260818_0640,1787049600.0,59,31252666,0,True,json,success,thoth-minute-manifest/v5,t1_sleep,t1,sleep,,ok,124.04099988937378,54,54,1,0,54,540,19913040,0,False,,,,,,2,6516,3493607,2,True,True,True,False
train_minutes,20260818_0641,1787049660.0,62,33381716,0,True,json,success,thoth-minute-manifest/v5,t1_sleep,t1,sleep,,ok,116.30299997329712,57,57,3,0,57,570,21019320,0,False,,,,,,2,5602,3013893,1,True,True,True,False
train_minutes,20260818_0642,1787049720.0,26,13839070,0,True,json,success,thoth-minute-manifest/v5,t1_sleep,t1,sleep,,ok,59.426000118255615,21,21,3,0,21,210,7743960,0,False,,,,,,2,5937,3198568,1,True,True,True,False
train_minutes,20260818_0643,1787049780.0,62,30716920,0,True,json,success,thoth-minute-manifest/v5,t1_sleep,t1,sleep,,ok,93.29500007629395,57,57,3,0,57,570,21019320,0,False,,,,,,2,6249,3368887,1,True,True,True,False
train_minutes,20260818_0644,1787049840.0,21,11465413,0,True,json,success,thoth-minute-manifest/v5,t1_sleep,t1,sleep,,ok,58.884000062942505,16,16,3,0,16,160,5900160,0,False,,,,,,2,5837,3145327,1,True,True,True,False
train_minutes,20260818_0645,1787049900.0,61,30845683,0,True,json,success,thoth-minute-manifest/v5,t1_sleep,t1,sleep,,ok,118.36699986457825,56,56,2,0,56,560,20650560,0,False,,,,,,2,7350,3962266,1,True,True,True,False
train_minutes,20260818_0646,1787049960.0,55,28133005,0,True,json,success,thoth-minute-manifest/v5,t1_sleep,t1,sleep,,ok,135.77999997138977,50,50,2,0,50,500,18438000,0,False,,,,,,2,6493,3494682,1,True,True,True,False
train_minutes,20260818_0647,1787050020.0,59,28809117,0,True,json,success,thoth-minute-manifest/v5,t1_sleep,t1,sleep,,ok,115.48000001907349,54,54,2,0,54,540,19913040,0,False,,,,,,2,5294,2853931,1,True,True,True,False
train_minutes,20260818_0648,1787050080.0,6,5090777,0,True,json,success,thoth-minute-manifest/v5,t1_sleep,t1,sleep,,ok,58.75800013542175,1,1,3,0,1,10,368760,0,False,,,,,,2,6850,3693643,1,True,True,True,False
train_minutes,20260818_0649,1787050140.0,61,30547073,0,True,json,success,thoth-minute-manifest/v5,t1_sleep,t1,sleep,,ok,77.95300006866455,56,56,2,0,56,560,20650560,0,False,,,,,,2,6796,3663677,1,True,True,True,False
train_minutes,20260818_0650,1787050200.0,59,29210119,0,True,json,success,thoth-minute-manifest/v5,t1_sleep,t1,sleep,,ok,144.1840000152588,54,54,2,0,54,540,19913040,0,False,,,,,,2,6038,3254503,1,True,True,True,False
train_minutes,20260818_0651,1787050260.0,59,29389390,0,True,json,success,thoth-minute-manifest/v5,t1_sleep,t1,sleep,,ok,101.46900010108948,54,54,3,0,54,540,19913040,0,False,,,,,,2,5549,2993643,1,True,True,True,False
train_minutes,20260818_0653,1787050380.0,62,31076152,0,True,json,success,thoth-minute-manifest/v5,t1_sleep,t1,sleep,,ok,130.97399997711182,57,57,3,0,57,570,21019320,0,False,,,,,,2,6915,3728005,1,True,True,True,False
train_minutes,20260818_0654,1787050440.0,55,27660495,0,True,json,success,thoth-minute-manifest/v5,t1_sleep,t1,sleep,,ok,129.51600003242493,50,50,2,0,50,500,18438000,0,False,,,,,,2,6609,3561840,1,True,True,True,False
train_minutes,20260818_0655,1787050500.0,34,17620397,0,True,json,success,thoth-minute-manifest/v5,t1_sleep,t1,sleep,,ok,65.75799989700317,29,29,3,0,29,290,10694040,0,False,,,,,,2,6067,3266730,1,True,True,True,False
train_minutes,20260818_0656,1787050560.0,62,30788210,0,True,json,success,thoth-minute-manifest/v5,t1_sleep,t1,sleep,,ok,83.48699998855591,57,57,3,0,57,570,21019320,0,False,,,,,,2,6113,3294668,1,True,True,True,False
train_minutes,20260818_0657,1787050620.0,13,8414565,0,True,json,success,thoth-minute-manifest/v5,t1_sleep,t1,sleep,,ok,58.78999996185303,8,8,2,0,8,80,2950080,0,False,,,,,,2,7063,3807306,1,True,True,True,False
train_minutes,20260818_0658,1787050680.0,62,31233137,0,True,json,success,thoth-minute-manifest/v5,t1_sleep,t1,sleep,,ok,100.5239999294281,57,57,3,0,57,570,21019320,0,False,,,,,,2,7203,3885561,1,True,True,True,False
train_minutes,20260818_0659,1787050740.0,62,30457180,0,True,json,success,thoth-minute-manifest/v5,t1_sleep,t1,sleep,,ok,141.760999917984,57,57,2,0,57,570,21019320,0,False,,,,,,2,5772,3109921,1,True,True,True,False
train_minutes,20260818_0700,1787050800.0,62,30659400,0,True,json,success,thoth-minute-manifest/v5,t1_sleep,t1,sleep,,ok,125.59299993515015,57,57,2,0,57,570,21019320,0,False,,,,,,2,6146,3312174,1,True,True,True,False
train_minutes,20260818_0702,1787050920.0,61,30709307,0,True,json,success,thoth-minute-manifest/v5,t1_sleep,t1,sleep,,ok,110.00300002098083,56,56,2,0,56,560,20650560,0,False,,,,,,2,7085,3825967,1,True,True,True,False
train_minutes,20260818_0703,1787050980.0,52,26030581,0,True,json,success,thoth-minute-manifest/v5,t1_sleep,t1,sleep,,ok,138.41899991035461,47,47,2,0,47,470,17331720,0,False,,,,,,2,6138,3323685,1,True,True,True,False
train_minutes,20260818_0704,1787051040.0,62,30153171,0,True,json,success,thoth-minute-manifest/v5,t1_sleep,t1,sleep,,ok,98.92600011825562,57,57,3,0,57,570,21019320,0,False,,,,,,2,5185,2805103,1,True,True,True,False
train_minutes,20260818_0705,1787051100.0,9,6426629,0,True,json,success,thoth-minute-manifest/v5,t1_sleep,t1,sleep,,ok,58.753000020980835,4,4,3,0,4,40,1475040,0,False,,,,,,2,6800,3675564,1,True,True,True,False
train_minutes,20260818_0706,1787051160.0,59,29332941,0,True,json,success,thoth-minute-manifest/v5,t1_sleep,t1,sleep,,ok,95.27900004386902,54,54,2,0,54,540,19913040,0,False,,,,,,2,6246,3378192,1,True,True,True,False
train_minutes,20260818_0707,1787051220.0,20,11304909,0,True,json,success,thoth-minute-manifest/v5,t1_sleep,t1,sleep,,ok,59.045000076293945,15,15,3,0,15,150,5531400,0,False,,,,,,2,6372,3448925,1,True,True,True,False
train_minutes,20260818_0708,1787051280.0,50,25315690,0,True,json,success,thoth-minute-manifest/v5,t1_sleep,t1,sleep,,ok,63.32599997520447,45,45,3,0,45,450,16594200,0,False,,,,,,2,6536,3537331,1,True,True,True,False
train_minutes,20260818_0709,1787051340.0,62,30935693,0,True,json,success,thoth-minute-manifest/v5,t1_sleep,t1,sleep,,ok,123.82100009918213,57,57,2,0,57,570,21019320,0,False,,,,,,2,6632,3587764,1,True,True,True,False
train_minutes,20260818_0710,1787051400.0,62,30288137,0,True,json,success,thoth-minute-manifest/v5,t1_sleep,t1,sleep,,ok,95.11199998855591,57,57,3,0,57,570,21019320,0,False,,,,,,2,5431,2940816,1,True,True,True,False
train_minutes,20260818_0712,1787051520.0,59,29885367,0,True,json,success,thoth-minute-manifest/v5,t1_sleep,t1,sleep,,ok,94.26999998092651,54,54,2,0,54,540,19913040,0,False,,,,,,2,7263,3930150,1,True,True,True,False
train_minutes,20260818_0713,1787051580.0,56,27976921,0,True,json,success,thoth-minute-manifest/v5,t1_sleep,t1,sleep,,ok,144.4430000782013,51,51,2,0,51,510,18806760,0,False,,,,,,2,6480,3509232,1,True,True,True,False
train_minutes,20260818_0714,1787051640.0,60,29394876,0,True,json,success,thoth-minute-manifest/v5,t1_sleep,t1,sleep,,ok,109.33599996566772,55,55,3,0,55,550,20281800,0,False,,,,,,2,5510,2975669,1,True,True,True,False
train_minutes,20260818_0715,1787051700.0,13,8007743,0,True,json,success,thoth-minute-manifest/v5,t1_sleep,t1,sleep,,ok,59.55200004577637,8,8,3,0,8,80,2950080,0,False,,,,,,2,6295,3400393,1,True,True,True,False
train_minutes,20260818_0716,1787051760.0,62,31131405,0,True,json,success,thoth-minute-manifest/v5,t1_sleep,t1,sleep,,ok,68.7590000629425,57,57,3,0,57,570,21019320,0,False,,,,,,2,6988,3783727,1,True,True,True,False
train_minutes,20260818_0717,1787051820.0,56,27658995,0,True,json,success,thoth-minute-manifest/v5,t1_sleep,t1,sleep,,ok,128.8550000190735,51,51,2,0,51,510,18806760,0,False,,,,,,2,5732,3095599,1,True,True,True,False
train_minutes,20260818_0718,1787051880.0,60,29173408,0,True,json,success,thoth-minute-manifest/v5,t1_sleep,t1,sleep,,ok,96.80599999427795,55,55,3,0,55,550,20281800,0,False,,,,,,2,5085,2754047,1,True,True,True,False
train_minutes,20260818_0719,1787051940.0,35,18309727,0,True,json,success,thoth-minute-manifest/v5,t1_sleep,t1,sleep,,ok,58.96399998664856,30,30,3,0,30,300,11062800,0,False,,,,,,2,6455,3492462,1,True,True,True,False
train_minutes,20260818_0720,1787052000.0,62,30902640,0,True,json,success,thoth-minute-manifest/v5,t1_sleep,t1,sleep,,ok,116.04200005531311,57,57,3,0,57,570,21019320,0,False,,,,,,2,6576,3555187,1,True,True,True,False
train_minutes,20260818_0721,1787052060.0,25,13478216,0,True,json,success,thoth-minute-manifest/v5,t1_sleep,t1,sleep,,ok,61.45199990272522,20,20,3,0,20,200,7375200,0,False,,,,,,2,6121,3301867,1,True,True,True,False
train_minutes,20260818_0722,1787052120.0,62,30894664,0,True,json,success,thoth-minute-manifest/v5,t1_sleep,t1,sleep,,ok,86.66799998283386,57,57,3,0,57,570,21019320,0,False,,,,,,2,6583,3547386,1,True,True,True,False
train_minutes,20260818_0723,1787052180.0,6,5365689,0,True,json,success,thoth-minute-manifest/v5,t1_sleep,t1,sleep,,ok,58.74300003051758,1,1,3,0,1,10,368760,0,False,,,,,,2,7431,4008003,1,True,True,True,False
train_minutes,20260818_0724,1787052240.0,62,31036835,0,True,json,success,thoth-minute-manifest/v5,t1_sleep,t1,sleep,,ok,130.90700006484985,57,57,3,0,57,570,21019320,0,False,,,,,,2,6849,3689251,1,True,True,True,False
train_minutes,20260818_0725,1787052300.0,51,24824880,0,True,json,success,thoth-minute-manifest/v5,t1_sleep,t1,sleep,,ok,144.35999989509583,46,46,2,0,46,460,16962960,0,False,,,,,,2,4969,2676925,1,True,True,True,False
train_minutes,20260818_0726,1787052360.0,52,25652260,0,True,json,success,thoth-minute-manifest/v5,t1_sleep,t1,sleep,,ok,106.45300006866455,47,47,2,0,47,470,17331720,0,False,,,,,,2,5463,2943201,1,True,True,True,False
train_minutes,20260818_0727,1787052420.0,10,6867541,0,True,json,success,thoth-minute-manifest/v5,t1_sleep,t1,sleep,,ok,58.81399989128113,5,5,3,0,5,50,1843800,0,False,,,,,,2,6774,3652372,1,True,True,True,False
train_minutes,20260818_0728,1787052480.0,57,28848885,0,True,json,success,thoth-minute-manifest/v5,t1_sleep,t1,sleep,,ok,116.40700006484985,52,52,2,0,52,520,19175520,0,False,,,,,,2,7096,3821961,1,True,True,True,False
train_minutes,20260818_0729,1787052540.0,57,28314942,0,True,json,success,thoth-minute-manifest/v5,t1_sleep,t1,sleep,,ok,116.64400005340576,52,52,2,0,52,520,19175520,0,False,,,,,,2,6102,3287647,1,True,True,True,False
train_minutes,20260818_0730,1787052600.0,51,25289892,0,True,json,success,thoth-minute-manifest/v5,t1_sleep,t1,sleep,,ok,116.46099996566772,46,46,3,0,46,460,16962960,0,False,,,,,,2,5649,3045756,1,True,True,True,False
train_minutes,20260818_0731,1787052660.0,58,28833077,0,True,json,success,thoth-minute-manifest/v5,t1_sleep,t1,sleep,,ok,132.20300006866455,53,53,2,0,53,530,19544280,0,False,,,,,,2,6198,3342193,1,True,True,True,False
train_minutes,20260818_0732,1787052720.0,50,25009689,0,True,json,success,thoth-minute-manifest/v5,t1_sleep,t1,sleep,,ok,78.45300006866455,45,45,3,0,45,450,16594200,0,False,,,,,,2,5994,3231385,1,True,True,True,False
train_minutes,20260818_0733,1787052780.0,6,4918667,0,True,json,success,thoth-minute-manifest/v5,t1_sleep,t1,sleep,,ok,58.73199987411499,1,1,3,0,1,10,368760,0,False,,,,,,2,6600,3560994,1,True,True,True,False
train_minutes,20260818_0734,1787052840.0,61,30973749,0,True,json,success,thoth-minute-manifest/v5,t1_sleep,t1,sleep,,ok,76.2260000705719,56,56,3,0,56,560,20650560,0,False,,,,,,2,7596,4090211,1,True,True,True,False
train_minutes,20260818_0735,1787052900.0,62,31051204,0,True,json,success,thoth-minute-manifest/v5,t1_sleep,t1,sleep,,ok,122.04299998283386,57,57,3,0,57,570,21019320,0,False,,,,,,2,6877,3703086,1,True,True,True,False
train_minutes,20260818_0736,1787052960.0,56,27891140,0,True,json,success,thoth-minute-manifest/v5,t1_sleep,t1,sleep,,ok,134.49699997901917,51,51,2,0,51,510,18806760,0,False,,,,,,2,6362,3416419,1,True,True,True,False
train_minutes,20260818_0737,1787053020.0,59,28688849,0,True,json,success,thoth-minute-manifest/v5,t1_sleep,t1,sleep,,ok,131.90499997138977,54,54,3,0,54,540,19913040,0,False,,,,,,2,5105,2733603,1,True,True,True,False
train_minutes,20260818_0738,1787053080.0,7,4936053,0,True,json,success,thoth-minute-manifest/v5,t1_sleep,t1,sleep,,ok,58.73699998855591,2,2,3,0,2,20,737520,0,False,,,,,,2,5825,3113114,1,True,True,True,False
train_minutes,20260818_0739,1787053140.0,62,32929159,0,True,json,success,thoth-minute-manifest/v5,t1_sleep,t1,sleep,,ok,82.31699991226196,57,57,3,0,57,570,21019320,0,False,,,,,,2,6801,3652829,1,True,True,True,False
train_minutes,20260818_0740,1787053200.0,61,30103927,0,True,json,success,thoth-minute-manifest/v5,t1_sleep,t1,sleep,,ok,113.41599988937378,56,56,2,0,56,560,20650560,0,False,,,,,,2,5998,3220362,1,True,True,True,False
train_minutes,20260818_0741,1787053260.0,50,25271412,0,True,json,success,thoth-minute-manifest/v5,t1_sleep,t1,sleep,,ok,90.90300011634827,45,45,3,0,45,450,16594200,0,False,,,,,,2,6515,3492758,1,True,True,True,False
train_minutes,20260818_0742,1787053320.0,62,30650644,0,True,json,success,thoth-minute-manifest/v5,t1_sleep,t1,sleep,,ok,142.89100003242493,57,57,3,0,57,570,21019320,0,False,,,,,,2,6164,3302929,1,True,True,True,False
train_minutes,20260818_0743,1787053380.0,48,23814807,0,True,json,success,thoth-minute-manifest/v5,t1_sleep,t1,sleep,,ok,90.54099988937378,43,43,2,0,43,430,15856680,0,False,,,,,,2,5531,2964063,1,True,True,True,False
train_minutes,20260818_0744,1787053440.0,8,6017993,0,True,json,success,thoth-minute-manifest/v5,t1_sleep,t1,sleep,,ok,58.76800012588501,3,3,2,0,3,30,1106280,0,False,,,,,,2,6970,3731070,1,True,True,True,False
train_minutes,20260818_0745,1787053500.0,62,31167800,0,True,json,success,thoth-minute-manifest/v5,t1_sleep,t1,sleep,,ok,59.51200008392334,57,57,3,0,57,570,21019320,0,False,,,,,,2,7115,3820167,1,True,True,True,False
train_minutes,20260818_0746,1787053560.0,61,30559288,0,True,json,success,thoth-minute-manifest/v5,t1_sleep,t1,sleep,,ok,107.69700002670288,56,56,2,0,56,560,20650560,0,False,,,,,,2,6862,3675821,1,True,True,True,False
train_minutes,20260818_0747,1787053620.0,62,30760396,0,True,json,success,thoth-minute-manifest/v5,t1_sleep,t1,sleep,,ok,151.70700001716614,57,57,3,0,57,570,21019320,0,False,,,,,,2,6371,3412862,1,True,True,True,False
train_minutes,20260818_0748,1787053680.0,60,29080266,0,True,json,success,thoth-minute-manifest/v5,t1_sleep,t1,sleep,,ok,142.87400007247925,55,55,2,0,55,550,20281800,0,False,,,,,,2,4965,2660790,1,True,True,True,False
train_minutes,20260818_0749,1787053740.0,42,21221659,0,True,json,success,thoth-minute-manifest/v5,t1_sleep,t1,sleep,,ok,85.89100003242493,37,37,2,0,37,370,13644120,0,False,,,,,,2,5893,3156180,1,True,True,True,False
train_minutes,20260818_0750,1787053800.0,13,8264036,0,True,json,success,thoth-minute-manifest/v5,t1_sleep,t1,sleep,,ok,58.77999997138977,8,8,3,0,8,80,2950080,0,False,,,,,,2,6822,3656675,1,True,True,True,False
train_minutes,20260818_0751,1787053860.0,60,30124774,0,True,json,success,thoth-minute-manifest/v5,t1_sleep,t1,sleep,,ok,96.85700011253357,55,55,2,0,55,550,20281800,0,False,,,,,,2,6917,3705355,1,True,True,True,False
train_minutes,20260818_0752,1787053920.0,58,28883582,0,True,json,success,thoth-minute-manifest/v5,t1_sleep,t1,sleep,,ok,143.02800011634827,53,53,2,0,53,530,19544280,0,False,,,,,,2,6327,3392409,1,True,True,True,False
train_minutes,20260818_0753,1787053980.0,61,29877194,0,True,json,success,thoth-minute-manifest/v5,t1_sleep,t1,sleep,,ok,109.76999998092651,56,56,3,0,56,560,20650560,0,False,,,,,,2,5581,2993622,1,True,True,True,False
train_minutes,20260818_0754,1787054040.0,6,5171149,0,True,json,success,thoth-minute-manifest/v5,t1_sleep,t1,sleep,,ok,58.74600005149841,1,1,3,0,1,10,368760,0,False,,,,,,2,7102,3813476,1,True,True,True,False
train_minutes,20260818_0755,1787054100.0,60,30444934,0,True,json,success,thoth-minute-manifest/v5,t1_sleep,t1,sleep,,ok,145.06100010871887,55,55,2,0,55,550,20281800,0,False,,,,,,2,6947,3736889,1,True,True,True,False
train_minutes,20260818_0756,1787054160.0,57,28544433,0,True,json,success,thoth-minute-manifest/v5,t1_sleep,t1,sleep,,ok,140.27900004386902,52,52,2,0,52,520,19175520,0,False,,,,,,2,6524,3517539,1,True,True,True,False
train_minutes,20260818_0757,1787054220.0,62,30862740,0,True,json,collecting,thoth-minute-manifest/v4,t1_sleep,t1,sleep,,ok,58.0,58,57,1,1,57,570,21019320,0,False,,,,,,2,5347,2893005,1,True,True,True,False
train_minutes,20260818_0758,1787054280.0,25,13167406,0,True,json,success,thoth-minute-manifest/v5,t1_sleep,t1,sleep,,ok,91.76099991798401,20,20,3,0,20,200,7375200,0,False,,,,,,2,5556,2991004,1,True,True,True,False
train_minutes,20260818_0759,1787054340.0,58,28727888,0,True,json,success,thoth-minute-manifest/v5,t1_sleep,t1,sleep,,ok,100.0460000038147,53,53,2,0,53,530,19544280,0,False,,,,,,2,6003,3236850,1,True,True,True,False
train_minutes,20260818_0800,1787054400.0,31,16408463,0,True,json,success,thoth-minute-manifest/v5,t1_sleep,t1,sleep,,ok,58.93400001525879,26,26,3,0,26,260,9587760,0,False,,,,,,2,6397,3447487,1,True,True,True,False
train_minutes,20260818_0801,1787054460.0,61,33151734,0,True,json,success,thoth-minute-manifest/v5,t1_sleep,t1,sleep,,ok,117.56699991226196,56,56,2,0,56,560,20650560,0,False,,,,,,2,7169,3862104,1,True,True,True,False
train_minutes,20260818_0802,1787054520.0,57,29565753,0,True,json,success,thoth-minute-manifest/v5,t1_sleep,t1,sleep,,ok,140.73600006103516,52,52,2,0,52,520,19175520,0,False,,,,,,2,6271,3379708,1,True,True,True,False
train_minutes,20260818_0803,1787054580.0,9,6099836,0,True,json,success,thoth-minute-manifest/v5,t1_sleep,t1,sleep,,ok,59.45300006866455,4,4,3,0,4,40,1475040,0,False,,,,,,2,6215,3348193,1,True,True,True,False
train_minutes,20260818_0804,1787054640.0,11,7669128,0,True,json,success,thoth-minute-manifest/v5,t1_sleep,t1,sleep,,ok,58.76899981498718,6,6,3,0,6,60,2212560,0,False,,,,,,2,7402,3989928,1,True,True,True,False
train_minutes,20260818_0805,1787054700.0,62,31767369,0,True,json,success,thoth-minute-manifest/v5,t1_sleep,t1,sleep,,ok,63.20300006866455,57,57,3,0,57,570,21019320,0,False,,,,,,2,7539,4055668,1,True,True,True,False
train_minutes,20260818_0806,1787054760.0,62,32013143,1,True,json,collecting,thoth-minute-manifest/v4,t1_sleep,t1,sleep,,ok,58.0,58,56,1,1,56,560,20650560,0,False,,,,,,2,6474,3485608,1,True,True,True,False
train_minutes,20260818_0807,1787054820.0,41,20644149,0,True,json,success,thoth-minute-manifest/v5,t1_sleep,t1,sleep,,ok,100.36400008201599,36,36,2,0,36,360,13275360,0,False,,,,,,2,5637,3041991,1,True,True,True,False
train_minutes,20260818_0808,1787054880.0,30,16261678,0,True,json,success,thoth-minute-manifest/v5,t1_sleep,t1,sleep,,ok,59.00099992752075,25,25,3,0,25,250,9219000,0,False,,,,,,2,6400,3440519,1,True,True,True,False
train_minutes,20260818_0809,1787054940.0,62,31011385,0,True,json,success,thoth-minute-manifest/v5,t1_sleep,t1,sleep,,ok,85.96099996566772,57,57,3,0,57,570,21019320,0,False,,,,,,2,6802,3663761,1,True,True,True,False
train_minutes,20260818_0810,1787055000.0,62,30507721,0,True,json,success,thoth-minute-manifest/v5,t1_sleep,t1,sleep,,ok,135.81900000572205,57,57,3,0,57,570,21019320,0,False,,,,,,2,5867,3160133,1,True,True,True,False
train_minutes,20260818_0811,1787055060.0,14,8666251,0,True,json,success,thoth-minute-manifest/v5,t1_sleep,t1,sleep,,ok,61.611000061035156,9,9,3,0,9,90,3318840,0,False,,,,,,2,6674,3594804,1,True,True,True,False
train_minutes,20260818_0812,1787055120.0,61,30329075,0,True,json,success,thoth-minute-manifest/v5,t1_sleep,t1,sleep,,ok,73.00999999046326,56,56,3,0,56,560,20650560,0,False,,,,,,2,6361,3427850,1,True,True,True,False
train_minutes,20260818_0813,1787055180.0,62,30874042,0,True,json,success,thoth-minute-manifest/v5,t1_sleep,t1,sleep,,ok,81.6859998703003,57,57,2,0,57,570,21019320,0,False,,,,,,2,6533,3524795,1,True,True,True,False
train_minutes,20260818_0814,1787055240.0,57,28545223,0,True,json,success,thoth-minute-manifest/v5,t1_sleep,t1,sleep,,ok,157.78900003433228,52,52,2,0,52,520,19175520,0,False,,,,,,2,6495,3511368,1,True,True,True,False
train_minutes,20260818_0815,1787055300.0,60,31855542,0,True,json,collecting,thoth-minute-manifest/v4,t1_sleep,t1,sleep,,ok,58.0,58,55,1,1,55,550,20281800,0,False,,,,,,2,6378,3451223,1,True,True,True,False
train_minutes,20260818_0816,1787055360.0,18,10390905,0,True,json,success,thoth-minute-manifest/v5,t1_sleep,t1,sleep,,ok,63.18400001525879,13,13,3,0,13,130,4793880,0,False,,,,,,2,6405,3463121,1,True,True,True,False
train_minutes,20260818_0817,1787055420.0,50,25022931,0,True,json,success,thoth-minute-manifest/v5,t1_sleep,t1,sleep,,ok,87.1819999217987,45,45,2,0,45,450,16594200,0,False,,,,,,2,6008,3244590,1,True,True,True,False
train_minutes,20260818_0818,1787055480.0,14,8969544,0,True,json,success,thoth-minute-manifest/v5,t1_sleep,t1,sleep,,ok,58.78699994087219,9,9,3,0,9,90,3318840,0,False,,,,,,2,7212,3898129,1,True,True,True,False
train_minutes,20260818_0819,1787055540.0,60,30192752,0,True,json,success,thoth-minute-manifest/v5,t1_sleep,t1,sleep,,ok,114.58699989318848,55,55,2,0,55,550,20281800,0,False,,,,,,2,6973,3773323,1,True,True,True,False
train_minutes,20260818_0820,1787055600.0,52,26031721,0,True,json,success,thoth-minute-manifest/v5,t1_sleep,t1,sleep,,ok,120.32999992370605,47,47,2,0,47,470,17331720,0,False,,,,,,2,6151,3325244,1,True,True,True,False
train_minutes,20260818_0821,1787055660.0,61,29705567,0,True,json,success,thoth-minute-manifest/v5,t1_sleep,t1,sleep,,ok,113.90499997138977,56,56,3,0,56,560,20650560,0,False,,,,,,2,5220,2822609,1,True,True,True,False
train_minutes,20260818_0822,1787055720.0,62,30531556,0,True,json,success,thoth-minute-manifest/v5,t1_sleep,t1,sleep,,ok,148.3529999256134,57,57,2,0,57,570,21019320,0,False,,,,,,2,5895,3183901,1,True,True,True,False
train_minutes,20260818_0823,1787055780.0,51,25224273,0,True,json,partial,thoth-minute-manifest/v5,t1_sleep,t1,sleep,,ok,153.93499994277954,46,46,2,1,46,460,16962960,0,False,,,,,,2,6388,3453596,1,True,True,True,False
train_minutes,20260818_0824,1787055840.0,52,27820255,0,True,json,success,thoth-minute-manifest/v5,t1_sleep,t1,sleep,,ok,149.22599983215332,47,47,2,0,47,470,17331720,0,False,,,,,,2,6496,3514156,1,True,True,True,False
train_minutes,20260818_0825,1787055900.0,63,32179545,1,True,json,collecting,thoth-minute-manifest/v4,t1_sleep,t1,sleep,,ok,58.0,58,57,2,1,57,570,21019320,0,False,,,,,,2,5373,2905998,1,True,True,True,False
train_minutes,20260818_0827,1787056020.0,42,21005452,0,True,json,partial,thoth-minute-manifest/v5,t1_sleep,t1,sleep,,ok,154.606999874115,37,37,2,1,37,370,13644120,0,False,,,,,,2,5611,3034639,1,True,True,True,False
train_minutes,20260818_0828,1787056080.0,39,19924978,0,True,json,success,thoth-minute-manifest/v5,t1_sleep,t1,sleep,,ok,107.79800009727478,34,34,2,0,34,340,12537840,0,False,,,,,,2,5732,3097027,1,True,True,True,False
train_minutes,20260818_0829,1787056140.0,9,6513471,0,True,json,success,thoth-minute-manifest/v5,t1_sleep,t1,sleep,,ok,58.759000062942505,4,4,3,0,4,40,1475040,0,False,,,,,,2,6947,3762366,1,True,True,True,False
train_minutes,20260818_0830,1787056200.0,62,31337472,0,True,json,success,thoth-minute-manifest/v5,t1_sleep,t1,sleep,,ok,69.48200011253357,57,57,3,0,57,570,21019320,0,False,,,,,,2,7388,3989782,1,True,True,True,False
train_minutes,20260818_0831,1787056260.0,62,31230914,0,True,json,success,thoth-minute-manifest/v5,t1_sleep,t1,sleep,,ok,138.83599996566772,57,57,2,0,57,570,21019320,0,False,,,,,,2,7021,3796863,1,True,True,True,False
train_minutes,20260818_0832,1787056320.0,53,26940270,1,True,json,collecting,thoth-minute-manifest/v4,t1_sleep,t1,sleep,,ok,58.0,58,47,1,0,47,470,17331720,0,False,,,,,,2,6312,3411295,1,True,True,True,False
train_minutes,20260818_0833,1787056380.0,25,13424531,0,True,json,success,thoth-minute-manifest/v5,t1_sleep,t1,sleep,,ok,82.17899990081787,20,20,3,0,20,200,7375200,0,False,,,,,,2,6018,3248210,1,True,True,True,False
train_minutes,20260818_0834,1787056440.0,60,29756845,0,True,json,success,thoth-minute-manifest/v5,t1_sleep,t1,sleep,,ok,100.85800004005432,55,55,2,0,55,550,20281800,0,False,,,,,,2,6195,3337358,1,True,True,True,False
train_minutes,20260818_0835,1787056500.0,62,30669314,0,True,json,success,thoth-minute-manifest/v5,t1_sleep,t1,sleep,,ok,109.17199993133545,57,57,3,0,57,570,21019320,0,False,,,,,,2,5999,3235031,1,True,True,True,False
train_minutes,20260818_0836,1787056560.0,48,24132182,0,True,json,success,thoth-minute-manifest/v5,t1_sleep,t1,sleep,,ok,116.94000005722046,43,43,2,0,43,430,15856680,0,False,,,,,,2,6088,3282025,1,True,True,True,False
train_minutes,20260818_0837,1787056620.0,44,22240199,0,True,json,success,thoth-minute-manifest/v5,t1_sleep,t1,sleep,,ok,79.99399995803833,39,39,3,0,39,390,14381640,0,False,,,,,,2,6028,3245686,1,True,True,True,False
train_minutes,20260818_0838,1787056680.0,54,26864777,0,True,json,success,thoth-minute-manifest/v5,t1_sleep,t1,sleep,,ok,112.13700008392334,49,49,2,0,49,490,18069240,0,False,,,,,,2,5998,3230120,1,True,True,True,False
train_minutes,20260818_0839,1787056740.0,46,23209550,0,True,json,success,thoth-minute-manifest/v5,t1_sleep,t1,sleep,,ok,94.48600006103516,41,41,3,0,41,410,15119160,0,False,,,,,,2,6096,3287258,1,True,True,True,False
train_minutes,20260818_0840,1787056800.0,58,28682410,0,True,json,success,thoth-minute-manifest/v5,t1_sleep,t1,sleep,,ok,127.73900008201599,53,53,2,0,53,530,19544280,0,False,,,,,,2,5931,3191202,1,True,True,True,False
train_minutes,20260818_0841,1787056860.0,61,30037586,0,True,json,success,thoth-minute-manifest/v5,t1_sleep,t1,sleep,,ok,145.73300004005432,56,56,2,0,56,560,20650560,0,False,,,,,,2,5850,3153945,1,True,True,True,False
train_minutes,20260818_0842,1787056920.0,48,24973656,0,True,json,success,thoth-minute-manifest/v5,t1_sleep,t1,sleep,,ok,115.45900011062622,43,43,2,0,43,430,15856680,0,False,,,,,,2,6282,3381952,1,True,True,True,False
train_minutes,20260818_0843,1787056980.0,36,18856009,0,True,json,success,thoth-minute-manifest/v5,t1_sleep,t1,sleep,,ok,60.473999977111816,31,31,3,0,31,310,11431560,0,False,,,,,,2,6626,3574839,1,True,True,True,False
train_minutes,20260818_0844,1787057040.0,62,31068338,0,True,json,success,thoth-minute-manifest/v5,t1_sleep,t1,sleep,,ok,125.21000003814697,57,57,2,0,57,570,21019320,0,False,,,,,,2,6912,3720934,1,True,True,True,False
train_minutes,20260818_0845,1787057100.0,62,30327429,0,True,json,success,thoth-minute-manifest/v5,t1_sleep,t1,sleep,,ok,94.04800009727478,57,57,3,0,57,570,21019320,0,False,,,,,,2,5533,2980028,1,True,True,True,False
train_minutes,20260818_0846,1787057160.0,10,6935887,0,True,json,success,thoth-minute-manifest/v5,t1_sleep,t1,sleep,,ok,60.2039999961853,5,5,3,0,5,50,1843800,0,False,,,,,,2,6913,3720132,1,True,True,True,False
train_minutes,20260818_0847,1787057220.0,61,30289494,0,True,json,success,thoth-minute-manifest/v5,t1_sleep,t1,sleep,,ok,88.05200004577637,56,56,3,0,56,560,20650560,0,False,,,,,,2,6337,3405991,1,True,True,True,False
train_minutes,20260818_0848,1787057280.0,6,5381575,0,True,json,success,thoth-minute-manifest/v5,t1_sleep,t1,sleep,,ok,58.75,1,1,3,0,1,10,368760,0,False,,,,,,2,7504,4023890,1,True,True,True,False
train_minutes,20260818_0849,1787057340.0,61,30882115,0,True,json,success,thoth-minute-manifest/v5,t1_sleep,t1,sleep,,ok,106.88599991798401,56,56,2,0,56,560,20650560,0,False,,,,,,2,7487,3998710,1,True,True,True,False
train_minutes,20260818_0850,1787057400.0,48,24250210,0,True,json,success,thoth-minute-manifest/v5,t1_sleep,t1,sleep,,ok,117.26500010490417,43,43,2,0,43,430,15856680,0,False,,,,,,2,6348,3400904,1,True,True,True,False
train_minutes,20260818_0851,1787057460.0,41,20870776,0,True,json,success,thoth-minute-manifest/v5,t1_sleep,t1,sleep,,ok,74.94999980926514,36,36,3,0,36,360,13275360,0,False,,,,,,2,6086,3268916,1,True,True,True,False
train_minutes,20260818_0852,1787057520.0,62,30578531,0,True,json,success,thoth-minute-manifest/v5,t1_sleep,t1,sleep,,ok,89.1579999923706,57,57,2,0,57,570,21019320,0,False,,,,,,2,6013,3230814,1,True,True,True,False
train_minutes,20260818_0853,1787057580.0,10,7044501,0,True,json,success,thoth-minute-manifest/v5,t1_sleep,t1,sleep,,ok,58.77800011634827,5,5,3,0,5,50,1843800,0,False,,,,,,2,7142,3832404,1,True,True,True,False
train_minutes,20260818_0854,1787057640.0,62,31069323,0,True,json,success,thoth-minute-manifest/v5,t1_sleep,t1,sleep,,ok,106.99699997901917,57,57,2,0,57,570,21019320,0,False,,,,,,2,6917,3721184,1,True,True,True,False
train_minutes,20260818_0855,1787057700.0,35,18383451,0,True,json,success,thoth-minute-manifest/v5,t1_sleep,t1,sleep,,ok,59.22499990463257,30,30,3,0,30,300,11062800,0,False,,,,,,2,6639,3566193,1,True,True,True,False
train_minutes,20260818_0856,1787057760.0,62,31093391,0,True,json,success,thoth-minute-manifest/v5,t1_sleep,t1,sleep,,ok,121.11800003051758,57,57,3,0,57,570,21019320,0,False,,,,,,2,6985,3745866,1,True,True,True,False
train_minutes,20260818_0857,1787057820.0,56,27628708,0,True,json,success,thoth-minute-manifest/v5,t1_sleep,t1,sleep,,ok,103.90599989891052,51,51,2,0,51,510,18806760,0,False,,,,,,2,5712,3065938,1,True,True,True,False
train_minutes,20260818_0858,1787057880.0,15,9156140,0,True,json,success,thoth-minute-manifest/v5,t1_sleep,t1,sleep,,ok,58.78600001335144,10,10,3,0,10,100,3687600,0,False,,,,,,2,6750,3620632,1,True,True,True,False
train_minutes,20260818_0859,1787057940.0,26,14579376,0,True,json,success,thoth-minute-manifest/v5,t1_sleep,t1,sleep,,ok,58.884000062942505,21,21,3,0,21,210,7743960,0,False,,,,,,2,7349,3939003,1,True,True,True,False
train_minutes,20260818_0900,1787058000.0,62,31253793,0,True,json,success,thoth-minute-manifest/v5,t1_sleep,t1,sleep,,ok,78.13199996948242,57,57,2,0,57,570,21019320,0,False,,,,,,2,7281,3906251,1,True,True,True,False
train_minutes,20260818_0901,1787058060.0,61,30383113,0,True,json,success,thoth-minute-manifest/v5,t1_sleep,t1,sleep,,ok,111.39400005340576,56,56,2,0,56,560,20650560,0,False,,,,,,2,6528,3499871,1,True,True,True,False
train_minutes,20260818_0902,1787058120.0,42,21254643,0,True,json,success,thoth-minute-manifest/v5,t1_sleep,t1,sleep,,ok,80.43700003623962,37,37,3,0,37,370,13644120,0,False,,,,,,2,5951,3188857,1,True,True,True,False
train_minutes,20260818_0903,1787058180.0,8,5717443,0,True,json,success,thoth-minute-manifest/v5,t1_sleep,t1,sleep,,ok,61.27500009536743,3,3,3,0,3,30,1106280,0,False,,,,,,2,6401,3429838,1,True,True,True,False
train_minutes,20260818_0904,1787058240.0,62,30899459,0,True,json,success,thoth-minute-manifest/v5,t1_sleep,t1,sleep,,ok,61.492000102996826,57,57,3,0,57,570,21019320,0,False,,,,,,2,6626,3551917,1,True,True,True,False
train_minutes,20260818_0905,1787058300.0,62,31172962,0,True,json,success,thoth-minute-manifest/v5,t1_sleep,t1,sleep,,ok,99.65300011634827,57,57,3,0,57,570,21019320,0,False,,,,,,2,7133,3825243,1,True,True,True,False
train_minutes,20260818_0906,1787058360.0,58,28542751,0,True,json,success,thoth-minute-manifest/v5,t1_sleep,t1,sleep,,ok,125.17499995231628,53,53,2,0,53,530,19544280,0,False,,,,,,2,5673,3051309,1,True,True,True,False
train_minutes,20260818_0907,1787058420.0,63,32299926,1,True,json,collecting,thoth-minute-manifest/v4,t1_sleep,t1,sleep,,ok,58.0,58,57,2,1,57,570,21019320,0,False,,,,,,2,5235,2822684,1,True,True,True,False
train_minutes,20260818_0908,1787058480.0,41,20835614,0,True,json,success,thoth-minute-manifest/v5,t1_sleep,t1,sleep,,ok,109.51399993896484,36,36,2,0,36,360,13275360,0,False,,,,,,2,5671,3049770,1,True,True,True,False
train_minutes,20260818_0909,1787058540.0,32,16781127,0,True,json,success,thoth-minute-manifest/v5,t1_sleep,t1,sleep,,ok,58.94199991226196,27,27,3,0,27,270,9956520,0,False,,,,,,2,6234,3356260,1,True,True,True,False
train_minutes,20260818_0910,1787058600.0,62,31849578,0,True,json,success,thoth-minute-manifest/v5,t1_sleep,t1,sleep,,ok,131.83400011062622,57,57,2,0,57,570,21019320,0,False,,,,,,2,6725,3615812,1,True,True,True,False
train_minutes,20260818_0911,1787058660.0,44,22417022,0,True,json,success,thoth-minute-manifest/v5,t1_sleep,t1,sleep,,ok,109.87599992752075,39,39,2,0,39,390,14381640,0,False,,,,,,2,6060,3235161,1,True,True,True,False
train_minutes,20260818_0912,1787058720.0,23,13249465,0,True,json,success,thoth-minute-manifest/v5,t1_sleep,t1,sleep,,ok,58.8989999294281,18,18,3,0,18,180,6637680,0,False,,,,,,2,6590,3519033,1,True,True,True,False
train_minutes,20260818_0913,1787058780.0,62,30957005,0,True,json,success,thoth-minute-manifest/v5,t1_sleep,t1,sleep,,ok,103.58800005912781,57,57,2,0,57,570,21019320,0,False,,,,,,2,6758,3609450,1,True,True,True,False
train_minutes,20260818_0914,1787058840.0,31,16346460,0,True,json,success,thoth-minute-manifest/v5,t1_sleep,t1,sleep,,ok,59.18899989128113,26,26,2,0,26,260,9587760,0,False,,,,,,2,6328,3385665,1,True,True,True,False
train_minutes,20260818_0915,1787058900.0,59,29416948,0,True,json,success,thoth-minute-manifest/v5,t1_sleep,t1,sleep,,ok,106.77099990844727,54,54,2,0,54,540,19913040,0,False,,,,,,2,6473,3461374,1,True,True,True,False
train_minutes,20260818_0916,1787058960.0,29,15518360,0,True,json,success,thoth-minute-manifest/v5,t1_sleep,t1,sleep,,ok,58.89400005340576,24,24,3,0,24,240,8850240,0,False,,,,,,2,6520,3485659,1,True,True,True,False
train_minutes,20260818_0917,1787059020.0,60,29882594,0,True,json,success,thoth-minute-manifest/v5,t1_sleep,t1,sleep,,ok,168.29699993133545,55,55,2,0,55,550,20281800,0,False,,,,,,2,6303,3361323,1,True,True,True,False
train_minutes,20260818_0918,1787059080.0,62,32073200,0,True,json,collecting,thoth-minute-manifest/v4,t1_sleep,t1,sleep,,ok,58.0,58,57,1,1,57,570,21019320,0,False,,,,,,2,6222,3323303,1,True,True,True,False
train_minutes,20260818_0919,1787059140.0,51,25082481,0,True,json,success,thoth-minute-manifest/v5,t1_sleep,t1,sleep,,ok,128.53099989891052,46,46,3,0,46,460,16962960,0,False,,,,,,2,5315,2839958,1,True,True,True,False
train_minutes,20260818_0920,1787059200.0,17,9431174,0,True,json,success,thoth-minute-manifest/v5,t1_sleep,t1,sleep,,ok,58.78999996185303,12,12,2,0,12,120,4425120,0,False,,,,,,2,5563,2967568,1,True,True,True,False
train_minutes,20260818_0921,1787059260.0,62,24749093,0,True,json,collecting,thoth-minute-manifest/v5,t1_sleep,t1,sleep,,ok,177.76500010490417,57,57,2,1,57,570,21019320,0,False,,,,,,2,6401,3419444,1,True,True,True,False
train_minutes,20260818_0922,1787059320.0,39,19689537,0,True,json,success,thoth-minute-manifest/v5,t1_sleep,t1,sleep,,ok,146.73499989509583,34,34,2,0,34,340,12537840,0,False,,,,,,2,5826,3111109,1,True,True,True,False
train_minutes,20260818_0923,1787059380.0,18,9665912,0,True,json,success,thoth-minute-manifest/v5,t1_sleep,t1,sleep,,ok,61.37599992752075,13,13,3,0,13,130,4793880,0,False,,,,,,2,5133,2737542,1,True,True,True,False
train_minutes,20260818_0924,1787059440.0,62,30935620,0,True,json,success,thoth-minute-manifest/v5,t1_sleep,t1,sleep,,ok,68.09800004959106,57,57,3,0,57,570,21019320,0,False,,,,,,2,6559,3500510,1,True,True,True,False
train_minutes,20260818_0925,1787059500.0,62,30642703,0,True,json,success,thoth-minute-manifest/v5,t1_sleep,t1,sleep,,ok,126.06200003623962,57,57,2,0,57,570,21019320,0,False,,,,,,2,6158,3295122,1,True,True,True,False
train_minutes,20260818_0926,1787059560.0,49,23719546,0,True,json,partial,thoth-minute-manifest/v5,t1_sleep,t1,sleep,,ok,154.6210000514984,44,44,2,1,44,440,16225440,0,False,,,,,,2,5741,3069846,1,True,True,True,False
train_minutes,20260818_0927,1787059620.0,54,26700546,0,True,json,success,thoth-minute-manifest/v5,t1_sleep,t1,sleep,,ok,122.56299996376038,49,49,2,0,49,490,18069240,0,False,,,,,,2,5730,3065345,1,True,True,True,False
train_minutes,20260818_0928,1787059680.0,35,18596092,0,True,json,success,thoth-minute-manifest/v5,t1_sleep,t1,sleep,,ok,64.7260000705719,30,30,3,0,30,300,11062800,0,False,,,,,,2,5421,2896919,1,True,True,True,False
train_minutes,20260818_0929,1787059740.0,61,29884457,0,True,json,success,thoth-minute-manifest/v5,t1_sleep,t1,sleep,,ok,167.76600003242493,56,56,2,0,56,560,20650560,0,False,,,,,,2,5621,3000897,1,True,True,True,False
train_minutes,20260818_0930,1787059800.0,60,29335367,0,True,json,success,thoth-minute-manifest/v5,t1_sleep,t1,sleep,,ok,169.5369999408722,55,55,2,0,55,550,20281800,0,False,,,,,,2,5461,2916035,1,True,True,True,False
train_minutes,20260818_0931,1787059860.0,55,26920901,0,True,json,success,thoth-minute-manifest/v5,t1_sleep,t1,sleep,,ok,138.56699991226196,50,50,3,0,50,500,18438000,0,False,,,,,,2,5295,2822102,1,True,True,True,False
train_minutes,20260818_0932,1787059920.0,27,13868039,0,True,json,success,thoth-minute-manifest/v5,t1_sleep,t1,sleep,,ok,75.02300000190735,22,22,3,0,22,220,8112720,0,False,,,,,,2,5176,2763435,1,True,True,True,False
train_minutes,20260818_0933,1787059980.0,62,30625710,0,True,json,success,thoth-minute-manifest/v5,t1_sleep,t1,sleep,,ok,92.08299994468689,57,57,3,0,57,570,21019320,0,False,,,,,,2,6143,3277505,1,True,True,True,False
train_minutes,20260818_0934,1787060040.0,59,28750209,0,True,json,success,thoth-minute-manifest/v5,t1_sleep,t1,sleep,,ok,140.28099989891052,54,54,2,0,54,540,19913040,0,False,,,,,,2,5230,2793310,1,True,True,True,False
train_minutes,20260818_0935,1787060100.0,56,27223236,0,True,json,success,thoth-minute-manifest/v5,t1_sleep,t1,sleep,,ok,134.93700003623962,51,51,3,0,51,510,18806760,0,False,,,,,,2,4981,2659687,1,True,True,True,False
train_minutes,20260818_0936,1787060160.0,58,28282029,0,True,json,success,thoth-minute-manifest/v5,t1_sleep,t1,sleep,,ok,114.44599986076355,53,53,3,0,53,530,19544280,0,False,,,,,,2,5225,2790961,1,True,True,True,False
train_minutes,20260818_0937,1787060220.0,11,6815630,0,True,json,success,thoth-minute-manifest/v5,t1_sleep,t1,sleep,,ok,62.0,6,6,3,0,6,60,2212560,0,False,,,,,,2,5876,3136455,1,True,True,True,False
train_minutes,20260818_0938,1787060280.0,62,31007849,0,True,json,success,thoth-minute-manifest/v5,t1_sleep,t1,sleep,,ok,84.94899988174438,57,57,3,0,57,570,21019320,0,False,,,,,,2,6132,3272933,1,True,True,True,False
train_minutes,20260818_0939,1787060340.0,62,30349809,0,True,json,success,thoth-minute-manifest/v5,t1_sleep,t1,sleep,,ok,109.84899997711182,57,57,3,0,57,570,21019320,0,False,,,,,,2,5622,3002263,1,True,True,True,False
train_minutes,20260818_0940,1787060400.0,30,16904742,0,True,json,success,thoth-minute-manifest/v5,t1_sleep,t1,sleep,,ok,78.51500010490417,25,25,3,0,25,250,9219000,0,False,,,,,,2,5859,3126755,1,True,True,True,False
train_minutes,20260818_0941,1787060460.0,62,30175216,0,True,json,success,thoth-minute-manifest/v5,t1_sleep,t1,sleep,,ok,89.88499999046326,57,57,3,0,57,570,21019320,0,False,,,,,,2,5313,2827994,1,True,True,True,False
train_minutes,20260818_0942,1787060520.0,9,5992236,0,True,json,success,thoth-minute-manifest/v5,t1_sleep,t1,sleep,,ok,58.74900007247925,4,4,3,0,4,40,1475040,0,False,,,,,,2,6078,3241147,1,True,True,True,False
train_minutes,20260818_0943,1787060580.0,62,30728101,0,True,json,success,thoth-minute-manifest/v5,t1_sleep,t1,sleep,,ok,110.57999992370605,57,57,2,0,57,570,21019320,0,False,,,,,,2,6344,3380566,1,True,True,True,False
train_minutes,20260818_0944,1787060640.0,61,29848266,0,True,json,success,thoth-minute-manifest/v5,t1_sleep,t1,sleep,,ok,152.19000005722046,56,56,2,0,56,560,20650560,0,False,,,,,,2,5585,2965150,1,True,True,True,False
train_minutes,20260818_0945,1787060700.0,60,22933629,0,True,json,partial,thoth-minute-manifest/v5,t1_sleep,t1,sleep,,ok,193.17899990081787,55,55,2,1,55,550,20281800,0,False,,,,,,2,4544,2417072,1,True,True,True,False
train_minutes,20260818_0946,1787060760.0,59,27255182,0,True,json,partial,thoth-minute-manifest/v5,t1_sleep,t1,sleep,,ok,166.12800002098083,54,54,2,1,54,540,19913040,0,False,,,,,,2,4948,2628668,1,True,True,True,False
train_minutes,20260818_0947,1787060820.0,37,18501063,0,True,json,success,thoth-minute-manifest/v5,t1_sleep,t1,sleep,,ok,123.90000009536743,32,32,2,0,32,320,11800320,0,False,,,,,,2,5191,2755871,1,True,True,True,False
train_minutes,20260818_0948,1787060880.0,40,19866940,0,True,json,success,thoth-minute-manifest/v5,t1_sleep,t1,sleep,,ok,79.50300002098083,35,35,2,0,35,350,12906600,0,False,,,,,,2,5140,2728808,1,True,True,True,False
train_minutes,20260818_0949,1787060940.0,62,30467273,0,True,json,success,thoth-minute-manifest/v5,t1_sleep,t1,sleep,,ok,157.8550000190735,57,57,2,0,57,570,21019320,0,False,,,,,,2,5883,3119802,1,True,True,True,False
train_minutes,20260818_0950,1787061000.0,47,22974192,0,True,json,success,thoth-minute-manifest/v5,t1_sleep,t1,sleep,,ok,109.92799997329712,42,42,2,0,42,420,15487920,0,False,,,,,,2,4873,2587562,1,True,True,True,False
train_minutes,20260818_0951,1787061060.0,25,12887164,0,True,json,success,thoth-minute-manifest/v5,t1_sleep,t1,sleep,,ok,74.96000003814697,20,20,3,0,20,200,7375200,0,False,,,,,,2,5098,2710774,1,True,True,True,False
train_minutes,20260818_0952,1787061120.0,62,30492907,0,True,json,success,thoth-minute-manifest/v5,t1_sleep,t1,sleep,,ok,116.35999989509583,57,57,2,0,57,570,21019320,0,False,,,,,,2,5922,3147057,1,True,True,True,False
train_minutes,20260818_0953,1787061180.0,62,30403233,0,True,json,success,thoth-minute-manifest/v5,t1_sleep,t1,sleep,,ok,130.5899999141693,57,57,2,0,57,570,21019320,0,False,,,,,,2,5756,3055649,1,True,True,True,False
train_minutes,20260818_0954,1787061240.0,57,27897641,0,True,json,success,thoth-minute-manifest/v5,t1_sleep,t1,sleep,,ok,148.5680000782013,52,52,2,0,52,520,19175520,0,False,,,,,,2,5401,2870523,1,True,True,True,False
train_minutes,20260818_0955,1787061300.0,60,29260654,0,True,json,success,thoth-minute-manifest/v5,t1_sleep,t1,sleep,,ok,108.92499995231628,55,55,3,0,55,550,20281800,0,False,,,,,,2,5350,2841218,1,True,True,True,False
train_minutes,20260818_0956,1787061360.0,7,5100317,0,True,json,success,thoth-minute-manifest/v5,t1_sleep,t1,sleep,,ok,58.74900007247925,2,2,3,0,2,20,737520,0,False,,,,,,2,6166,3277373,1,True,True,True,False
train_minutes,20260818_0957,1787061420.0,54,26407148,0,True,json,success,thoth-minute-manifest/v5,t1_sleep,t1,sleep,,ok,105.78399991989136,49,49,2,0,49,490,18069240,0,False,,,,,,2,5218,2772358,1,True,True,True,False
train_minutes,20260818_0958,1787061480.0,26,13653152,0,True,json,success,thoth-minute-manifest/v5,t1_sleep,t1,sleep,,ok,73.8970000743866,21,21,3,0,21,210,7743960,0,False,,,,,,2,5675,3012613,1,True,True,True,False
train_minutes,20260818_0959,1787061540.0,57,28255558,0,True,json,success,thoth-minute-manifest/v5,t1_sleep,t1,sleep,,ok,130.9319999217987,52,52,2,0,52,520,19175520,0,False,,,,,,2,6111,3228527,1,True,True,True,False
train_minutes,20260818_1000,1787061600.0,62,29803649,0,True,json,success,thoth-minute-manifest/v5,t1_sleep,t1,sleep,,ok,110.41199994087219,57,57,3,0,57,570,21019320,0,False,,,,,,2,4536,2394444,1,True,True,True,False
train_minutes,20260818_1001,1787061660.0,19,10512356,0,True,json,success,thoth-minute-manifest/v5,t1_sleep,t1,sleep,,ok,75.05599999427795,14,14,3,0,14,140,5162640,0,False,,,,,,2,5930,3121410,1,True,True,True,False
train_minutes,20260818_1002,1787061720.0,62,31864794,0,True,json,success,thoth-minute-manifest/v5,t1_sleep,t1,sleep,,ok,91.67700004577637,57,57,3,0,57,570,21019320,0,False,,,,,,2,5644,2981706,1,True,True,True,False
train_minutes,20260818_1003,1787061780.0,45,22460669,0,True,json,success,thoth-minute-manifest/v5,t1_sleep,t1,sleep,,ok,92.78800010681152,40,40,2,0,40,400,14750400,0,False,,,,,,2,5430,2872598,1,True,True,True,False
train_minutes,20260818_1004,1787061840.0,62,30198769,0,True,json,success,thoth-minute-manifest/v5,t1_sleep,t1,sleep,,ok,125.73499989509583,57,57,3,0,57,570,21019320,0,False,,,,,,2,5401,2851315,1,True,True,True,False
train_minutes,20260818_1005,1787061900.0,31,15940735,0,True,json,success,thoth-minute-manifest/v5,t1_sleep,t1,sleep,,ok,76.25999999046326,26,26,2,0,26,260,9587760,0,False,,,,,,2,5633,2981025,1,True,True,True,False
train_minutes,20260818_1006,1787061960.0,62,30258664,0,True,json,success,thoth-minute-manifest/v5,t1_sleep,t1,sleep,,ok,95.58699989318848,57,57,3,0,57,570,21019320,0,False,,,,,,2,5500,2910950,1,True,True,True,False
train_minutes,20260818_1007,1787062020.0,11,6808680,0,True,json,success,thoth-minute-manifest/v5,t1_sleep,t1,sleep,,ok,61.539000034332275,6,6,3,0,6,60,2212560,0,False,,,,,,2,5920,3129464,1,True,True,True,False
train_minutes,20260818_1008,1787062080.0,58,28869264,0,True,json,success,thoth-minute-manifest/v5,t1_sleep,t1,sleep,,ok,124.7279999256134,53,53,2,0,53,530,19544280,0,False,,,,,,2,6395,3378126,1,True,True,True,False
train_minutes,20260818_1009,1787062140.0,62,30205238,0,True,json,success,thoth-minute-manifest/v5,t1_sleep,t1,sleep,,ok,126.5,57,57,3,0,57,570,21019320,0,False,,,,,,2,5408,2857076,1,True,True,True,False
train_minutes,20260818_1010,1787062200.0,62,30024741,0,True,json,partial,thoth-minute-manifest/v5,t1_sleep,t1,sleep,,ok,183.3329999446869,57,57,2,1,57,570,21019320,0,False,,,,,,2,5063,2677193,1,True,True,True,False
train_minutes,20260818_1011,1787062260.0,45,21981000,0,True,json,success,thoth-minute-manifest/v5,t1_sleep,t1,sleep,,ok,129.66899991035461,40,40,2,0,40,400,14750400,0,False,,,,,,2,4602,2433760,1,True,True,True,False
train_minutes,20260818_1012,1787062320.0,29,14789979,0,True,json,success,thoth-minute-manifest/v5,t1_sleep,t1,sleep,,ok,78.87800002098083,24,24,2,0,24,240,8850240,0,False,,,,,,2,5217,2758286,1,True,True,True,False
train_minutes,20260818_1013,1787062380.0,59,29810239,0,True,json,success,thoth-minute-manifest/v5,t1_sleep,t1,sleep,,ok,120.58200001716614,54,54,2,0,54,540,19913040,0,False,,,,,,2,5509,2913216,1,True,True,True,False
train_minutes,20260818_1014,1787062440.0,31,16420160,0,True,json,success,thoth-minute-manifest/v5,t1_sleep,t1,sleep,,ok,74.66000008583069,26,26,3,0,26,260,9587760,0,False,,,,,,2,6541,3459353,1,True,True,True,False
train_minutes,20260818_1015,1787062500.0,62,30969690,0,True,json,success,thoth-minute-manifest/v5,t1_sleep,t1,sleep,,ok,110.72699999809265,57,57,3,0,57,570,21019320,0,False,,,,,,2,6083,3221880,1,True,True,True,False
train_minutes,20260818_1016,1787062560.0,31,16381124,0,True,json,success,thoth-minute-manifest/v5,t1_sleep,t1,sleep,,ok,73.97199988365173,26,26,3,0,26,260,9587760,0,False,,,,,,2,6364,3376863,1,True,True,True,False
train_minutes,20260818_1017,1787062620.0,62,32698787,0,True,json,success,thoth-minute-manifest/v5,t1_sleep,t1,sleep,,ok,133.760999917984,57,57,2,0,57,570,21019320,0,False,,,,,,2,6940,3697802,1,True,True,True,False
train_minutes,20260818_1018,1787062680.0,56,27775189,0,True,json,success,thoth-minute-manifest/v5,t1_sleep,t1,sleep,,ok,104.63199996948242,51,51,2,0,51,510,18806760,0,False,,,,,,2,6009,3208807,1,True,True,True,False
train_minutes,20260818_1019,1787062740.0,17,10081656,0,True,json,success,thoth-minute-manifest/v5,t1_sleep,t1,sleep,,ok,73.8199999332428,12,12,2,0,12,120,4425120,0,False,,,,,,2,6776,3618010,1,True,True,True,False
train_minutes,20260818_1020,1787062800.0,55,27914326,0,True,json,success,thoth-minute-manifest/v5,t1_sleep,t1,sleep,,ok,126.95499992370605,50,50,2,0,50,500,18438000,0,False,,,,,,2,7144,3815811,1,True,True,True,False
train_minutes,20260818_1021,1787062860.0,62,30993804,0,True,json,success,thoth-minute-manifest/v5,t1_sleep,t1,sleep,,ok,148.65000009536743,57,57,2,0,57,570,21019320,0,False,,,,,,2,6725,3596482,1,True,True,True,False
train_minutes,20260818_1022,1787062920.0,62,30480241,0,True,json,success,thoth-minute-manifest/v5,t1_sleep,t1,sleep,,ok,115.80900001525879,57,57,3,0,57,570,21019320,0,False,,,,,,2,5863,3132614,1,True,True,True,False
train_minutes,20260818_1023,1787062980.0,8,5836152,0,True,json,success,thoth-minute-manifest/v5,t1_sleep,t1,sleep,,ok,58.746999979019165,3,3,3,0,3,30,1106280,0,False,,,,,,2,6642,3549139,1,True,True,True,False
train_minutes,20260818_1024,1787063040.0,61,30467293,0,True,json,success,thoth-minute-manifest/v5,t1_sleep,t1,sleep,,ok,97.31500005722046,56,56,3,0,56,560,20650560,0,False,,,,,,2,6716,3583689,1,True,True,True,False
train_minutes,20260818_1025,1787063100.0,50,25201390,0,True,json,success,thoth-minute-manifest/v5,t1_sleep,t1,sleep,,ok,147.80999994277954,45,45,2,0,45,450,16594200,0,False,,,,,,2,6411,3423145,1,True,True,True,False
train_minutes,20260818_1026,1787063160.0,62,32926566,0,True,json,success,thoth-minute-manifest/v5,t1_sleep,t1,sleep,,ok,115.90000009536743,57,57,3,0,57,570,21019320,0,False,,,,,,2,5890,3139343,1,True,True,True,False
train_minutes,20260818_1027,1787063220.0,9,6363371,0,True,json,success,thoth-minute-manifest/v5,t1_sleep,t1,sleep,,ok,58.75399994850159,4,4,3,0,4,40,1475040,0,False,,,,,,2,6767,3612290,1,True,True,True,False
train_minutes,20260818_1028,1787063280.0,62,31323570,0,True,json,success,thoth-minute-manifest/v5,t1_sleep,t1,sleep,,ok,77.74300003051758,57,57,3,0,57,570,21019320,0,False,,,,,,2,7450,3975251,1,True,True,True,False
train_minutes,20260818_1029,1787063340.0,62,30870745,0,True,json,partial,thoth-minute-manifest/v5,t1_sleep,t1,sleep,,ok,167.58200001716614,57,57,3,1,57,570,21019320,0,False,,,,,,2,6610,3523522,1,True,True,True,False
train_minutes,20260818_1030,1787063400.0,61,30001070,0,True,json,success,thoth-minute-manifest/v5,t1_sleep,t1,sleep,,ok,126.29900002479553,56,56,2,0,56,560,20650560,0,False,,,,,,2,5840,3116299,1,True,True,True,False
train_minutes,20260818_1031,1787063460.0,14,8631426,0,True,json,success,thoth-minute-manifest/v5,t1_sleep,t1,sleep,,ok,74.36899995803833,9,9,3,0,9,90,3318840,0,False,,,,,,2,6679,3559468,1,True,True,True,False
train_minutes,20260818_1032,1787063520.0,60,30196774,0,True,json,success,thoth-minute-manifest/v5,t1_sleep,t1,sleep,,ok,84.21099996566772,55,55,3,0,55,550,20281800,0,False,,,,,,2,7075,3777304,1,True,True,True,False
train_minutes,20260818_1033,1787063580.0,61,30420664,0,True,json,partial,thoth-minute-manifest/v5,t1_sleep,t1,sleep,,ok,165.00300002098083,56,56,2,1,56,560,20650560,0,False,,,,,,2,6627,3535506,1,True,True,True,False
train_minutes,20260818_1034,1787063640.0,37,18851217,0,True,json,success,thoth-minute-manifest/v5,t1_sleep,t1,sleep,,ok,128.20299983024597,32,32,2,0,32,320,11800320,0,False,,,,,,2,5709,3043831,1,True,True,True,False
train_minutes,20260818_1035,1787063700.0,52,25875175,0,True,json,success,thoth-minute-manifest/v5,t1_sleep,t1,sleep,,ok,92.03200006484985,47,47,3,0,47,470,17331720,0,False,,,,,,2,5784,3082396,1,True,True,True,False
train_minutes,20260818_1036,1787063760.0,15,9444100,0,True,json,success,thoth-minute-manifest/v5,t1_sleep,t1,sleep,,ok,75.66499996185303,10,10,3,0,10,100,3687600,0,False,,,,,,2,7331,3908608,1,True,True,True,False
train_minutes,20260818_1037,1787063820.0,61,30458531,0,True,json,success,thoth-minute-manifest/v5,t1_sleep,t1,sleep,,ok,148.52600002288818,56,56,2,0,56,560,20650560,0,False,,,,,,2,6401,3428916,1,True,True,True,False
train_minutes,20260818_1038,1787063880.0,62,24471433,0,True,json,partial,thoth-minute-manifest/v5,t1_sleep,t1,sleep,,ok,194.14199995994568,57,57,2,1,57,570,21019320,0,False,,,,,,2,6002,3213124,1,True,True,True,False
train_minutes,20260818_1039,1787063940.0,62,26311709,0,True,json,collecting,thoth-minute-manifest/v4,t1_sleep,t1,sleep,,ok,58.0,58,57,1,1,57,570,21019320,0,False,,,,,,2,5883,3149173,1,True,True,True,False
train_minutes,20260818_1040,1787064000.0,37,18834782,0,True,json,success,thoth-minute-manifest/v5,t1_sleep,t1,sleep,,ok,148.81699991226196,32,32,2,0,32,320,11800320,0,False,,,,,,2,5763,3085302,1,True,True,True,False
train_minutes,20260818_1041,1787064060.0,34,16993237,0,True,json,success,thoth-minute-manifest/v5,t1_sleep,t1,sleep,,ok,123.77500009536743,29,29,3,0,29,290,10694040,0,False,,,,,,2,4915,2639908,1,True,True,True,False
train_minutes,20260818_1042,1787064120.0,50,25989710,0,True,json,success,thoth-minute-manifest/v5,t1_sleep,t1,sleep,,ok,152.08599996566772,45,45,2,0,45,450,16594200,0,False,,,,,,2,5895,3160353,1,True,True,True,False
train_minutes,20260818_1043,1787064180.0,62,31897307,0,True,json,success,thoth-minute-manifest/v5,t1_sleep,t1,sleep,,ok,116.69799995422363,57,57,3,0,57,570,21019320,0,False,,,,,,2,6580,3526991,1,True,True,True,False
train_minutes,20260818_1044,1787064240.0,6,5014936,0,True,json,success,thoth-minute-manifest/v5,t1_sleep,t1,sleep,,ok,58.73699998855591,1,1,3,0,1,10,368760,0,False,,,,,,2,6820,3657251,1,True,True,True,False
train_minutes,20260818_1045,1787064300.0,62,31359428,0,True,json,success,thoth-minute-manifest/v5,t1_sleep,t1,sleep,,ok,100.38800001144409,57,57,2,0,57,570,21019320,0,False,,,,,,2,6986,3744030,1,True,True,True,False
train_minutes,20260818_1046,1787064360.0,51,25598566,0,True,json,success,thoth-minute-manifest/v5,t1_sleep,t1,sleep,,ok,162.44799995422363,46,46,2,0,46,460,16962960,0,False,,,,,,2,6190,3312845,1,True,True,True,False
train_minutes,20260818_1047,1787064420.0,60,29925076,0,True,json,success,thoth-minute-manifest/v5,t1_sleep,t1,sleep,,ok,131.33500003814697,55,55,2,0,55,550,20281800,0,False,,,,,,2,6543,3503364,1,True,True,True,False
train_minutes,20260818_1048,1787064480.0,22,12071929,0,True,json,success,thoth-minute-manifest/v5,t1_sleep,t1,sleep,,ok,74.0239999294281,17,17,3,0,17,170,6268920,0,False,,,,,,2,6150,3292464,1,True,True,True,False
train_minutes,20260818_1049,1787064540.0,62,32468894,0,True,json,success,thoth-minute-manifest/v5,t1_sleep,t1,sleep,,ok,144.54299998283386,57,57,3,0,57,570,21019320,0,False,,,,,,2,6422,3429922,1,True,True,True,False
train_minutes,20260818_1050,1787064600.0,54,29402087,0,True,json,partial,thoth-minute-manifest/v5,t1_sleep,t1,sleep,,ok,168.89000010490417,49,49,2,1,49,490,18069240,0,False,,,,,,2,5813,3113449,1,True,True,True,False
train_minutes,20260818_1051,1787064660.0,62,32624055,0,True,json,success,thoth-minute-manifest/v5,t1_sleep,t1,sleep,,ok,134.51699995994568,57,57,3,0,57,570,21019320,0,False,,,,,,2,5831,3125511,1,True,True,True,False
train_minutes,20260818_1052,1787064720.0,15,8867812,0,True,json,success,thoth-minute-manifest/v5,t1_sleep,t1,sleep,,ok,74.6340000629425,10,10,3,0,10,100,3687600,0,False,,,,,,2,6054,3245816,1,True,True,True,False
train_minutes,20260818_1053,1787064780.0,62,31861808,0,True,json,success,thoth-minute-manifest/v5,t1_sleep,t1,sleep,,ok,101.0680000782013,57,57,3,0,57,570,21019320,0,False,,,,,,2,6875,3683289,1,True,True,True,False
train_minutes,20260818_1804,1787090640.0,58,19415840,0,True,json,collecting,thoth-minute-manifest/v4,t2_empty,t2,empty,,ok,58.0,58,54,1,0,54,430,15856680,11,False,,,,,,1,6216,3281167,1,True,True,True,False
train_minutes,20260818_1805,1787090700.0,6,232178,0,True,json,collecting,thoth-minute-manifest/v4,t2_empty,t2,empty,,ok,58.0,58,2,1,0,2,0,0,2,False,,,,,,1,0,0,0,True,True,True,False
train_minutes,20260818_1806,1787090760.0,61,28814457,0,True,json,success,thoth-minute-manifest/v5,t2_empty,t2,empty,,ok,115.32200002670288,57,57,2,0,57,570,21019320,0,False,,,,,,1,201,95922,1,True,True,True,False
train_minutes,20260818_1807,1787090820.0,19,8606031,0,True,json,success,thoth-minute-manifest/v5,t2_empty,t2,empty,,ok,123.16300010681152,15,15,1,0,15,150,5531400,0,False,,,,,,1,232,114393,1,True,True,True,False
train_minutes,20260818_1808,1787090880.0,34,16405478,0,True,json,success,thoth-minute-manifest/v5,t2_empty,t2,empty,,ok,140.1010000705719,30,30,1,0,30,300,11062800,0,False,,,,,,1,6,3323,1,True,True,True,False
train_minutes,20260818_1809,1787090940.0,61,21329761,0,True,json,partial,thoth-minute-manifest/v5,t2_empty,t2,empty,,ok,152.08599996566772,57,57,1,1,57,570,21019320,0,False,,,,,,1,7,3812,1,True,True,True,False
train_minutes,20260818_1810,1787091000.0,46,15731162,0,True,json,partial,thoth-minute-manifest/v5,t2_empty,t2,empty,,ok,152.62400007247925,42,42,1,1,42,420,15487920,0,False,,,,,,1,92,49665,1,True,True,True,False
train_minutes,20260818_1812,1787091120.0,60,20844789,0,True,json,partial,thoth-minute-manifest/v5,t2_empty,t2,empty,,ok,153.1029999256134,56,56,1,1,56,560,20650560,0,False,,,,,,1,6,3183,1,True,True,True,False
train_minutes,20260818_1813,1787091180.0,34,14817386,0,True,json,success,thoth-minute-manifest/v5,t2_empty,t2,empty,,ok,104.5789999961853,30,30,2,0,30,300,11062800,0,False,,,,,,1,0,54,0,True,True,True,False
train_minutes,20260818_1814,1787091240.0,61,27347996,0,True,json,success,thoth-minute-manifest/v5,t2_empty,t2,empty,,ok,112.36299991607666,57,57,3,0,57,570,21019320,0,False,,,,,,1,0,54,0,True,True,True,False
train_minutes,20260818_1815,1787091300.0,61,28212781,0,True,json,collecting,thoth-minute-manifest/v4,t2_empty,t2,empty,,ok,58.0,58,57,2,1,57,570,21019320,0,False,,,,,,1,2,1148,1,True,True,True,False
train_minutes,20260818_1816,1787091360.0,51,22710447,0,True,json,success,thoth-minute-manifest/v5,t2_empty,t2,empty,,ok,119.56599998474121,47,47,1,0,47,470,17331720,0,False,,,,,,1,7,3789,1,True,True,True,False
train_minutes,20260818_1817,1787091420.0,61,27346838,0,True,json,success,thoth-minute-manifest/v5,t2_empty,t2,empty,,ok,144.62800002098083,57,57,2,0,57,570,21019320,0,False,,,,,,1,1,583,1,True,True,True,False
train_minutes,20260818_1818,1787091480.0,59,28118625,0,True,json,collecting,thoth-minute-manifest/v4,t2_empty,t2,empty,,ok,58.0,58,55,1,1,55,550,20281800,0,False,,,,,,1,1,592,1,True,True,True,False
train_minutes,20260818_1819,1787091540.0,61,28738594,0,True,json,collecting,thoth-minute-manifest/v4,t2_empty,t2,empty,,ok,58.0,58,57,1,1,57,570,21019320,0,False,,,,,,1,17,9329,1,True,True,True,False
train_minutes,20260818_1820,1787091600.0,49,21209470,0,True,json,partial,thoth-minute-manifest/v5,t2_empty,t2,empty,,ok,155.89000010490417,45,45,2,1,45,450,16594200,0,False,,,,,,1,0,54,0,True,True,True,False
train_minutes,20260818_1821,1787091660.0,47,20850879,0,True,json,success,thoth-minute-manifest/v5,t2_empty,t2,empty,,ok,121.94400000572205,43,43,1,0,43,430,15856680,0,False,,,,,,1,1,565,1,True,True,True,False
train_minutes,20260818_1822,1787091720.0,57,25491364,0,True,json,success,thoth-minute-manifest/v5,t2_empty,t2,empty,,ok,107.38299989700317,53,53,2,0,53,530,19544280,0,False,,,,,,1,0,54,0,True,True,True,False
train_minutes,20260818_1823,1787091780.0,61,26742771,1,True,json,partial,thoth-minute-manifest/v5,t2_empty,t2,empty,,ok,151.70300006866455,56,56,2,1,56,560,20650560,0,False,,,,,,1,0,54,0,True,True,True,False
train_minutes,20260818_1824,1787091840.0,52,23170893,0,True,json,success,thoth-minute-manifest/v5,t2_empty,t2,empty,,ok,143.40700006484985,48,48,2,0,48,480,17700480,0,False,,,,,,1,0,54,0,True,True,True,False
train_minutes,20260818_1825,1787091900.0,61,28212462,0,True,json,collecting,thoth-minute-manifest/v4,t2_empty,t2,empty,,ok,58.0,58,57,1,1,57,570,21019320,0,False,,,,,,1,0,54,0,True,True,True,False
train_minutes,20260818_1826,1787091960.0,52,17795472,0,True,json,partial,thoth-minute-manifest/v5,t2_empty,t2,empty,,ok,155.14100003242493,48,48,1,1,48,480,17700480,0,False,,,,,,1,2,1137,1,True,False,True,False
train_minutes,20260818_1827,1787092020.0,41,18067019,0,True,json,success,thoth-minute-manifest/v5,t2_empty,t2,empty,,ok,119.92600011825562,37,37,1,0,37,370,13644120,0,False,,,,,,1,2,1163,1,True,True,True,False
train_minutes,20260818_1828,1787092080.0,57,25491443,0,True,json,success,thoth-minute-manifest/v5,t2_empty,t2,empty,,ok,110.12899994850159,53,53,2,0,53,530,19544280,0,False,,,,,,1,0,54,0,True,True,True,False
train_minutes,20260818_1829,1787092140.0,57,25491357,0,True,json,success,thoth-minute-manifest/v5,t2_empty,t2,empty,,ok,150.36100006103516,53,53,2,0,53,530,19544280,0,False,,,,,,1,0,54,0,True,True,True,False
train_minutes,20260818_1830,1787092200.0,59,20509896,0,True,json,partial,thoth-minute-manifest/v5,t2_empty,t2,empty,,ok,156.29399991035461,55,55,2,1,55,550,20281800,0,False,,,,,,1,0,54,0,True,True,True,False
train_minutes,20260818_1831,1787092260.0,61,21139839,0,True,json,partial,thoth-minute-manifest/v5,t2_empty,t2,empty,,ok,152.61800003051758,57,57,1,1,57,570,21019320,0,False,,,,,,1,2,1172,1,True,False,True,False
train_minutes,20260818_1832,1787092320.0,49,21779201,0,True,json,success,thoth-minute-manifest/v5,t2_empty,t2,empty,,ok,121.25,45,45,1,0,45,450,16594200,0,False,,,,,,1,1,589,1,True,True,True,False
train_minutes,20260818_1833,1787092380.0,59,20516082,0,True,json,partial,thoth-minute-manifest/v5,t2_empty,t2,empty,,ok,153.34500002861023,55,55,2,1,55,550,20281800,0,False,,,,,,1,1,669,1,True,True,True,False
train_minutes,20260818_1834,1787092440.0,58,24441339,0,True,json,partial,thoth-minute-manifest/v5,t2_empty,t2,empty,,ok,154.82200002670288,54,54,1,1,54,540,19913040,0,False,,,,,,1,9,4985,1,True,True,True,False
train_minutes,20260818_1835,1787092500.0,47,20850522,0,True,json,success,thoth-minute-manifest/v5,t2_empty,t2,empty,,ok,120.00699996948242,43,43,2,0,43,430,15856680,0,False,,,,,,1,0,54,0,True,True,True,False
train_minutes,20260818_1836,1787092560.0,61,27349296,0,True,json,success,thoth-minute-manifest/v5,t2_empty,t2,empty,,ok,119.88299989700317,57,57,1,0,57,570,21019320,0,False,,,,,,1,3,1733,1,True,True,True,False
train_minutes,20260818_1837,1787092620.0,53,23635317,0,True,json,success,thoth-minute-manifest/v5,t2_empty,t2,empty,,ok,133.01500010490417,49,49,2,0,49,490,18069240,0,False,,,,,,1,0,54,0,True,True,True,False
train_minutes,20260818_1839,1787092740.0,61,26778506,0,True,json,partial,thoth-minute-manifest/v5,t2_empty,t2,empty,,ok,152.375,57,57,2,1,57,570,21019320,0,False,,,,,,1,0,54,0,True,True,True,False
train_minutes,20260818_1840,1787092800.0,51,22708908,0,True,json,success,thoth-minute-manifest/v5,t2_empty,t2,empty,,ok,153.489000082016,47,47,1,0,47,470,17331720,0,False,,,,,,1,4,2213,1,True,True,True,False
train_minutes,20260818_1841,1787092860.0,55,24564544,0,True,json,success,thoth-minute-manifest/v5,t2_empty,t2,empty,,ok,146.77699995040894,51,51,2,0,51,510,18806760,0,False,,,,,,1,2,1176,1,True,True,True,False
train_minutes,20260818_1842,1787092920.0,44,19458376,0,True,json,success,thoth-minute-manifest/v5,t2_empty,t2,empty,,ok,104.78500008583069,40,40,2,0,40,400,14750400,0,False,,,,,,1,0,54,0,True,True,True,False
train_minutes,20260818_1843,1787092980.0,61,27348112,0,True,json,success,thoth-minute-manifest/v5,t2_empty,t2,empty,,ok,137.04999995231628,57,57,3,0,57,570,21019320,0,False,,,,,,1,0,54,0,True,True,True,False
train_minutes,20260818_1844,1787093040.0,54,24100230,0,True,json,success,thoth-minute-manifest/v5,t2_empty,t2,empty,,ok,134.87299990653992,50,50,1,0,50,500,18438000,0,False,,,,,,1,2,1202,1,True,True,True,False
train_minutes,20260818_1845,1787093100.0,61,27349269,0,True,json,success,thoth-minute-manifest/v5,t2_empty,t2,empty,,ok,94.34100008010864,57,57,1,0,57,570,21019320,0,False,,,,,,1,3,1694,1,True,True,True,False
train_minutes,20260818_1846,1787093160.0,6,1823838,0,True,json,success,thoth-minute-manifest/v5,t2_empty,t2,empty,,ok,58.69199991226196,2,2,2,0,2,20,737520,0,False,,,,,,1,1,601,1,True,True,True,False
train_minutes,20260818_1847,1787093220.0,61,27348586,0,True,json,success,thoth-minute-manifest/v5,t2_empty,t2,empty,,ok,85.96900010108948,57,57,2,0,57,570,21019320,0,False,,,,,,1,1,597,1,True,True,True,False
train_minutes,20260818_1848,1787093280.0,61,21240557,0,True,json,partial,thoth-minute-manifest/v5,t2_empty,t2,empty,,ok,152.23499989509583,57,57,3,1,57,570,21019320,0,False,,,,,,1,0,54,0,True,True,True,False
train_minutes,20260818_1849,1787093340.0,44,19460202,0,True,json,success,thoth-minute-manifest/v5,t2_empty,t2,empty,,ok,113.07800006866455,40,40,1,0,40,400,14750400,0,False,,,,,,1,4,2210,1,True,True,True,False
train_minutes,20260818_1850,1787093400.0,51,22706876,0,True,json,success,thoth-minute-manifest/v5,t2_empty,t2,empty,,ok,71.8199999332428,47,47,3,0,47,470,17331720,0,False,,,,,,1,0,54,0,True,True,True,False
train_minutes,20260818_1851,1787093460.0,59,26420988,0,True,json,success,thoth-minute-manifest/v5,t2_empty,t2,empty,,ok,125.62400007247925,55,55,1,0,55,550,20281800,0,False,,,,,,1,2,1136,1,True,True,True,False
train_minutes,20260818_1852,1787093520.0,54,24101515,0,True,json,success,thoth-minute-manifest/v5,t2_empty,t2,empty,,ok,147.00200009346008,50,50,1,0,50,500,18438000,0,False,,,,,,1,4,2238,1,True,True,True,False
train_minutes,20260818_1853,1787093580.0,54,24100691,0,True,json,success,thoth-minute-manifest/v5,t2_empty,t2,empty,,ok,116.56299996376038,50,50,1,0,50,500,18438000,0,False,,,,,,1,3,1667,1,True,True,True,False
train_minutes,20260818_1854,1787093640.0,61,27349706,0,True,json,success,thoth-minute-manifest/v5,t2_empty,t2,empty,,ok,86.98099994659424,57,57,2,0,57,570,21019320,0,False,,,,,,1,3,1723,1,True,True,True,False
train_minutes,20260818_1855,1787093700.0,61,26495521,0,True,json,partial,thoth-minute-manifest/v5,t2_empty,t2,empty,,ok,154.94899988174438,57,57,2,1,57,570,21019320,0,False,,,,,,1,1,600,1,True,True,True,False
train_minutes,20260818_1856,1787093760.0,62,26446829,1,True,json,collecting,thoth-minute-manifest/v4,t2_empty,t2,empty,,ok,58.0,58,57,2,0,57,570,21019320,0,False,,,,,,1,2,1133,1,True,True,True,False
train_minutes,20260818_1857,1787093820.0,40,17605223,0,True,json,success,thoth-minute-manifest/v5,t2_empty,t2,empty,,ok,97.91599988937378,36,36,1,0,36,360,13275360,0,False,,,,,,1,6,3365,1,True,True,True,False
train_minutes,20260818_1858,1787093880.0,57,25495497,0,True,json,success,thoth-minute-manifest/v5,t2_empty,t2,empty,,ok,81.44000005722046,53,53,1,0,53,530,19544280,0,False,,,,,,1,7,3907,1,True,True,True,False
train_minutes,20260818_1859,1787093940.0,61,29378693,0,True,json,collecting,thoth-minute-manifest/v4,t2_empty,t2,empty,,ok,58.0,58,57,2,1,57,570,21019320,0,False,,,,,,1,4,2265,1,True,True,True,False
train_minutes,20260818_1900,1787094000.0,41,18081382,0,True,json,success,thoth-minute-manifest/v5,t2_empty,t2,empty,,ok,120.16100001335144,37,37,1,0,37,370,13644120,0,False,,,,,,1,28,15539,1,True,True,True,False
train_minutes,20260818_1901,1787094060.0,61,27351292,0,True,json,success,thoth-minute-manifest/v5,t2_empty,t2,empty,,ok,132.86100006103516,57,57,2,0,57,570,21019320,0,False,,,,,,1,6,3441,1,True,True,True,False
train_minutes,20260818_1902,1787094120.0,58,25960361,0,True,json,success,thoth-minute-manifest/v5,t2_empty,t2,empty,,ok,147.8329999446869,54,54,1,0,54,540,19913040,0,False,,,,,,1,9,4944,1,True,True,True,False
train_minutes,20260818_1903,1787094180.0,52,23176237,0,True,json,success,thoth-minute-manifest/v5,t2_empty,t2,empty,,ok,104.33400011062622,48,48,1,0,48,480,17700480,0,False,,,,,,1,10,5517,1,True,True,True,False
train_minutes,20260818_1904,1787094240.0,22,9252270,0,True,json,success,thoth-minute-manifest/v5,t2_empty,t2,empty,,ok,58.84400010108948,18,18,2,0,18,180,6637680,0,False,,,,,,1,7,3885,1,True,True,True,False
train_minutes,20260818_1905,1787094300.0,61,27351712,0,True,json,success,thoth-minute-manifest/v5,t2_empty,t2,empty,,ok,72.38899993896484,57,57,2,0,57,570,21019320,0,False,,,,,,1,7,3806,1,True,True,True,False
train_minutes,20260818_1906,1787094360.0,61,27355227,0,True,json,success,thoth-minute-manifest/v5,t2_empty,t2,empty,,ok,103.04500007629395,57,57,1,0,57,570,21019320,0,False,,,,,,1,15,8144,1,True,True,True,False
train_minutes,20260818_1907,1787094420.0,52,23178993,0,True,json,success,thoth-minute-manifest/v5,t2_empty,t2,empty,,ok,149.64299988746643,48,48,1,0,48,480,17700480,0,False,,,,,,1,15,8224,1,True,True,True,False
train_minutes,20260818_1908,1787094480.0,59,26424610,0,True,json,success,thoth-minute-manifest/v5,t2_empty,t2,empty,,ok,96.57399988174438,55,55,1,0,55,550,20281800,0,False,,,,,,1,9,5069,1,True,True,True,False
train_minutes,20260818_1909,1787094540.0,14,5539943,0,True,json,success,thoth-minute-manifest/v5,t2_empty,t2,empty,,ok,58.73399996757507,10,10,2,0,10,100,3687600,0,False,,,,,,1,11,6069,1,True,True,True,False
train_minutes,20260818_1910,1787094600.0,61,27354713,0,True,json,success,thoth-minute-manifest/v5,t2_empty,t2,empty,,ok,85.86400008201599,57,57,2,0,57,570,21019320,0,False,,,,,,1,12,6737,1,True,True,True,False
train_minutes,20260818_1911,1787094660.0,53,23644279,0,True,json,success,thoth-minute-manifest/v5,t2_empty,t2,empty,,ok,102.27099990844727,49,49,1,0,49,490,18069240,0,False,,,,,,1,17,9477,1,True,True,True,False
train_minutes,20260818_1912,1787094720.0,58,25967032,0,True,json,success,thoth-minute-manifest/v5,t2_empty,t2,empty,,ok,116.97699999809265,54,54,1,0,54,540,19913040,0,False,,,,,,1,22,12011,1,True,True,True,False
train_minutes,20260818_1913,1787094780.0,54,24106471,0,True,json,success,thoth-minute-manifest/v5,t2_empty,t2,empty,,ok,110.9319999217987,50,50,1,0,50,500,18438000,0,False,,,,,,1,15,8225,1,True,True,True,False
train_minutes,20260818_1914,1787094840.0,61,27366758,0,True,json,success,thoth-minute-manifest/v5,t2_empty,t2,empty,,ok,130.2590000629425,57,57,2,0,57,570,21019320,0,False,,,,,,1,34,18733,1,True,True,True,False
train_minutes,20260818_1915,1787094900.0,49,21788711,0,True,json,success,thoth-minute-manifest/v5,t2_empty,t2,empty,,ok,137.48600006103516,45,45,1,0,45,450,16594200,0,False,,,,,,1,18,10076,1,True,True,True,False
train_minutes,20260818_1916,1787094960.0,50,22246665,0,True,json,success,thoth-minute-manifest/v5,t2_empty,t2,empty,,ok,98.16899991035461,46,46,1,0,46,460,16962960,0,False,,,,,,1,10,5558,1,True,True,True,False
train_minutes,20260818_1917,1787095020.0,60,26897750,0,True,json,success,thoth-minute-manifest/v5,t2_empty,t2,empty,,ok,93.04299998283386,56,56,1,0,56,560,20650560,0,False,,,,,,1,27,14713,1,True,True,True,False
train_minutes,20260818_1918,1787095080.0,61,27071657,0,True,json,partial,thoth-minute-manifest/v5,t2_empty,t2,empty,,ok,151.57500004768372,57,57,2,1,57,570,21019320,0,False,,,,,,1,13,7067,1,True,True,True,False
train_minutes,20260818_1919,1787095140.0,48,21321269,0,True,json,success,thoth-minute-manifest/v5,t2_empty,t2,empty,,ok,130.1710000038147,44,44,1,0,44,440,16225440,0,False,,,,,,1,12,6647,1,True,True,True,False
train_minutes,20260818_1920,1787095200.0,58,25960235,0,True,json,success,thoth-minute-manifest/v5,t2_empty,t2,empty,,ok,98.43300008773804,54,54,2,0,54,540,19913040,0,False,,,,,,1,9,4853,1,True,True,True,False
train_minutes,20260818_1921,1787095260.0,7,2292336,0,True,json,success,thoth-minute-manifest/v5,t2_empty,t2,empty,,ok,58.700000047683716,3,3,2,0,3,30,1106280,0,False,,,,,,1,9,5029,1,True,True,True,False
train_minutes,20260818_1922,1787095320.0,61,27352972,0,True,json,success,thoth-minute-manifest/v5,t2_empty,t2,empty,,ok,81.64199995994568,57,57,2,0,57,570,21019320,0,False,,,,,,1,9,4978,1,True,True,True,False
train_minutes,20260818_1923,1787095380.0,59,26424532,0,True,json,success,thoth-minute-manifest/v5,t2_empty,t2,empty,,ok,125.41499996185303,55,55,1,0,55,550,20281800,0,False,,,,,,1,9,4961,1,True,True,True,False
train_minutes,20260818_1924,1787095440.0,61,27165191,0,True,json,partial,thoth-minute-manifest/v5,t2_empty,t2,empty,,ok,149.80399990081787,57,57,2,1,57,570,21019320,0,False,,,,,,1,13,7224,1,True,True,True,False
train_minutes,20260818_1925,1787095500.0,46,20393419,0,True,json,success,thoth-minute-manifest/v5,t2_empty,t2,empty,,ok,96.17600011825562,42,42,1,0,42,420,15487920,0,False,,,,,,1,13,7104,1,True,True,True,False
train_minutes,20260818_1926,1787095560.0,24,10179453,0,True,json,success,thoth-minute-manifest/v5,t2_empty,t2,empty,,ok,58.990999937057495,20,20,2,0,20,200,7375200,0,False,,,,,,1,5,2758,1,True,True,True,False
train_minutes,20260818_1927,1787095620.0,60,26889680,0,True,json,success,thoth-minute-manifest/v5,t2_empty,t2,empty,,ok,114.61899995803833,56,56,1,0,56,560,20650560,0,False,,,,,,1,11,5990,1,True,True,True,False
train_minutes,20260818_1928,1787095680.0,61,27352582,0,True,json,success,thoth-minute-manifest/v5,t2_empty,t2,empty,,ok,118.76500010490417,57,57,2,0,57,570,21019320,0,False,,,,,,1,9,4985,1,True,True,True,False
train_minutes,20260818_1929,1787095740.0,49,21786933,0,True,json,success,thoth-minute-manifest/v5,t2_empty,t2,empty,,ok,100.19400000572205,45,45,1,0,45,450,16594200,0,False,,,,,,1,15,8259,1,True,True,True,False
train_minutes,20260818_1948,1787096880.0,61,27358290,0,True,json,success,thoth-minute-manifest/v5,t2_present,t2,present,,ok,123.69600009918213,57,57,1,0,57,570,21019320,0,False,,,,,,1,19,10552,1,True,True,True,False
train_minutes,20260818_1949,1787096940.0,60,27329607,0,True,json,collecting,thoth-minute-manifest/v4,t2_present,t2,present,,ok,58.0,58,56,1,1,56,560,20650560,0,False,,,,,,1,2,1153,1,True,True,True,False
train_minutes,20260818_1950,1787097000.0,44,21107837,0,True,json,success,thoth-minute-manifest/v5,t2_present,t2,present,,ok,117.625,40,40,1,0,40,400,14750400,0,False,,,,,,1,163,89747,1,True,True,True,False
train_minutes,20260818_1951,1787097060.0,61,29745924,0,True,json,success,thoth-minute-manifest/v5,t2_present,t2,present,,ok,95.37100005149841,57,57,2,0,57,570,21019320,0,False,,,,,,1,87,47659,1,True,True,True,False
train_minutes,20260818_1952,1787097120.0,60,29215982,0,True,json,success,thoth-minute-manifest/v5,t2_present,t2,present,,ok,113.91100001335144,56,56,1,0,56,560,20650560,0,False,,,,,,1,29,15934,1,True,True,True,False
train_minutes,20260818_1953,1787097180.0,52,25245927,0,True,json,success,thoth-minute-manifest/v5,t2_present,t2,present,,ok,116.10500001907349,48,48,1,0,48,480,17700480,0,False,,,,,,1,75,41332,1,True,True,True,False
train_minutes,20260818_1954,1787097240.0,61,31099093,0,True,json,success,thoth-minute-manifest/v5,t2_present,t2,present,,ok,135.94700002670288,57,57,1,0,57,570,21019320,0,False,,,,,,1,206,113421,1,True,True,True,False
train_minutes,20260818_1955,1787097300.0,61,33478678,0,True,json,collecting,thoth-minute-manifest/v4,t2_present,t2,present,,ok,58.0,58,57,2,1,57,570,21019320,0,False,,,,,,1,237,130098,1,True,True,True,False
train_minutes,20260818_1956,1787097360.0,60,21096837,0,True,json,partial,thoth-minute-manifest/v5,t2_present,t2,present,,ok,158.84100008010864,56,56,2,1,56,560,20650560,0,False,,,,,,1,304,167241,1,True,True,True,False
train_minutes,20260818_1957,1787097420.0,52,18024657,0,True,json,partial,thoth-minute-manifest/v5,t2_present,t2,present,,ok,153.15400004386902,48,48,1,1,48,480,17700480,0,False,,,,,,1,232,128131,1,True,True,True,False
train_minutes,20260818_1958,1787097480.0,41,21041813,0,True,json,success,thoth-minute-manifest/v5,t2_present,t2,present,,ok,109.09999990463257,37,37,1,0,37,370,13644120,0,False,,,,,,1,223,121840,1,True,True,True,False
train_minutes,20260818_1959,1787097540.0,61,31062305,0,True,json,success,thoth-minute-manifest/v5,t2_present,t2,present,,ok,100.55800008773804,57,57,2,0,57,570,21019320,0,False,,,,,,1,247,135776,1,True,True,True,False
train_minutes,20260818_2000,1787097600.0,61,32004044,0,True,json,collecting,thoth-minute-manifest/v4,t2_present,t2,present,,ok,58.0,58,57,2,1,57,570,21019320,0,False,,,,,,1,291,160548,1,True,True,True,False
train_minutes,20260818_2001,1787097660.0,53,26446494,0,True,json,success,thoth-minute-manifest/v5,t2_present,t2,present,,ok,162.36899995803833,49,49,1,0,49,490,18069240,0,False,,,,,,1,148,81962,1,True,True,True,False
train_minutes,20260818_2002,1787097720.0,60,30598172,0,True,json,success,thoth-minute-manifest/v5,t2_present,t2,present,,ok,125.73600006103516,56,56,1,0,56,560,20650560,0,False,,,,,,1,199,110126,1,True,True,True,False
train_minutes,20260818_2003,1787097780.0,45,22501840,0,True,json,success,thoth-minute-manifest/v5,t2_present,t2,present,,ok,86.90700006484985,41,41,2,0,41,410,15119160,0,False,,,,,,1,194,107219,1,True,True,True,False
train_minutes,20260818_2004,1787097840.0,60,30520677,0,True,json,success,thoth-minute-manifest/v5,t2_present,t2,present,,ok,133.55999994277954,56,56,1,0,56,560,20650560,0,False,,,,,,1,180,99367,1,True,True,True,False
train_minutes,20260818_2005,1787097900.0,60,30615150,0,True,json,success,thoth-minute-manifest/v5,t2_present,t2,present,,ok,147.74200010299683,56,56,1,0,56,560,20650560,0,False,,,,,,1,173,95042,1,True,True,True,False
train_minutes,20260818_2006,1787097960.0,47,23861627,0,True,json,success,thoth-minute-manifest/v5,t2_present,t2,present,,ok,92.33800005912781,43,43,1,0,43,430,15856680,0,False,,,,,,1,205,112825,1,True,True,True,False
train_minutes,20260818_2007,1787098020.0,12,5350106,0,True,json,success,thoth-minute-manifest/v5,t2_present,t2,present,,ok,58.78999996185303,8,8,2,0,8,80,2950080,0,False,,,,,,1,264,145277,1,True,True,True,False
train_minutes,20260818_2008,1787098080.0,61,31041296,0,True,json,success,thoth-minute-manifest/v5,t2_present,t2,present,,ok,69.62100005149841,57,57,2,0,57,570,21019320,0,False,,,,,,1,256,140989,1,True,True,True,False
train_minutes,20260818_2009,1787098140.0,61,30993858,0,True,json,success,thoth-minute-manifest/v5,t2_present,t2,present,,ok,138.82599997520447,57,57,1,0,57,570,21019320,0,False,,,,,,1,288,158027,1,True,True,True,False
train_minutes,20260818_2010,1787098200.0,61,27348042,0,True,json,success,thoth-minute-manifest/v5,t2_present,t2,present,,ok,109.01399993896484,57,57,2,0,57,570,21019320,0,False,,,,,,1,1,606,1,True,True,True,False
train_minutes,20260818_2011,1787098260.0,9,3217711,0,True,json,success,thoth-minute-manifest/v5,t2_present,t2,present,,ok,58.70899987220764,5,5,2,0,5,50,1843800,0,False,,,,,,1,4,2272,1,True,True,True,False
train_minutes,20260818_2012,1787098320.0,61,29707105,0,True,json,success,thoth-minute-manifest/v5,t2_present,t2,present,,ok,61.51099991798401,57,57,2,0,57,570,21019320,0,False,,,,,,1,121,66034,1,True,True,True,False
train_minutes,20260818_2013,1787098380.0,61,21278315,0,True,json,partial,thoth-minute-manifest/v5,t2_present,t2,present,,ok,152.70499992370605,57,57,1,1,57,570,21019320,0,False,,,,,,1,89,48649,1,True,True,True,False
train_minutes,20260818_2014,1787098440.0,58,27205520,0,True,json,success,thoth-minute-manifest/v5,t2_present,t2,present,,ok,125.9449999332428,54,54,1,0,54,540,19913040,0,False,,,,,,1,30,16514,1,True,True,True,False
train_minutes,20260818_2015,1787098500.0,61,30761269,0,True,json,success,thoth-minute-manifest/v5,t2_present,t2,present,,ok,145.35899996757507,57,57,2,0,57,570,21019320,0,False,,,,,,1,453,246483,1,True,True,True,False
train_minutes,20260818_2016,1787098560.0,58,28375174,0,True,json,success,thoth-minute-manifest/v5,t2_present,t2,present,,ok,132.07699990272522,54,54,1,0,54,540,19913040,0,False,,,,,,1,8,4414,1,True,True,True,False
train_minutes,20260818_2017,1787098620.0,58,29427185,0,True,json,success,thoth-minute-manifest/v5,t2_present,t2,present,,ok,107.23099994659424,54,54,2,0,54,540,19913040,0,False,,,,,,1,94,51692,1,True,True,True,False
train_minutes,20260818_2018,1787098680.0,7,2372243,0,True,json,success,thoth-minute-manifest/v5,t2_present,t2,present,,ok,58.741000175476074,3,3,2,0,3,30,1106280,0,False,,,,,,1,156,84961,1,True,True,True,False
train_minutes,20260818_2019,1787098740.0,61,31353306,0,True,json,success,thoth-minute-manifest/v5,t2_present,t2,present,,ok,59.484999895095825,57,57,2,0,57,570,21019320,0,False,,,,,,1,88,48581,1,True,True,True,False
train_minutes,20260818_2020,1787098800.0,61,31202357,0,True,json,success,thoth-minute-manifest/v5,t2_present,t2,present,,ok,103.25600004196167,57,57,2,0,57,570,21019320,0,False,,,,,,1,181,99647,1,True,True,True,False
train_minutes,20260818_2021,1787098860.0,58,29613805,0,True,json,success,thoth-minute-manifest/v5,t2_present,t2,present,,ok,153.614000082016,54,54,1,0,54,540,19913040,0,False,,,,,,1,126,69376,1,True,True,True,False
train_minutes,20260818_2022,1787098920.0,56,28649131,0,True,json,success,thoth-minute-manifest/v5,t2_present,t2,present,,ok,133.02300000190735,52,52,1,0,52,520,19175520,0,False,,,,,,1,209,114833,1,True,True,True,False
train_minutes,20260818_2023,1787098980.0,61,29938163,0,True,json,collecting,thoth-minute-manifest/v5,t2_present,t2,present,,ok,151.9210000038147,57,57,2,1,57,570,21019320,0,False,,,,,,1,145,79111,1,True,True,True,False
train_minutes,20260818_2024,1787099040.0,45,22333574,0,True,json,success,thoth-minute-manifest/v5,t2_present,t2,present,,ok,143.9170000553131,41,41,1,0,41,410,15119160,0,False,,,,,,1,114,62080,1,True,True,True,False
train_minutes,20260818_2025,1787099100.0,57,29090323,0,True,json,success,thoth-minute-manifest/v5,t2_present,t2,present,,ok,133.64400005340576,53,53,1,0,53,530,19544280,0,False,,,,,,1,160,88387,1,True,True,True,False
train_minutes,20260818_2026,1787099160.0,8,3205829,0,True,json,success,thoth-minute-manifest/v5,t2_present,t2,present,,ok,59.401000022888184,4,4,2,0,4,40,1475040,0,False,,,,,,1,287,157390,1,True,True,True,False
train_minutes,20260818_2027,1787099220.0,61,31120763,0,True,json,success,thoth-minute-manifest/v5,t2_present,t2,present,,ok,80.92600011825562,57,57,1,0,57,570,21019320,0,False,,,,,,1,274,148810,1,True,True,True,False
train_minutes,20260818_2028,1787099280.0,60,21166386,0,True,json,collecting,thoth-minute-manifest/v5,t2_present,t2,present,,ok,158.19400000572205,56,56,1,1,56,560,20650560,0,False,,,,,,1,327,178423,1,True,True,True,False
train_minutes,20260818_2029,1787099340.0,47,23499210,0,True,json,success,thoth-minute-manifest/v5,t2_present,t2,present,,ok,146.14000010490417,43,43,1,0,43,430,15856680,0,False,,,,,,1,310,168323,1,True,True,True,False
train_minutes,20260818_2030,1787099400.0,8,2882416,0,True,json,success,thoth-minute-manifest/v5,t2_present,t2,present,,ok,60.63199996948242,4,4,2,0,4,40,1475040,0,False,,,,,,1,242,131044,1,True,True,True,False
train_minutes,20260818_2031,1787099460.0,61,31095843,0,True,json,success,thoth-minute-manifest/v5,t2_present,t2,present,,ok,73.4449999332428,57,57,2,0,57,570,21019320,0,False,,,,,,1,299,163805,1,True,True,True,False
train_minutes,20260818_2032,1787099520.0,60,21054856,0,True,json,partial,thoth-minute-manifest/v5,t2_present,t2,present,,ok,164.4300000667572,56,56,1,1,56,560,20650560,0,False,,,,,,1,332,181653,1,True,True,True,False
train_minutes,20260818_2033,1787099580.0,61,31029180,0,True,json,success,thoth-minute-manifest/v5,t2_present,t2,present,,ok,148.69400000572205,57,57,1,0,57,570,21019320,0,False,,,,,,1,351,191968,1,True,True,True,False
train_minutes,20260818_2034,1787099640.0,54,27582747,0,True,json,success,thoth-minute-manifest/v5,t2_present,t2,present,,ok,121.33299994468689,50,50,2,0,50,500,18438000,0,False,,,,,,1,300,165011,1,True,True,True,False
train_minutes,20260818_2035,1787099700.0,59,20828656,0,True,json,partial,thoth-minute-manifest/v5,t2_present,t2,present,,ok,152.3619999885559,55,55,1,1,55,550,20281800,0,False,,,,,,1,379,207160,1,True,False,True,False
train_minutes,20260818_2036,1787099760.0,47,25721919,0,True,json,collecting,thoth-minute-manifest/v4,t2_present,t2,present,,ok,58.0,58,43,1,1,43,430,15856680,0,False,,,,,,1,319,174463,1,True,True,True,False
train_minutes,20260818_2037,1787099820.0,60,30731558,0,True,json,success,thoth-minute-manifest/v5,t2_present,t2,present,,ok,113.06100010871887,56,56,1,0,56,560,20650560,0,False,,,,,,1,356,195334,1,True,True,True,False
train_minutes,20260818_2038,1787099880.0,29,14382128,0,True,json,success,thoth-minute-manifest/v5,t2_present,t2,present,,ok,60.10599994659424,25,25,1,0,25,250,9219000,0,False,,,,,,1,315,172235,1,True,True,True,False
train_minutes,20260818_2039,1787099940.0,56,29219077,0,True,json,success,thoth-minute-manifest/v5,t2_present,t2,present,,ok,123.16300010681152,52,52,1,0,52,520,19175520,0,False,,,,,,1,367,200542,1,True,True,True,False
train_minutes,20260818_2040,1787100000.0,53,30585355,1,True,json,collecting,thoth-minute-manifest/v4,t2_present,t2,present,,ok,58.0,58,48,1,1,48,480,17700480,0,False,,,,,,1,304,165814,1,True,True,True,False
train_minutes,20260818_2041,1787100060.0,45,23263886,0,True,json,success,thoth-minute-manifest/v5,t2_present,t2,present,,ok,104.86700010299683,41,41,1,0,41,410,15119160,0,False,,,,,,1,462,252056,1,True,True,True,False
train_minutes,20260818_2042,1787100120.0,27,13242313,0,True,json,success,thoth-minute-manifest/v5,t2_present,t2,present,,ok,59.04800009727478,23,23,2,0,23,230,8481480,0,False,,,,,,1,343,187505,1,True,True,True,False
train_minutes,20260818_2043,1787100180.0,61,30989426,0,True,json,success,thoth-minute-manifest/v5,t2_present,t2,present,,ok,91.46799993515015,57,57,1,0,57,570,21019320,0,False,,,,,,1,307,167546,1,True,True,True,False
train_minutes,20260818_2044,1787100240.0,60,28916301,1,True,json,partial,thoth-minute-manifest/v5,t2_present,t2,present,,ok,151.47199988365173,55,55,1,1,55,550,20281800,0,False,,,,,,1,217,118057,1,True,True,True,False
train_minutes,20260818_2045,1787100300.0,61,30665314,0,True,json,success,thoth-minute-manifest/v5,t2_present,t2,present,,ok,131.86999988555908,57,57,1,0,57,570,21019320,0,False,,,,,,1,311,170254,1,True,True,True,False
train_minutes,20260818_2046,1787100360.0,60,30546770,0,True,json,success,thoth-minute-manifest/v5,t2_present,t2,present,,ok,138.14000010490417,56,56,2,0,56,560,20650560,0,False,,,,,,1,388,213130,1,True,True,True,False
train_minutes,20260818_2047,1787100420.0,55,21365035,1,True,json,collecting,thoth-minute-manifest/v4,t2_present,t2,present,,ok,58.0,58,50,1,1,50,500,18438000,0,False,,,,,,1,458,251063,1,True,True,True,False
train_minutes,20260818_2048,1787100480.0,49,24852310,0,True,json,success,thoth-minute-manifest/v5,t2_present,t2,present,,ok,152.42700004577637,45,45,1,0,45,450,16594200,0,False,,,,,,1,421,230354,1,True,True,True,False
train_minutes,20260818_2049,1787100540.0,43,20253241,0,True,json,success,thoth-minute-manifest/v5,t2_present,t2,present,,ok,106.05200004577637,39,39,1,0,39,390,14381640,0,False,,,,,,1,192,105097,1,True,True,True,False
train_minutes,20260818_2050,1787100600.0,22,10776876,0,True,json,success,thoth-minute-manifest/v5,t2_present,t2,present,,ok,59.26699995994568,18,18,2,0,18,180,6637680,0,False,,,,,,1,485,266517,1,True,True,True,False
train_minutes,20260818_2051,1787100660.0,60,30812079,0,True,json,success,thoth-minute-manifest/v5,t2_present,t2,present,,ok,123.73699998855591,56,56,1,0,56,560,20650560,0,False,,,,,,1,458,250369,1,True,True,True,False
train_minutes,20260818_2052,1787100720.0,56,26644363,0,True,json,success,thoth-minute-manifest/v5,t2_present,t2,present,,ok,141.78999996185303,52,52,1,0,52,520,19175520,0,False,,,,,,1,247,135118,1,True,True,True,False
train_minutes,20260818_2053,1787100780.0,55,19262388,0,True,json,partial,thoth-minute-manifest/v5,t2_present,t2,present,,ok,152.78600001335144,51,51,1,1,51,510,18806760,0,False,,,,,,1,334,183257,1,True,True,True,False
train_minutes,20260818_2054,1787100840.0,41,18737905,0,True,json,success,thoth-minute-manifest/v5,t2_present,t2,present,,ok,136.010999917984,37,37,1,0,37,370,13644120,0,False,,,,,,1,102,56017,1,True,True,True,False
train_minutes,20260818_2055,1787100900.0,49,24721170,0,True,json,success,thoth-minute-manifest/v5,t2_present,t2,present,,ok,132.67199993133545,45,45,1,0,45,450,16594200,0,False,,,,,,1,315,173033,1,True,True,True,False
train_minutes,20260818_2056,1787100960.0,60,21193167,0,True,json,collecting,thoth-minute-manifest/v4,t2_present,t2,present,,ok,58.0,58,56,1,0,56,560,20650560,0,False,,,,,,1,335,183290,1,True,True,True,False
train_minutes,20260818_2057,1787101020.0,44,14393093,1,True,json,collecting,thoth-minute-manifest/v4,t2_present,t2,present,,ok,58.0,58,38,1,0,39,380,14012880,1,False,,,,,,1,321,177415,1,True,True,True,False
train_minutes,20260826_1621,1787775660.0,59,32256805,0,True,json,success,thoth-minute-manifest/v5,t2_present,t2,present,,ok,143.7369999885559,55,55,1,0,55,550,20281800,0,False,,,,,,1,6806,3741812,1,True,True,True,False
train_minutes,20260826_1622,1787775720.0,43,22201684,0,True,json,success,thoth-minute-manifest/v5,t2_present,t2,present,,ok,115.89199995994568,39,39,1,0,39,390,14381640,0,False,,,,,,1,5834,3217795,1,True,True,True,False
train_minutes,20260826_1624,1787775840.0,41,17202431,0,True,json,partial,thoth-minute-manifest/v5,t2_present,t2,present,,ok,177.79299998283386,37,37,1,1,37,370,13644120,0,False,,,,,,1,5855,3234214,1,True,True,True,False
train_minutes,20260826_1625,1787775900.0,33,17329549,0,True,json,success,thoth-minute-manifest/v5,t2_present,t2,present,,ok,145.53600001335144,29,29,1,0,29,290,10694040,0,False,,,,,,1,5369,2956254,1,True,True,True,False
train_minutes,20260826_1626,1787775960.0,26,14766652,0,True,json,success,thoth-minute-manifest/v5,t2_present,t2,present,,ok,94.05299997329712,22,22,1,0,22,220,8112720,0,False,,,,,,1,4619,2548893,1,True,True,True,False
train_minutes,20260826_1627,1787776020.0,59,34396042,0,True,json,success,thoth-minute-manifest/v5,t2_present,t2,present,,ok,91.13599991798401,55,55,1,0,55,550,20281800,0,False,,,,,,1,5859,3228296,1,True,True,True,False
train_minutes,20260826_1628,1787776080.0,50,25711394,0,True,json,success,thoth-minute-manifest/v5,t2_present,t2,present,,ok,139.6489999294281,46,46,1,0,46,460,16962960,0,False,,,,,,1,6278,3467070,1,True,True,True,False
train_minutes,20260826_1629,1787776140.0,38,19768817,0,True,json,success,thoth-minute-manifest/v5,t2_present,t2,present,,ok,86.59699988365173,34,34,1,0,34,340,12537840,0,False,,,,,,1,5583,3083087,1,True,True,True,False
train_minutes,20260826_1630,1787776200.0,61,30939165,0,True,json,success,thoth-minute-manifest/v5,t2_present,t2,present,,ok,123.49000000953674,57,57,2,0,57,570,21019320,0,False,,,,,,1,5425,2996711,1,True,True,True,False
train_minutes,20260826_1631,1787776260.0,59,29885395,0,True,json,success,thoth-minute-manifest/v5,t2_present,t2,present,,ok,113.34400010108948,55,55,1,0,55,550,20281800,0,False,,,,,,1,6234,3440252,1,True,True,True,False
train_minutes,20260826_1632,1787776320.0,61,29953313,0,True,json,partial,thoth-minute-manifest/v5,t2_present,t2,present,,ok,161.07999992370605,57,57,1,1,57,570,21019320,0,False,,,,,,1,6229,3442137,1,True,True,True,False
train_minutes,20260826_1633,1787776380.0,38,19753638,0,True,json,success,thoth-minute-manifest/v5,t2_present,t2,present,,ok,138.87800002098083,34,34,1,0,34,340,12537840,0,False,,,,,,1,5581,3079916,1,True,True,True,False
train_minutes,20260826_1634,1787776440.0,35,18179344,0,True,json,success,thoth-minute-manifest/v5,t2_present,t2,present,,ok,94.64000010490417,31,31,1,0,31,310,11431560,0,False,,,,,,1,5231,2898134,1,True,True,True,False
train_minutes,20260826_1635,1787776500.0,54,26965453,0,True,json,success,thoth-minute-manifest/v5,t2_present,t2,present,,ok,154.05200004577637,50,50,1,0,50,500,18438000,0,False,,,,,,1,5171,2866761,1,True,True,True,False
train_minutes,20260826_1636,1787776560.0,52,26488390,0,True,json,success,thoth-minute-manifest/v5,t2_present,t2,present,,ok,119.9079999923706,48,48,1,0,48,480,17700480,0,False,,,,,,1,5989,3318092,1,True,True,True,False
train_minutes,20260826_1638,1787776680.0,36,18748272,0,True,json,success,thoth-minute-manifest/v5,t2_present,t2,present,,ok,115.67499995231628,32,32,1,0,32,320,11800320,0,False,,,,,,1,5426,3003419,1,True,True,True,False
train_minutes,20260826_1639,1787776740.0,52,25974117,0,True,json,success,thoth-minute-manifest/v5,t2_present,t2,present,,ok,131.21199989318848,48,48,2,0,48,480,17700480,0,False,,,,,,1,5065,2803825,1,True,True,True,False
train_minutes,20260826_1640,1787776800.0,51,26242816,0,True,json,success,thoth-minute-manifest/v5,t2_present,t2,present,,ok,99.29099988937378,47,47,1,0,47,470,17331720,0,False,,,,,,1,6560,3631542,1,True,True,True,False
train_minutes,20260826_1641,1787776860.0,61,30910826,0,True,json,success,thoth-minute-manifest/v5,t2_present,t2,present,,ok,72.62899994850159,57,57,2,0,57,570,21019320,0,False,,,,,,1,6311,3493906,1,True,True,True,False
train_minutes,20260826_1642,1787776920.0,58,29559339,0,True,json,success,thoth-minute-manifest/v5,t2_present,t2,present,,ok,139.52699995040894,54,54,1,0,54,540,19913040,0,False,,,,,,1,6192,3432049,1,True,True,True,False
train_minutes,20260826_1643,1787776980.0,45,23129199,0,True,json,success,thoth-minute-manifest/v5,t2_present,t2,present,,ok,119.0239999294281,41,41,1,0,41,410,15119160,0,False,,,,,,1,5795,3210825,1,True,True,True,False
train_minutes,20260826_1644,1787777040.0,54,27006964,0,True,json,success,thoth-minute-manifest/v5,t2_present,t2,present,,ok,112.85999989509583,50,50,1,0,50,500,18438000,0,False,,,,,,1,4979,2764420,1,True,True,True,False
train_minutes,20260826_1645,1787777100.0,35,16748689,0,True,json,success,thoth-minute-manifest/v5,t2_present,t2,present,,ok,95.43300008773804,31,31,1,0,31,310,11431560,0,False,,,,,,1,1968,1089313,1,True,True,True,False
train_minutes,20260826_1646,1787777160.0,61,27347914,0,True,json,success,thoth-minute-manifest/v5,t2_present,t2,present,,ok,80.01999998092651,57,57,2,0,57,570,21019320,0,False,,,,,,1,0,54,0,True,True,True,False
train_minutes,20260826_1647,1787777220.0,58,25955116,0,True,json,success,thoth-minute-manifest/v5,t2_present,t2,present,,ok,148.70600008964539,54,54,2,0,54,540,19913040,0,False,,,,,,1,0,54,0,True,True,True,False
train_minutes,20260826_1648,1787777280.0,49,21682831,0,True,json,success,thoth-minute-manifest/v5,t2_present,t2,present,,ok,134.37400007247925,45,45,2,0,45,450,16594200,0,False,,,,,,1,0,54,0,True,True,True,False
train_minutes,20260826_1649,1787777340.0,59,26929855,1,True,json,collecting,thoth-minute-manifest/v4,t2_present,t2,present,,ok,58.0,58,54,1,1,54,540,19913040,0,False,,,,,,1,0,54,0,True,True,True,False
train_minutes,20260826_1650,1787777400.0,30,12958367,0,True,json,success,thoth-minute-manifest/v5,t2_present,t2,present,,ok,96.96799993515015,26,26,2,0,26,260,9587760,0,False,,,,,,1,0,54,0,True,True,True,False
train_minutes,20260826_1651,1787777460.0,60,26883926,0,True,json,success,thoth-minute-manifest/v5,t2_present,t2,present,,ok,95.7720000743866,56,56,2,0,56,560,20650560,0,False,,,,,,1,0,54,0,True,True,True,False
train_minutes,20260826_1652,1787777520.0,41,18066003,0,True,json,success,thoth-minute-manifest/v5,t2_present,t2,present,,ok,85.35800004005432,37,37,2,0,37,370,13644120,0,False,,,,,,1,0,54,0,True,True,True,False
train_minutes,20260826_1653,1787777580.0,61,27348047,0,True,json,success,thoth-minute-manifest/v5,t2_present,t2,present,,ok,70.7170000076294,57,57,3,0,57,570,21019320,0,False,,,,,,1,0,54,0,True,True,True,False
train_minutes,20260826_1654,1787777640.0,58,25955717,0,True,json,success,thoth-minute-manifest/v5,t2_present,t2,present,,ok,143.7699999809265,54,54,2,0,54,540,19913040,0,False,,,,,,1,0,54,0,True,True,True,False
train_minutes,20260826_1655,1787777700.0,35,15281441,0,True,json,success,thoth-minute-manifest/v5,t2_present,t2,present,,ok,89.23200011253357,31,31,2,0,31,310,11431560,0,False,,,,,,1,0,54,0,True,True,True,False
train_minutes,20260826_1656,1787777760.0,59,26418358,0,True,json,success,thoth-minute-manifest/v5,t2_present,t2,present,,ok,63.08299994468689,55,55,2,0,55,550,20281800,0,False,,,,,,1,0,54,0,True,True,True,False
train_minutes,20260826_1657,1787777820.0,52,23166875,0,True,json,success,thoth-minute-manifest/v5,t2_present,t2,present,,ok,113.35899996757507,48,48,2,0,48,480,17700480,0,False,,,,,,1,0,54,0,True,True,True,False
train_minutes,20260826_1658,1787777880.0,61,27346452,0,True,json,success,thoth-minute-manifest/v5,t2_present,t2,present,,ok,108.26799988746643,57,57,3,0,57,570,21019320,0,False,,,,,,1,0,54,0,True,True,True,False
train_minutes,20260826_1659,1787777940.0,49,21776542,0,True,json,success,thoth-minute-manifest/v5,t2_present,t2,present,,ok,143.01200008392334,45,45,2,0,45,450,16594200,0,False,,,,,,1,0,54,0,True,True,True,False
train_minutes,20260826_1700,1787778000.0,47,20845915,0,True,json,success,thoth-minute-manifest/v5,t2_present,t2,present,,ok,96.40199995040894,43,43,2,0,43,430,15856680,0,False,,,,,,1,0,54,0,True,True,True,False
train_minutes,20260826_1701,1787778060.0,59,26416524,0,True,json,success,thoth-minute-manifest/v5,t2_present,t2,present,,ok,74.71199989318848,55,55,2,0,55,550,20281800,0,False,,,,,,1,0,54,0,True,True,True,False
train_minutes,20260826_1702,1787778120.0,47,20849499,0,True,json,success,thoth-minute-manifest/v5,t2_present,t2,present,,ok,122.48300004005432,43,43,2,0,43,430,15856680,0,False,,,,,,1,0,54,0,True,True,True,False
train_minutes,20260826_1703,1787778180.0,54,24000760,0,True,json,success,thoth-minute-manifest/v5,t2_present,t2,present,,ok,90.66199994087219,50,50,2,0,50,500,18438000,0,False,,,,,,1,0,54,0,True,True,True,False
train_minutes,20260826_1704,1787778240.0,51,22702798,0,True,json,success,thoth-minute-manifest/v5,t2_present,t2,present,,ok,109.0220000743866,47,47,2,0,47,470,17331720,0,False,,,,,,1,0,54,0,True,True,True,False
train_minutes,20260826_1705,1787778300.0,55,24563352,0,True,json,success,thoth-minute-manifest/v5,t2_present,t2,present,,ok,70.28399991989136,51,51,3,0,51,510,18806760,0,False,,,,,,1,0,54,0,True,True,True,False
train_minutes,20260826_1706,1787778360.0,59,26418736,0,True,json,success,thoth-minute-manifest/v5,t2_present,t2,present,,ok,143.61700010299683,55,55,2,0,55,550,20281800,0,False,,,,,,1,0,54,0,True,True,True,False
train_minutes,20260826_1707,1787778420.0,43,18993334,0,True,json,success,thoth-minute-manifest/v5,t2_present,t2,present,,ok,102.26200008392334,39,39,2,0,39,390,14381640,0,False,,,,,,1,0,54,0,True,True,True,False
train_minutes,20260826_1708,1787778480.0,61,27344289,0,True,json,success,thoth-minute-manifest/v5,t2_present,t2,present,,ok,81.98000001907349,57,57,3,0,57,570,21019320,0,False,,,,,,1,0,54,0,True,True,True,False
train_minutes,20260826_1709,1787778540.0,51,22910430,0,True,json,success,thoth-minute-manifest/v5,t2_present,t2,present,,ok,153.95099997520447,47,47,2,0,47,470,17331720,0,False,,,,,,1,0,54,0,True,True,True,False
train_minutes,20260826_1710,1787778600.0,43,18994075,0,True,json,success,thoth-minute-manifest/v5,t2_present,t2,present,,ok,128.05999994277954,39,39,2,0,39,390,14381640,0,False,,,,,,1,0,54,0,True,True,True,False
train_minutes,20260826_1711,1787778660.0,58,25954178,0,True,json,success,thoth-minute-manifest/v5,t2_present,t2,present,,ok,143.45499992370605,54,54,3,0,54,540,19913040,0,False,,,,,,1,0,54,0,True,True,True,False
train_minutes,20260826_1712,1787778720.0,58,20304521,0,True,json,collecting,thoth-minute-manifest/v4,t2_present,t2,present,,ok,58.0,58,54,1,0,54,540,19913040,0,False,,,,,,1,0,54,0,True,True,True,False
train_minutes,20260826_1713,1787778780.0,59,20553012,0,True,json,collecting,thoth-minute-manifest/v4,t2_present,t2,present,,ok,58.0,58,55,2,0,55,550,20281800,0,False,,,,,,1,0,54,0,True,True,True,False
train_minutes,20260826_1714,1787778840.0,27,8641082,0,True,json,collecting,thoth-minute-manifest/v4,t2_present,t2,present,,ok,58.0,58,23,1,0,23,230,8481480,0,False,,,,,,1,0,54,0,True,True,True,False
train_minutes,20260826_1810,1787782200.0,50,29731800,0,True,json,success,thoth-minute-manifest/v5,t2_sleep,t2,sleep,,ok,98.82100009918213,46,46,1,0,46,460,16962960,0,False,,,,,,1,7132,3817269,1,True,True,True,False
train_minutes,20260826_1811,1787782260.0,61,35024172,0,True,json,success,thoth-minute-manifest/v5,t2_sleep,t2,sleep,,ok,83.79299998283386,57,57,2,0,57,570,21019320,0,False,,,,,,1,7130,3809142,1,True,True,True,False
train_minutes,20260826_1813,1787782380.0,45,24976215,0,True,json,success,thoth-minute-manifest/v5,t2_sleep,t2,sleep,,ok,114.96300005912781,41,41,1,0,41,410,15119160,0,False,,,,,,1,6475,3462649,1,True,True,True,False
train_minutes,20260826_1814,1787782440.0,60,35081027,0,True,json,collecting,thoth-minute-manifest/v4,t2_sleep,t2,sleep,,ok,58.0,58,56,1,1,56,560,20650560,0,False,,,,,,1,6110,3273060,1,True,True,True,False
train_minutes,20260826_1815,1787782500.0,38,20225049,0,True,json,success,thoth-minute-manifest/v5,t2_sleep,t2,sleep,,ok,106.43899989128113,34,34,1,0,34,340,12537840,0,False,,,,,,1,5007,2671968,1,True,True,True,False
train_minutes,20260826_1816,1787782560.0,23,13928697,0,True,json,success,thoth-minute-manifest/v5,t2_sleep,t2,sleep,,ok,59.0699999332428,19,19,1,0,19,190,7006440,0,False,,,,,,1,5457,2919343,1,True,True,True,False
train_minutes,20260826_1817,1787782620.0,58,32116353,0,True,json,success,thoth-minute-manifest/v5,t2_sleep,t2,sleep,,ok,134.7699999809265,54,54,1,0,54,540,19913040,0,False,,,,,,1,7358,3930436,1,True,True,True,False
train_minutes,20260826_1818,1787782680.0,38,22267675,0,True,json,success,thoth-minute-manifest/v5,t2_sleep,t2,sleep,,ok,91.33899998664856,34,34,1,0,34,340,12537840,0,False,,,,,,1,5739,3066032,1,True,True,True,False
train_minutes,20260826_1819,1787782740.0,61,33557497,0,True,json,collecting,thoth-minute-manifest/v4,t2_sleep,t2,sleep,,ok,58.0,58,57,1,1,57,570,21019320,0,False,,,,,,1,6969,3722263,1,True,True,True,False
train_minutes,20260826_1820,1787782800.0,37,20076023,0,True,json,success,thoth-minute-manifest/v5,t2_sleep,t2,sleep,,ok,124.07100009918213,33,33,1,0,33,330,12169080,0,False,,,,,,1,5506,2943634,1,True,True,True,False
train_minutes,20260826_1821,1787782860.0,44,24371987,0,True,json,success,thoth-minute-manifest/v5,t2_sleep,t2,sleep,,ok,80.25,40,40,2,0,40,400,14750400,0,False,,,,,,1,5885,3144692,1,True,True,True,False
train_minutes,20260826_1822,1787782920.0,10,7262933,0,True,json,success,thoth-minute-manifest/v5,t2_sleep,t2,sleep,,ok,61.19099998474121,6,6,2,0,6,60,2212560,0,False,,,,,,1,6409,3426265,1,True,True,True,False
train_minutes,20260826_1823,1787782980.0,58,33356524,0,True,json,success,thoth-minute-manifest/v5,t2_sleep,t2,sleep,,ok,65.31200003623962,54,54,1,0,54,540,19913040,0,False,,,,,,1,7727,4133400,1,True,True,True,False
train_minutes,20260826_1824,1787783040.0,53,31173814,0,True,json,success,thoth-minute-manifest/v5,t2_sleep,t2,sleep,,ok,134.76900005340576,49,49,1,0,49,490,18069240,0,False,,,,,,1,6983,3740113,1,True,True,True,False
train_minutes,20260826_1825,1787783100.0,37,19665282,0,True,json,success,thoth-minute-manifest/v5,t2_sleep,t2,sleep,,ok,83.89299988746643,33,33,1,0,33,330,12169080,0,False,,,,,,1,5927,3164483,1,True,True,True,False
train_minutes,20260826_1826,1787783160.0,12,8578240,0,True,json,success,thoth-minute-manifest/v5,t2_sleep,t2,sleep,,ok,58.84999990463257,8,8,2,0,8,80,2950080,0,False,,,,,,1,7374,3927782,1,True,True,True,False
train_minutes,20260826_1827,1787783220.0,61,32051430,0,True,json,success,thoth-minute-manifest/v5,t2_sleep,t2,sleep,,ok,88.61700010299683,57,57,2,0,57,570,21019320,0,False,,,,,,1,7616,4045255,1,True,True,True,False
train_minutes,20260826_1828,1787783280.0,44,18303234,0,True,json,collecting,thoth-minute-manifest/v4,t2_sleep,t2,sleep,,ok,58.0,58,40,1,0,40,400,14750400,0,False,,,,,,1,6117,3253966,1,True,True,True,False
train_minutes,20260826_1829,1787783340.0,32,13420821,0,True,json,collecting,thoth-minute-manifest/v4,t2_sleep,t2,sleep,,ok,58.0,58,28,1,0,28,280,10325280,0,False,,,,,,1,5469,2918714,1,True,True,True,False
train_minutes,20260827_0256,1787813760.0,58,31895562,0,True,json,success,thoth-minute-manifest/v5,t2_sleep,t2,sleep,,ok,117.46799993515015,54,54,1,0,54,540,19913040,0,False,,,,,,1,7241,3846879,1,True,True,True,False
train_minutes,20260827_0257,1787813820.0,29,16808399,0,True,json,success,thoth-minute-manifest/v5,t2_sleep,t2,sleep,,ok,87.79999995231628,25,25,1,0,25,250,9219000,0,False,,,,,,1,4609,2456394,1,True,True,True,False
train_minutes,20260827_0258,1787813880.0,61,32568203,0,True,json,success,thoth-minute-manifest/v5,t2_sleep,t2,sleep,,ok,59.57200002670288,57,57,2,0,57,570,21019320,0,False,,,,,,1,6702,3576246,1,True,True,True,False
train_minutes,20260827_0259,1787813940.0,61,32992678,0,True,json,success,thoth-minute-manifest/v5,t2_sleep,t2,sleep,,ok,88.68600010871887,57,57,2,0,57,570,21019320,0,False,,,,,,1,6987,3727721,1,True,True,True,False
train_minutes,20260827_0300,1787814000.0,50,25602585,0,True,json,success,thoth-minute-manifest/v5,t2_sleep,t2,sleep,,ok,114.60899996757507,46,46,1,0,46,460,16962960,0,False,,,,,,1,5097,2718886,1,True,True,True,False
train_minutes,20260827_0301,1787814060.0,61,31305686,0,True,json,success,thoth-minute-manifest/v5,t2_sleep,t2,sleep,,ok,110.51399993896484,57,57,2,0,57,570,21019320,0,False,,,,,,1,5791,3090696,1,True,True,True,False
train_minutes,20260827_0302,1787814120.0,47,24467771,0,True,json,success,thoth-minute-manifest/v5,t2_sleep,t2,sleep,,ok,143.71199989318848,43,43,1,0,43,430,15856680,0,False,,,,,,1,5909,3153257,1,True,True,True,False
train_minutes,20260827_0303,1787814180.0,48,24446533,0,True,json,success,thoth-minute-manifest/v5,t2_sleep,t2,sleep,,ok,104.34299993515015,44,44,1,0,44,440,16225440,0,False,,,,,,1,5560,2971025,1,True,True,True,False
train_minutes,20260827_0304,1787814240.0,15,8825201,0,True,json,success,thoth-minute-manifest/v5,t2_sleep,t2,sleep,,ok,67.13800001144409,11,11,1,0,11,110,4056360,0,False,,,,,,1,5289,2825359,1,True,True,True,False
train_minutes,20260827_0305,1787814300.0,54,27837015,0,True,json,success,thoth-minute-manifest/v5,t2_sleep,t2,sleep,,ok,83.59999990463257,50,50,1,0,50,500,18438000,0,False,,,,,,1,6083,3256898,1,True,True,True,False
train_minutes,20260827_0306,1787814360.0,49,27092291,0,True,json,success,thoth-minute-manifest/v5,t2_sleep,t2,sleep,,ok,93.22900009155273,45,45,1,0,45,450,16594200,0,False,,,,,,1,6788,3638896,1,True,True,True,False
train_minutes,20260827_0307,1787814420.0,50,25299928,0,True,json,success,thoth-minute-manifest/v5,t2_sleep,t2,sleep,,ok,116.4319999217987,46,46,1,0,46,460,16962960,0,False,,,,,,1,5705,3058202,1,True,True,True,False
train_minutes,20260827_0308,1787814480.0,60,30483680,0,True,json,success,thoth-minute-manifest/v5,t2_sleep,t2,sleep,,ok,81.55200004577637,56,56,2,0,56,560,20650560,0,False,,,,,,1,6727,3600653,1,True,True,True,False
train_minutes,20260827_0309,1787814540.0,48,24710649,0,True,json,success,thoth-minute-manifest/v5,t2_sleep,t2,sleep,,ok,140.9119999408722,44,44,1,0,44,440,16225440,0,False,,,,,,1,6341,3396094,1,True,True,True,False
train_minutes,20260827_0310,1787814600.0,30,16128157,0,True,json,success,thoth-minute-manifest/v5,t2_sleep,t2,sleep,,ok,86.40400004386902,26,26,1,0,26,260,9587760,0,False,,,,,,1,5907,3167685,1,True,True,True,False
train_minutes,20260827_0311,1787814660.0,58,29619855,0,True,json,success,thoth-minute-manifest/v5,t2_sleep,t2,sleep,,ok,84.95900011062622,54,54,1,0,54,540,19913040,0,False,,,,,,1,6838,3665016,1,True,True,True,False
train_minutes,20260827_0312,1787814720.0,46,23125810,0,True,json,success,thoth-minute-manifest/v5,t2_sleep,t2,sleep,,ok,131.35700011253357,42,42,1,0,42,420,15487920,0,False,,,,,,1,5113,2739534,1,True,True,True,False
train_minutes,20260827_0313,1787814780.0,58,29290078,0,True,json,success,thoth-minute-manifest/v5,t2_sleep,t2,sleep,,ok,114.46099996566772,54,54,2,0,54,540,19913040,0,False,,,,,,1,6226,3335129,1,True,True,True,False
train_minutes,20260827_0314,1787814840.0,41,20493432,0,True,json,success,thoth-minute-manifest/v5,t2_sleep,t2,sleep,,ok,77.61800003051758,37,37,1,0,37,370,13644120,0,False,,,,,,1,4534,2427309,1,True,True,True,False
train_minutes,20260827_0315,1787814900.0,61,31185448,0,True,json,success,thoth-minute-manifest/v5,t2_sleep,t2,sleep,,ok,61.414000034332275,57,57,2,0,57,570,21019320,0,False,,,,,,1,6988,3739810,1,True,True,True,False
train_minutes,20260827_0316,1787814960.0,56,30823637,0,True,json,success,thoth-minute-manifest/v5,t2_sleep,t2,sleep,,ok,142.42799997329712,52,52,1,0,52,520,19175520,0,False,,,,,,1,6927,3712007,1,True,True,True,False
train_minutes,20260827_0317,1787815020.0,41,22820276,0,True,json,success,thoth-minute-manifest/v5,t2_sleep,t2,sleep,,ok,98.91499996185303,37,37,1,0,37,370,13644120,0,False,,,,,,1,6407,3431413,1,True,True,True,False
train_minutes,20260827_0318,1787815080.0,61,30755726,0,True,json,success,thoth-minute-manifest/v5,t2_sleep,t2,sleep,,ok,75.50300002098083,57,57,2,0,57,570,21019320,0,False,,,,,,1,5924,3169841,1,True,True,True,False
train_minutes,20260827_0319,1787815140.0,46,24025188,0,True,json,success,thoth-minute-manifest/v5,t2_sleep,t2,sleep,,ok,131.10400009155273,42,42,1,0,42,420,15487920,0,False,,,,,,1,6643,3552589,1,True,True,True,False
train_minutes,20260827_0320,1787815200.0,33,17224728,0,True,json,success,thoth-minute-manifest/v5,t2_sleep,t2,sleep,,ok,92.62899994850159,29,29,1,0,29,290,10694040,0,False,,,,,,1,5400,2884988,1,True,True,True,False
train_minutes,20260827_0321,1787815260.0,52,26405076,0,True,json,success,thoth-minute-manifest/v5,t2_sleep,t2,sleep,,ok,59.25200009346008,48,48,2,0,48,480,17700480,0,False,,,,,,1,6044,3234471,1,True,True,True,False
train_minutes,20260827_0322,1787815320.0,53,27194775,0,True,json,success,thoth-minute-manifest/v5,t2_sleep,t2,sleep,,ok,89.71199989318848,49,49,1,0,49,490,18069240,0,False,,,,,,1,6662,3560470,1,True,True,True,False
train_minutes,20260827_0323,1787815380.0,18,11251271,0,True,json,success,thoth-minute-manifest/v5,t2_sleep,t2,sleep,,ok,58.8970000743866,14,14,2,0,14,140,5162640,0,False,,,,,,1,7200,3859725,1,True,True,True,False
train_minutes,20260827_0324,1787815440.0,59,30365981,0,True,json,success,thoth-minute-manifest/v5,t2_sleep,t2,sleep,,ok,145.2739999294281,55,55,1,0,55,550,20281800,0,False,,,,,,1,7148,3838341,1,True,True,True,False
train_minutes,20260827_0325,1787815500.0,41,21150212,0,True,json,success,thoth-minute-manifest/v5,t2_sleep,t2,sleep,,ok,114.46000003814697,37,37,1,0,37,370,13644120,0,False,,,,,,1,5741,3084662,1,True,True,True,False
train_minutes,20260827_0326,1787815560.0,56,28188421,0,True,json,success,thoth-minute-manifest/v5,t2_sleep,t2,sleep,,ok,116.58500003814697,52,52,2,0,52,520,19175520,0,False,,,,,,1,5766,3087857,1,True,True,True,False
train_minutes,20260827_0327,1787815620.0,45,22982461,0,True,json,success,thoth-minute-manifest/v5,t2_sleep,t2,sleep,,ok,120.3840000629425,41,41,1,0,41,410,15119160,0,False,,,,,,1,5697,3060235,1,True,True,True,False
train_minutes,20260827_0328,1787815680.0,56,28041679,0,True,json,success,thoth-minute-manifest/v5,t2_sleep,t2,sleep,,ok,109.50799989700317,52,52,1,0,52,520,19175520,0,False,,,,,,1,5614,3014963,1,True,True,True,False
train_minutes,20260827_0329,1787815740.0,59,29739362,0,True,json,success,thoth-minute-manifest/v5,t2_sleep,t2,sleep,,ok,158.37900018692017,55,55,1,0,55,550,20281800,0,False,,,,,,1,6183,3320184,1,True,True,True,False
train_minutes,20260827_0330,1787815800.0,43,21947044,0,True,json,success,thoth-minute-manifest/v5,t2_sleep,t2,sleep,,ok,130.47099995613098,39,39,1,0,39,390,14381640,0,False,,,,,,1,5511,2953029,1,True,True,True,False
train_minutes,20260827_0331,1787815860.0,56,27684985,0,True,json,success,thoth-minute-manifest/v5,t2_sleep,t2,sleep,,ok,143.92300009727478,52,52,2,0,52,520,19175520,0,False,,,,,,1,4948,2658202,1,True,True,True,False
train_minutes,20260827_0332,1787815920.0,51,26348540,0,True,json,success,thoth-minute-manifest/v5,t2_sleep,t2,sleep,,ok,122.74399995803833,47,47,1,0,47,470,17331720,0,False,,,,,,1,5849,3134455,1,True,True,True,False
train_minutes,20260827_0334,1787816040.0,49,24932551,0,True,json,success,thoth-minute-manifest/v5,t2_sleep,t2,sleep,,ok,131.59100008010864,45,45,1,0,45,450,16594200,0,False,,,,,,1,5877,3154551,1,True,True,True,False
train_minutes,20260827_0335,1787816100.0,59,30593855,0,True,json,collecting,thoth-minute-manifest/v4,t2_sleep,t2,sleep,,ok,58.0,58,55,1,1,55,550,20281800,0,False,,,,,,1,5563,2989255,1,True,True,True,False
train_minutes,20260827_0337,1787816220.0,34,18137171,0,True,json,success,thoth-minute-manifest/v5,t2_sleep,t2,sleep,,ok,95.79200005531311,30,30,1,0,30,300,11062800,0,False,,,,,,1,6194,3320470,1,True,True,True,False
train_minutes,20260827_0338,1787816280.0,61,30449116,0,True,json,success,thoth-minute-manifest/v5,t2_sleep,t2,sleep,,ok,153.33400011062622,57,57,2,0,57,570,21019320,0,False,,,,,,1,5779,3101240,1,True,True,True,False
train_minutes,20260827_0339,1787816340.0,44,22553186,0,True,json,success,thoth-minute-manifest/v5,t2_sleep,t2,sleep,,ok,119.67400002479553,40,40,1,0,40,400,14750400,0,False,,,,,,1,5776,3095594,1,True,True,True,False
train_minutes,20260827_0341,1787816460.0,51,26313961,0,True,json,success,thoth-minute-manifest/v5,t2_sleep,t2,sleep,,ok,122.20900011062622,47,47,1,0,47,470,17331720,0,False,,,,,,1,6729,3607249,1,True,True,True,False
train_minutes,20260827_0342,1787816520.0,58,23472540,0,True,json,partial,thoth-minute-manifest/v5,t2_sleep,t2,sleep,,ok,171.94899988174438,54,54,1,1,54,540,19913040,0,False,,,,,,1,6249,3345855,1,True,True,True,False
train_minutes,20260827_0343,1787816580.0,45,23164608,0,True,json,success,thoth-minute-manifest/v5,t2_sleep,t2,sleep,,ok,135.39800000190735,41,41,1,0,41,410,15119160,0,False,,,,,,1,6254,3337906,1,True,True,True,False
train_minutes,20260827_0344,1787816640.0,44,22239583,0,True,json,success,thoth-minute-manifest/v5,t2_sleep,t2,sleep,,ok,94.64499998092651,40,40,2,0,40,400,14750400,0,False,,,,,,1,5201,2781925,1,True,True,True,False
train_minutes,20260827_0345,1787816700.0,58,28869164,0,True,json,success,thoth-minute-manifest/v5,t2_sleep,t2,sleep,,ok,119.87700009346008,54,54,1,0,54,540,19913040,0,False,,,,,,1,5445,2914159,1,True,True,True,False
train_minutes,20260827_0346,1787816760.0,40,20513243,0,True,json,success,thoth-minute-manifest/v5,t2_sleep,t2,sleep,,ok,78.14499998092651,36,36,1,0,36,360,13275360,0,False,,,,,,1,5452,2912039,1,True,True,True,False
train_minutes,20260827_0347,1787816820.0,60,30820910,0,True,json,success,thoth-minute-manifest/v5,t2_sleep,t2,sleep,,ok,86.08699989318848,56,56,1,0,56,560,20650560,0,False,,,,,,1,7361,3937347,1,True,True,True,False
train_minutes,20260827_0348,1787816880.0,49,25111552,0,True,json,success,thoth-minute-manifest/v5,t2_sleep,t2,sleep,,ok,138.19400000572205,45,45,1,0,45,450,16594200,0,False,,,,,,1,6239,3333501,1,True,True,True,False
train_minutes,20260827_0349,1787816940.0,45,23118318,0,True,json,success,thoth-minute-manifest/v5,t2_sleep,t2,sleep,,ok,96.39100003242493,41,41,1,0,41,410,15119160,0,False,,,,,,1,5984,3198677,1,True,True,True,False
train_minutes,20260827_0350,1787817000.0,61,30679926,0,True,json,success,thoth-minute-manifest/v5,t2_sleep,t2,sleep,,ok,106.90000009536743,57,57,2,0,57,570,21019320,0,False,,,,,,1,6233,3331932,1,True,True,True,False
train_minutes,20260827_0351,1787817060.0,45,23043156,0,True,json,success,thoth-minute-manifest/v5,t2_sleep,t2,sleep,,ok,90.82299995422363,41,41,1,0,41,410,15119160,0,False,,,,,,1,5797,3090747,1,True,True,True,False
train_minutes,20260827_0353,1787817180.0,45,23494696,0,True,json,success,thoth-minute-manifest/v5,t2_sleep,t2,sleep,,ok,153.91100001335144,41,41,1,0,41,410,15119160,0,False,,,,,,1,6694,3572413,1,True,True,True,False
train_minutes,20260827_0354,1787817240.0,56,28220221,0,True,json,success,thoth-minute-manifest/v5,t2_sleep,t2,sleep,,ok,123.91700005531311,52,52,1,0,52,520,19175520,0,False,,,,,,1,5978,3193539,1,True,True,True,False
train_minutes,20260827_0355,1787817300.0,58,29213967,0,True,json,success,thoth-minute-manifest/v5,t2_sleep,t2,sleep,,ok,108.71099996566772,54,54,2,0,54,540,19913040,0,False,,,,,,1,5719,3057005,1,True,True,True,False
train_minutes,20260827_0356,1787817360.0,60,30359299,0,True,json,success,thoth-minute-manifest/v5,t2_sleep,t2,sleep,,ok,108.11900019645691,56,56,1,0,56,560,20650560,0,False,,,,,,1,6509,3475568,1,True,True,True,False
train_minutes,20260827_0357,1787817420.0,58,29101266,0,True,json,success,thoth-minute-manifest/v5,t2_sleep,t2,sleep,,ok,143.55999994277954,54,54,1,0,54,540,19913040,0,False,,,,,,1,5881,3146689,1,True,True,True,False
train_minutes,20260827_0358,1787817480.0,46,23699180,0,True,json,success,thoth-minute-manifest/v5,t2_sleep,t2,sleep,,ok,112.01500010490417,42,42,1,0,42,420,15487920,0,False,,,,,,1,6228,3312823,1,True,True,True,False
train_minutes,20260827_0400,1787817600.0,43,22238195,0,True,json,success,thoth-minute-manifest/v5,t2_sleep,t2,sleep,,ok,127.54299998283386,39,39,1,0,39,390,14381640,0,False,,,,,,1,6108,3246128,1,True,True,True,False
train_minutes,20260827_0401,1787817660.0,49,24716127,0,True,json,success,thoth-minute-manifest/v5,t2_sleep,t2,sleep,,ok,162.37800002098083,45,45,2,0,45,450,16594200,0,False,,,,,,1,5522,2938830,1,True,True,True,False
train_minutes,20260827_0402,1787817720.0,51,26075224,0,True,json,success,thoth-minute-manifest/v5,t2_sleep,t2,sleep,,ok,138.06200003623962,47,47,1,0,47,470,17331720,0,False,,,,,,1,6326,3369794,1,True,True,True,False
train_minutes,20260827_0403,1787817780.0,27,14100616,0,True,json,success,thoth-minute-manifest/v5,t2_sleep,t2,sleep,,ok,77.05900001525879,23,23,1,0,23,230,8481480,0,False,,,,,,1,4746,2531908,1,True,True,True,False
train_minutes,20260827_0404,1787817840.0,9,7172563,0,True,json,success,thoth-minute-manifest/v5,t2_sleep,t2,sleep,,ok,58.8199999332428,5,5,2,0,5,50,1843800,0,False,,,,,,1,7354,3914347,1,True,True,True,False
train_minutes,20260827_0405,1787817900.0,47,24702090,0,True,json,success,thoth-minute-manifest/v5,t2_sleep,t2,sleep,,ok,117.97099995613098,43,43,1,0,43,430,15856680,0,False,,,,,,1,7233,3852158,1,True,True,True,False
train_minutes,20260827_0406,1787817960.0,60,29859575,0,True,json,partial,thoth-minute-manifest/v5,t2_sleep,t2,sleep,,ok,150.67400002479553,56,56,2,1,56,560,20650560,0,False,,,,,,1,6657,3544745,1,True,True,True,False
train_minutes,20260827_0407,1787818020.0,53,27068964,0,True,json,collecting,thoth-minute-manifest/v4,t2_sleep,t2,sleep,,ok,58.0,58,49,1,1,49,490,18069240,0,False,,,,,,1,6413,3418598,1,True,True,True,False
train_minutes,20260827_0408,1787818080.0,39,21840629,0,True,json,success,thoth-minute-manifest/v5,t2_sleep,t2,sleep,,ok,106.96000003814697,35,35,1,0,35,350,12906600,0,False,,,,,,1,6048,3229091,1,True,True,True,False
train_minutes,20260827_0409,1787818140.0,60,30427392,0,True,json,success,thoth-minute-manifest/v5,t2_sleep,t2,sleep,,ok,133.45499992370605,56,56,1,0,56,560,20650560,0,False,,,,,,1,6081,3245811,1,True,True,True,False
train_minutes,20260827_0410,1787818200.0,48,24721489,0,True,json,success,thoth-minute-manifest/v5,t2_sleep,t2,sleep,,ok,101.76399993896484,44,44,1,0,44,440,16225440,0,False,,,,,,1,6382,3407703,1,True,True,True,False
train_minutes,20260827_0411,1787818260.0,13,8393609,0,True,json,success,thoth-minute-manifest/v5,t2_sleep,t2,sleep,,ok,58.85599994659424,9,9,2,0,9,90,3318840,0,False,,,,,,1,6231,3322500,1,True,True,True,False
train_minutes,20260827_0412,1787818320.0,58,29887547,0,True,json,success,thoth-minute-manifest/v5,t2_sleep,t2,sleep,,ok,93.99499988555908,54,54,1,0,54,540,19913040,0,False,,,,,,1,7359,3932673,1,True,True,True,False
train_minutes,20260827_0413,1787818380.0,44,22704245,0,True,json,success,thoth-minute-manifest/v5,t2_sleep,t2,sleep,,ok,118.97900009155273,40,40,1,0,40,400,14750400,0,False,,,,,,1,6000,3203308,1,True,True,True,False
train_minutes,20260827_0414,1787818440.0,54,27453362,0,True,json,success,thoth-minute-manifest/v5,t2_sleep,t2,sleep,,ok,127.93099999427795,50,50,1,0,50,500,18438000,0,False,,,,,,1,6277,3354199,1,True,True,True,False
train_minutes,20260827_0415,1787818500.0,42,22052671,0,True,json,success,thoth-minute-manifest/v5,t2_sleep,t2,sleep,,ok,82.06399989128113,38,38,1,0,38,380,14012880,0,False,,,,,,1,6596,3523341,1,True,True,True,False
train_minutes,20260827_0416,1787818560.0,47,24434497,0,True,json,success,thoth-minute-manifest/v5,t2_sleep,t2,sleep,,ok,78.55100011825562,43,43,1,0,43,430,15856680,0,False,,,,,,1,6699,3584561,1,True,True,True,False
train_minutes,20260827_0417,1787818620.0,51,26344755,0,True,json,success,thoth-minute-manifest/v5,t2_sleep,t2,sleep,,ok,131.739000082016,47,47,1,0,47,470,17331720,0,False,,,,,,1,6785,3638511,1,True,True,True,False
train_minutes,20260827_0418,1787818680.0,37,19093883,0,True,json,success,thoth-minute-manifest/v5,t2_sleep,t2,sleep,,ok,85.94600009918213,33,33,1,0,33,330,12169080,0,False,,,,,,1,5555,2979942,1,True,True,True,False
train_minutes,20260827_0419,1787818740.0,54,27694961,0,True,json,success,thoth-minute-manifest/v5,t2_sleep,t2,sleep,,ok,119.00699996948242,50,50,1,0,50,500,18438000,0,False,,,,,,1,6701,3595789,1,True,True,True,False
train_minutes,20260827_0420,1787818800.0,34,17654454,0,True,json,success,thoth-minute-manifest/v5,t2_sleep,t2,sleep,,ok,93.0090000629425,30,30,1,0,30,300,11062800,0,False,,,,,,1,5294,2837825,1,True,True,True,False
train_minutes,20260827_0421,1787818860.0,58,29441317,0,True,json,success,thoth-minute-manifest/v5,t2_sleep,t2,sleep,,ok,95.91599988937378,54,54,1,0,54,540,19913040,0,False,,,,,,1,6504,3485884,1,True,True,True,False
train_minutes,20260827_0422,1787818920.0,48,24335185,0,True,json,success,thoth-minute-manifest/v5,t2_sleep,t2,sleep,,ok,92.56900000572205,44,44,1,0,44,440,16225440,0,False,,,,,,1,5630,3021351,1,True,True,True,False
train_minutes,20260827_0423,1787818980.0,61,31064204,0,True,json,success,thoth-minute-manifest/v5,t2_sleep,t2,sleep,,ok,59.32100009918213,57,57,2,0,57,570,21019320,0,False,,,,,,1,6930,3716910,1,True,True,True,False
train_minutes,20260827_0424,1787819040.0,54,27351996,0,True,json,success,thoth-minute-manifest/v5,t2_sleep,t2,sleep,,ok,157.90300011634827,50,50,1,0,50,500,18438000,0,False,,,,,,1,6067,3252913,1,True,True,True,False
train_minutes,20260827_0425,1787819100.0,43,22043715,0,True,json,success,thoth-minute-manifest/v5,t2_sleep,t2,sleep,,ok,121.625,39,39,1,0,39,390,14381640,0,False,,,,,,1,5691,3050156,1,True,True,True,False
train_minutes,20260827_0426,1787819160.0,53,26867528,0,True,json,collecting,thoth-minute-manifest/v4,t2_sleep,t2,sleep,,ok,58.0,58,49,1,1,49,490,18069240,0,False,,,,,,1,4951,2652711,1,True,True,True,False
train_minutes,20260827_0427,1787819220.0,43,22397673,0,True,json,success,thoth-minute-manifest/v5,t2_sleep,t2,sleep,,ok,109.7960000038147,39,39,1,0,39,390,14381640,0,False,,,,,,1,6348,3403592,1,True,True,True,False
train_minutes,20260827_0428,1787819280.0,56,27987419,0,True,json,success,thoth-minute-manifest/v5,t2_sleep,t2,sleep,,ok,147.95700001716614,52,52,2,0,52,520,19175520,0,False,,,,,,1,5527,2959953,1,True,True,True,False
train_minutes,20260827_0429,1787819340.0,44,22541831,0,True,json,success,thoth-minute-manifest/v5,t2_sleep,t2,sleep,,ok,133.7869999408722,40,40,1,0,40,400,14750400,0,False,,,,,,1,5751,3084206,1,True,True,True,False
train_minutes,20260827_0430,1787819400.0,43,21547878,0,True,json,success,thoth-minute-manifest/v5,t2_sleep,t2,sleep,,ok,95.78900003433228,39,39,2,0,39,390,14381640,0,False,,,,,,1,4760,2553576,1,True,True,True,False
train_minutes,20260827_0431,1787819460.0,57,29108888,0,True,json,success,thoth-minute-manifest/v5,t2_sleep,t2,sleep,,ok,148.92499995231628,53,53,1,0,53,530,19544280,0,False,,,,,,1,6037,3230797,1,True,True,True,False
train_minutes,20260827_0432,1787819520.0,44,23245760,0,True,json,success,thoth-minute-manifest/v5,t2_sleep,t2,sleep,,ok,118.06900000572205,40,40,1,0,40,400,14750400,0,False,,,,,,1,6060,3246575,1,True,True,True,False
train_minutes,20260827_0433,1787819580.0,62,33685300,1,True,json,collecting,thoth-minute-manifest/v4,t2_sleep,t2,sleep,,ok,58.0,58,57,2,1,57,570,21019320,0,False,,,,,,1,5719,3062708,1,True,True,True,False
train_minutes,20260827_0434,1787819640.0,44,22557628,0,True,json,success,thoth-minute-manifest/v5,t2_sleep,t2,sleep,,ok,120.31299996376038,40,40,1,0,40,400,14750400,0,False,,,,,,1,5791,3100084,1,True,True,True,False
train_minutes,20260827_0436,1787819760.0,44,22686860,0,True,json,success,thoth-minute-manifest/v5,t2_sleep,t2,sleep,,ok,141.5699999332428,40,40,1,0,40,400,14750400,0,False,,,,,,1,6015,3229261,1,True,True,True,False
train_minutes,20260827_0437,1787819820.0,27,13747996,0,True,json,success,thoth-minute-manifest/v5,t2_sleep,t2,sleep,,ok,80.43499994277954,23,23,1,0,23,230,8481480,0,False,,,,,,1,3974,2136184,1,True,True,True,False
train_minutes,20260827_0438,1787819880.0,15,9705507,0,True,json,success,thoth-minute-manifest/v5,t2_sleep,t2,sleep,,ok,58.88100004196167,11,11,1,0,11,110,4056360,0,False,,,,,,1,6703,3598738,1,True,True,True,False
train_minutes,20260827_0439,1787819940.0,49,25548222,0,True,json,success,thoth-minute-manifest/v5,t2_sleep,t2,sleep,,ok,118.3420000076294,45,45,1,0,45,450,16594200,0,False,,,,,,1,6348,3414700,1,True,True,True,False
train_minutes,20260827_0440,1787820000.0,60,30400288,0,True,json,partial,thoth-minute-manifest/v5,t2_sleep,t2,sleep,,ok,184.4800000190735,56,56,2,1,56,560,20650560,0,False,,,,,,1,5489,2952617,1,True,True,True,False
train_minutes,20260827_0441,1787820060.0,47,24485676,0,True,json,success,thoth-minute-manifest/v5,t2_sleep,t2,sleep,,ok,144.5550000667572,43,43,1,0,43,430,15856680,0,False,,,,,,1,6764,3635852,1,True,True,True,False
train_minutes,20260827_0442,1787820120.0,34,17528799,0,True,json,success,thoth-minute-manifest/v5,t2_sleep,t2,sleep,,ok,91.28900003433228,30,30,1,0,30,300,11062800,0,False,,,,,,1,5052,2712141,1,True,True,True,False
train_minutes,20260827_0443,1787820180.0,23,13040980,0,True,json,success,thoth-minute-manifest/v5,t2_sleep,t2,sleep,,ok,69.65100002288818,19,19,2,0,19,190,7006440,0,False,,,,,,1,6206,3329031,1,True,True,True,False
train_minutes,20260827_0444,1787820240.0,61,30728911,0,True,json,success,thoth-minute-manifest/v5,t2_sleep,t2,sleep,,ok,89.31699991226196,57,57,2,0,57,570,21019320,0,False,,,,,,1,6294,3382962,1,True,True,True,False
train_minutes,20260827_0445,1787820300.0,56,28655709,0,True,json,success,thoth-minute-manifest/v5,t2_sleep,t2,sleep,,ok,81.21900010108948,52,52,1,0,52,520,19175520,0,False,,,,,,1,6751,3629899,1,True,True,True,False
train_minutes,20260827_0446,1787820360.0,51,25773884,0,True,json,success,thoth-minute-manifest/v5,t2_sleep,t2,sleep,,ok,129.63700008392334,47,47,1,0,47,470,17331720,0,False,,,,,,1,5725,3068705,1,True,True,True,False
train_minutes,20260827_0447,1787820420.0,61,24590638,0,True,json,partial,thoth-minute-manifest/v5,t2_sleep,t2,sleep,,ok,173.27500009536743,57,57,2,1,57,570,21019320,0,False,,,,,,1,6236,3350026,1,True,True,True,False
train_minutes,20260827_0448,1787820480.0,49,24764629,0,True,json,success,thoth-minute-manifest/v5,t2_sleep,t2,sleep,,ok,153.1619999408722,45,45,1,0,45,450,16594200,0,False,,,,,,1,5742,3081541,1,True,True,True,False
train_minutes,20260827_0449,1787820540.0,34,17588934,0,True,json,success,thoth-minute-manifest/v5,t2_sleep,t2,sleep,,ok,93.90899991989136,30,30,1,0,30,300,11062800,0,False,,,,,,1,5001,2686417,1,True,True,True,False
train_minutes,20260827_0450,1787820600.0,51,24855806,0,True,json,success,thoth-minute-manifest/v5,t2_sleep,t2,sleep,,ok,126.78600001335144,47,47,1,0,47,470,17331720,0,False,,,,,,1,3922,2106707,1,True,True,True,False
train_minutes,20260827_0451,1787820660.0,57,28427868,0,True,json,success,thoth-minute-manifest/v5,t2_sleep,t2,sleep,,ok,114.59999990463257,53,53,1,0,53,530,19544280,0,False,,,,,,1,5463,2938236,1,True,True,True,False
train_minutes,20260827_0452,1787820720.0,61,30713066,0,True,json,success,thoth-minute-manifest/v5,t2_sleep,t2,sleep,,ok,151.97800016403198,57,57,2,0,57,570,21019320,0,False,,,,,,1,6274,3366701,1,True,True,True,False
train_minutes,20260827_0453,1787820780.0,46,24814939,0,True,json,success,thoth-minute-manifest/v5,t2_sleep,t2,sleep,,ok,120.73300004005432,42,42,1,0,42,420,15487920,0,False,,,,,,1,6148,3298285,1,True,True,True,False
train_minutes,20260827_0454,1787820840.0,56,29482734,0,True,json,success,thoth-minute-manifest/v5,t2_sleep,t2,sleep,,ok,129.70499992370605,52,52,1,0,52,520,19175520,0,False,,,,,,1,5769,3090619,1,True,True,True,False
train_minutes,20260827_0456,1787820960.0,35,18383173,0,True,json,success,thoth-minute-manifest/v5,t2_sleep,t2,sleep,,ok,146.69199991226196,31,31,1,0,31,310,11431560,0,False,,,,,,1,5551,2970082,1,True,True,True,False
train_minutes,20260827_0457,1787821020.0,47,24301496,0,True,json,success,thoth-minute-manifest/v5,t2_sleep,t2,sleep,,ok,122.84299993515015,43,43,1,0,43,430,15856680,0,False,,,,,,1,5773,3093197,1,True,True,True,False
train_minutes,20260827_0458,1787821080.0,59,25566715,0,True,json,collecting,thoth-minute-manifest/v4,t2_sleep,t2,sleep,,ok,58.0,58,55,1,1,55,550,20281800,0,False,,,,,,1,5979,3199971,1,True,True,True,False
train_minutes,20260827_0500,1787821200.0,37,19446973,0,True,json,success,thoth-minute-manifest/v5,t2_sleep,t2,sleep,,ok,118.15199995040894,33,33,1,0,33,330,12169080,0,False,,,,,,1,6062,3237476,1,True,True,True,False
train_minutes,20260827_0501,1787821260.0,57,29317040,0,True,json,partial,thoth-minute-manifest/v5,t2_sleep,t2,sleep,,ok,160.0420000553131,53,53,1,1,53,530,19544280,0,False,,,,,,1,6115,3273746,1,True,True,True,False
train_minutes,20260827_0502,1787821320.0,44,23064444,0,True,json,success,thoth-minute-manifest/v5,t2_sleep,t2,sleep,,ok,115.88599991798401,40,40,1,0,40,400,14750400,0,False,,,,,,1,5916,3167153,1,True,True,True,False
train_minutes,20260827_0503,1787821380.0,53,26931511,0,True,json,success,thoth-minute-manifest/v5,t2_sleep,t2,sleep,,ok,119.99900007247925,49,49,2,0,49,490,18069240,0,False,,,,,,1,6074,3253220,1,True,True,True,False
train_minutes,20260827_0504,1787821440.0,50,25375707,0,True,json,success,thoth-minute-manifest/v5,t2_sleep,t2,sleep,,ok,143.34699988365173,46,46,1,0,46,460,16962960,0,False,,,,,,1,5773,3089954,1,True,True,True,False
train_minutes,20260827_0505,1787821500.0,46,24113766,0,True,json,success,thoth-minute-manifest/v5,t2_sleep,t2,sleep,,ok,136.59599995613098,42,42,1,0,42,420,15487920,0,False,,,,,,1,6337,3396755,1,True,True,True,False
train_minutes,20260827_0506,1787821560.0,61,24045395,0,True,json,collecting,thoth-minute-manifest/v5,t2_sleep,t2,sleep,,ok,175.5699999332428,57,57,2,1,57,570,21019320,0,False,,,,,,1,5176,2773112,1,True,True,True,False
train_minutes,20260827_0507,1787821620.0,37,19380420,0,True,json,success,thoth-minute-manifest/v5,t2_sleep,t2,sleep,,ok,175.13899993896484,33,33,1,0,33,330,12169080,0,False,,,,,,1,5557,2975703,1,True,True,True,False
train_minutes,20260827_0508,1787821680.0,44,23306737,0,True,json,success,thoth-minute-manifest/v5,t2_sleep,t2,sleep,,ok,149.70000004768372,40,40,2,0,40,400,14750400,0,False,,,,,,1,5950,3188741,1,True,True,True,False
train_minutes,20260827_0509,1787821740.0,34,17884825,0,True,json,success,thoth-minute-manifest/v5,t2_sleep,t2,sleep,,ok,92.64199995994568,30,30,1,0,30,300,11062800,0,False,,,,,,1,5659,3024948,1,True,True,True,False
train_minutes,20260827_0510,1787821800.0,56,28686340,0,True,json,success,thoth-minute-manifest/v5,t2_sleep,t2,sleep,,ok,134.135999917984,52,52,1,0,52,520,19175520,0,False,,,,,,1,6082,3244347,1,True,True,True,False
train_minutes,20260827_0511,1787821860.0,49,26142617,0,True,json,success,thoth-minute-manifest/v5,t2_sleep,t2,sleep,,ok,114.42899990081787,45,45,1,0,45,450,16594200,0,False,,,,,,1,5978,3173718,1,True,True,True,False
train_minutes,20260827_0512,1787821920.0,61,31064975,0,True,json,success,thoth-minute-manifest/v5,t2_sleep,t2,sleep,,ok,151.48300004005432,57,57,1,0,57,570,21019320,0,False,,,,,,1,6462,3440774,1,True,True,True,False
train_minutes,20260827_0513,1787821980.0,47,24385812,0,True,json,success,thoth-minute-manifest/v5,t2_sleep,t2,sleep,,ok,115.4539999961853,43,43,1,0,43,430,15856680,0,False,,,,,,1,6624,3535417,1,True,True,True,False
train_minutes,20260827_0514,1787822040.0,36,19309751,0,True,json,success,thoth-minute-manifest/v5,t2_sleep,t2,sleep,,ok,65.88899993896484,32,32,1,0,32,320,11800320,0,False,,,,,,1,5863,3132654,1,True,True,True,False
train_minutes,20260827_0515,1787822100.0,61,31004381,0,True,json,success,thoth-minute-manifest/v5,t2_sleep,t2,sleep,,ok,139.29399991035461,57,57,1,0,57,570,21019320,0,False,,,,,,1,6860,3656578,1,True,True,True,False
train_minutes,20260827_0516,1787822160.0,42,21591781,0,True,json,success,thoth-minute-manifest/v5,t2_sleep,t2,sleep,,ok,111.86500000953674,38,38,1,0,38,380,14012880,0,False,,,,,,1,5747,3062397,1,True,True,True,False
train_minutes,20260827_0517,1787822220.0,61,24508891,0,True,json,partial,thoth-minute-manifest/v5,t2_sleep,t2,sleep,,ok,176.64199995994568,57,57,2,1,57,570,21019320,0,False,,,,,,1,6095,3252547,1,True,True,True,False
train_minutes,20260827_0518,1787822280.0,47,23778373,1,True,json,collecting,thoth-minute-manifest/v4,t2_sleep,t2,sleep,,ok,58.0,58,42,1,0,42,420,15487920,0,False,,,,,,1,6096,3251518,1,True,True,True,False
train_minutes,20260827_0519,1787822340.0,40,20644606,0,True,json,success,thoth-minute-manifest/v5,t2_sleep,t2,sleep,,ok,101.3659999370575,36,36,1,0,36,360,13275360,0,False,,,,,,1,5713,3043455,1,True,True,True,False
train_minutes,20260827_0520,1787822400.0,55,26792339,1,True,json,collecting,thoth-minute-manifest/v4,t2_sleep,t2,sleep,,ok,58.0,58,50,1,0,50,500,18438000,0,False,,,,,,1,5811,3095770,1,True,True,True,False
train_minutes,20260827_0521,1787822460.0,43,22179275,0,True,json,success,thoth-minute-manifest/v5,t2_sleep,t2,sleep,,ok,112.6470000743866,39,39,1,0,39,390,14381640,0,False,,,,,,1,5983,3185817,1,True,True,True,False
train_minutes,20260827_0522,1787822520.0,61,24670552,0,True,json,partial,thoth-minute-manifest/v5,t2_sleep,t2,sleep,,ok,160.6119999885559,57,57,1,1,57,570,21019320,0,False,,,,,,1,6427,3428073,1,True,True,True,False
train_minutes,20260827_0523,1787822580.0,45,23223046,0,True,json,success,thoth-minute-manifest/v5,t2_sleep,t2,sleep,,ok,127.95600008964539,41,41,1,0,41,410,15119160,0,False,,,,,,1,6189,3301567,1,True,True,True,False
train_minutes,20260827_0524,1787822640.0,57,24778791,0,True,json,collecting,thoth-minute-manifest/v4,t2_sleep,t2,sleep,,ok,58.0,58,53,1,1,53,530,19544280,0,False,,,,,,1,6118,3260177,1,True,True,True,False
train_minutes,20260827_0525,1787822700.0,49,21630872,0,True,json,collecting,thoth-minute-manifest/v4,t2_sleep,t2,sleep,,ok,58.0,58,45,1,1,45,450,16594200,0,False,,,,,,1,6117,3256594,1,True,True,True,False
train_minutes,20260827_0526,1787822760.0,31,16568400,0,True,json,success,thoth-minute-manifest/v5,t2_sleep,t2,sleep,,ok,96.91100001335144,27,27,1,0,27,270,9956520,0,False,,,,,,1,5899,3143449,1,True,True,True,False
train_minutes,20260827_0527,1787822820.0,16,9587789,0,True,json,success,thoth-minute-manifest/v5,t2_sleep,t2,sleep,,ok,64.03099989891052,12,12,2,0,12,120,4425120,0,False,,,,,,1,5861,3124445,1,True,True,True,False
train_minutes,20260827_0528,1787822880.0,61,30580762,0,True,json,success,thoth-minute-manifest/v5,t2_sleep,t2,sleep,,ok,92.20300006866455,57,57,2,0,57,570,21019320,0,False,,,,,,1,6052,3233883,1,True,True,True,False
train_minutes,20260827_0529,1787822940.0,57,28799561,0,True,json,success,thoth-minute-manifest/v5,t2_sleep,t2,sleep,,ok,145.25200009346008,53,53,2,0,53,530,19544280,0,False,,,,,,1,6182,3308183,1,True,True,True,False
train_minutes,20260827_0530,1787823000.0,45,23072872,0,True,json,success,thoth-minute-manifest/v5,t2_sleep,t2,sleep,,ok,116.07200002670288,41,41,1,0,41,410,15119160,0,False,,,,,,1,5899,3151384,1,True,True,True,False
train_minutes,20260827_0531,1787823060.0,61,30551833,0,True,json,success,thoth-minute-manifest/v5,t2_sleep,t2,sleep,,ok,147.41799998283386,57,57,2,0,57,570,21019320,0,False,,,,,,1,5994,3204055,1,True,True,True,False
train_minutes,20260827_0532,1787823120.0,45,23220770,0,True,json,success,thoth-minute-manifest/v5,t2_sleep,t2,sleep,,ok,155.0569999217987,41,41,1,0,41,410,15119160,0,False,,,,,,1,6339,3393524,1,True,True,True,False
train_minutes,20260827_0533,1787823180.0,50,19986210,0,True,json,partial,thoth-minute-manifest/v5,t2_sleep,t2,sleep,,ok,171.99300003051758,46,46,1,1,46,460,16962960,0,False,,,,,,1,5281,2828138,1,True,True,True,False
train_minutes,20260827_0534,1787823240.0,45,22880100,0,True,json,collecting,thoth-minute-manifest/v4,t2_sleep,t2,sleep,,ok,58.0,58,41,1,1,41,410,15119160,0,False,,,,,,1,5452,2917884,1,True,True,True,False
train_minutes,20260827_0535,1787823300.0,30,15373839,0,True,json,success,thoth-minute-manifest/v5,t2_sleep,t2,sleep,,ok,96.66100001335144,26,26,1,0,26,260,9587760,0,False,,,,,,1,4685,2507790,1,True,True,True,False
train_minutes,20260827_0536,1787823360.0,34,18442052,0,True,json,success,thoth-minute-manifest/v5,t2_sleep,t2,sleep,,ok,76.04200005531311,30,30,1,0,30,300,11062800,0,False,,,,,,1,6781,3625269,1,True,True,True,False
train_minutes,20260827_0537,1787823420.0,49,24888547,0,True,json,success,thoth-minute-manifest/v5,t2_sleep,t2,sleep,,ok,114.98000001907349,45,45,1,0,45,450,16594200,0,False,,,,,,1,5816,3110663,1,True,True,True,False
train_minutes,20260827_0538,1787823480.0,61,30899776,0,True,json,success,thoth-minute-manifest/v5,t2_sleep,t2,sleep,,ok,163.71900010108948,57,57,2,0,57,570,21019320,0,False,,,,,,1,6643,3552528,1,True,True,True,False
train_minutes,20260827_0539,1787823540.0,51,26112017,0,True,json,success,thoth-minute-manifest/v5,t2_sleep,t2,sleep,,ok,132.17899990081787,47,47,1,0,47,470,17331720,0,False,,,,,,1,6372,3405734,1,True,True,True,False
train_minutes,20260827_0540,1787823600.0,52,25877944,0,True,json,success,thoth-minute-manifest/v5,t2_sleep,t2,sleep,,ok,107.24600005149841,48,48,2,0,48,480,17700480,0,False,,,,,,1,5049,2706836,1,True,True,True,False
train_minutes,20260827_0541,1787823660.0,39,20627964,0,True,json,success,thoth-minute-manifest/v5,t2_sleep,t2,sleep,,ok,99.48099994659424,35,35,1,0,35,350,12906600,0,False,,,,,,1,6526,3490101,1,True,True,True,False
train_minutes,20260827_0542,1787823720.0,52,26474694,0,True,json,success,thoth-minute-manifest/v5,t2_sleep,t2,sleep,,ok,146.70099997520447,48,48,1,0,48,480,17700480,0,False,,,,,,1,6174,3303973,1,True,True,True,False
train_minutes,20260827_0544,1787823840.0,40,21025729,0,True,json,success,thoth-minute-manifest/v5,t2_sleep,t2,sleep,,ok,119.57299995422363,36,36,1,0,36,360,13275360,0,False,,,,,,1,5580,2991782,1,True,True,True,False
train_minutes,20260827_0545,1787823900.0,52,26218581,0,True,json,success,thoth-minute-manifest/v5,t2_sleep,t2,sleep,,ok,150.70300006866455,48,48,1,0,48,480,17700480,0,False,,,,,,1,5682,3049448,1,True,True,True,False
train_minutes,20260827_0546,1787823960.0,47,24341398,0,True,json,success,thoth-minute-manifest/v5,t2_sleep,t2,sleep,,ok,115.37400007247925,43,43,1,0,43,430,15856680,0,False,,,,,,1,6409,3433684,1,True,True,True,False
train_minutes,20260827_0547,1787824020.0,61,30320769,0,True,json,success,thoth-minute-manifest/v5,t2_sleep,t2,sleep,,ok,166.77600002288818,57,57,2,0,57,570,21019320,0,False,,,,,,1,5532,2973619,1,True,True,True,False
train_minutes,20260827_0548,1787824080.0,45,23471386,0,True,json,success,thoth-minute-manifest/v5,t2_sleep,t2,sleep,,ok,144.54900002479553,41,41,1,0,41,410,15119160,0,False,,,,,,1,6595,3549685,1,True,True,True,False
train_minutes,20260827_0549,1787824140.0,27,14292596,0,True,json,success,thoth-minute-manifest/v5,t2_sleep,t2,sleep,,ok,86.85700011253357,23,23,1,0,23,230,8481480,0,False,,,,,,1,4991,2682270,1,True,True,True,False
train_minutes,20260827_0550,1787824200.0,58,29209834,0,True,json,success,thoth-minute-manifest/v5,t2_sleep,t2,sleep,,ok,65.33400011062622,54,54,1,0,54,540,19913040,0,False,,,,,,1,5824,3124900,1,True,True,True,False
train_minutes,20260827_0551,1787824260.0,55,28250586,0,True,json,success,thoth-minute-manifest/v5,t2_sleep,t2,sleep,,ok,119.8529999256134,51,51,1,0,51,510,18806760,0,False,,,,,,1,6779,3644828,1,True,True,True,False
train_minutes,20260827_0552,1787824320.0,59,29818136,0,True,json,success,thoth-minute-manifest/v5,t2_sleep,t2,sleep,,ok,90.45199990272522,55,55,1,0,55,550,20281800,0,False,,,,,,1,6246,3356312,1,True,True,True,False
train_minutes,20260827_0553,1787824380.0,43,22510380,0,True,json,success,thoth-minute-manifest/v5,t2_sleep,t2,sleep,,ok,119.91100001335144,39,39,1,0,39,390,14381640,0,False,,,,,,1,6541,3517811,1,True,True,True,False
train_minutes,20260827_0554,1787824440.0,43,22210541,0,True,json,success,thoth-minute-manifest/v5,t2_sleep,t2,sleep,,ok,78.35400009155273,39,39,1,0,39,390,14381640,0,False,,,,,,1,5904,3173678,1,True,True,True,False
train_minutes,20260827_0555,1787824500.0,53,27514353,0,True,json,success,thoth-minute-manifest/v5,t2_sleep,t2,sleep,,ok,110.03999996185303,49,49,1,0,49,490,18069240,0,False,,,,,,1,6978,3750276,1,True,True,True,False
train_minutes,20260827_0556,1787824560.0,44,22694834,0,True,json,success,thoth-minute-manifest/v5,t2_sleep,t2,sleep,,ok,102.25600004196167,40,40,1,0,40,400,14750400,0,False,,,,,,1,5866,3152636,1,True,True,True,False
train_minutes,20260827_0557,1787824620.0,58,30647557,1,True,json,collecting,thoth-minute-manifest/v4,t2_sleep,t2,sleep,,ok,58.0,58,53,1,0,53,530,19544280,0,False,,,,,,1,6860,3686349,1,True,True,True,False
train_minutes,20260827_0558,1787824680.0,43,22292136,0,True,json,success,thoth-minute-manifest/v5,t2_sleep,t2,sleep,,ok,116.72099995613098,39,39,1,0,39,390,14381640,0,False,,,,,,1,6049,3255237,1,True,True,True,False
train_minutes,20260827_0559,1787824740.0,58,29281984,0,True,json,success,thoth-minute-manifest/v5,t2_sleep,t2,sleep,,ok,115.09500002861023,54,54,2,0,54,540,19913040,0,False,,,,,,1,5786,3110135,1,True,True,True,False
train_minutes,20260827_0600,1787824800.0,48,24728911,0,True,json,success,thoth-minute-manifest/v5,t2_sleep,t2,sleep,,ok,150.72499990463257,44,44,1,0,44,440,16225440,0,False,,,,,,1,5680,3054472,1,True,True,True,False
train_minutes,20260827_0601,1787824860.0,35,20192327,0,True,json,success,thoth-minute-manifest/v5,t2_sleep,t2,sleep,,ok,114.98600006103516,31,31,1,0,31,310,11431560,0,False,,,,,,1,5459,2934010,1,True,True,True,False
train_minutes,20260827_0602,1787824920.0,46,27849235,0,True,json,success,thoth-minute-manifest/v5,t2_sleep,t2,sleep,,ok,160.84299993515015,42,42,1,0,42,420,15487920,0,False,,,,,,1,4265,2287157,1,True,True,True,False
train_minutes,20260827_0603,1787824980.0,50,25601276,0,True,json,success,thoth-minute-manifest/v5,t2_sleep,t2,sleep,,ok,128.98099994659424,46,46,1,0,46,460,16962960,0,False,,,,,,1,5201,2791736,1,True,True,True,False
train_minutes,20260827_0605,1787825100.0,45,23056047,0,True,json,success,thoth-minute-manifest/v5,t2_sleep,t2,sleep,,ok,132.95300006866455,41,41,1,0,41,410,15119160,0,False,,,,,,1,6022,3228815,1,True,True,True,False
train_minutes,20260827_0606,1787825160.0,44,22534189,0,True,json,success,thoth-minute-manifest/v5,t2_sleep,t2,sleep,,ok,106.29099988937378,40,40,2,0,40,400,14750400,0,False,,,,,,1,4557,2433775,1,True,True,True,False
train_minutes,20260827_0607,1787825220.0,48,24997711,0,True,json,success,thoth-minute-manifest/v5,t2_sleep,t2,sleep,,ok,138.98099994659424,44,44,1,0,44,440,16225440,0,False,,,,,,1,5346,2860617,1,True,True,True,False
train_minutes,20260827_0608,1787825280.0,33,17407221,0,True,json,success,thoth-minute-manifest/v5,t2_sleep,t2,sleep,,ok,102.62599992752075,29,29,1,0,29,290,10694040,0,False,,,,,,1,5708,3054645,1,True,True,True,False
train_minutes,20260827_0609,1787825340.0,58,29120068,0,True,json,success,thoth-minute-manifest/v5,t2_sleep,t2,sleep,,ok,164.1909999847412,54,54,1,0,54,540,19913040,0,False,,,,,,1,5839,3121339,1,True,True,True,False
train_minutes,20260827_0610,1787825400.0,42,21908544,0,True,json,success,thoth-minute-manifest/v5,t2_sleep,t2,sleep,,ok,146.40199995040894,38,38,1,0,38,380,14012880,0,False,,,,,,1,6322,3379123,1,True,True,True,False
train_minutes,20260827_0611,1787825460.0,35,18379464,0,True,json,success,thoth-minute-manifest/v5,t2_sleep,t2,sleep,,ok,90.58400011062622,31,31,1,0,31,310,11431560,0,False,,,,,,1,5791,3098772,1,True,True,True,False
train_minutes,20260827_0612,1787825520.0,58,30852442,0,True,json,success,thoth-minute-manifest/v5,t2_sleep,t2,sleep,,ok,130.25500011444092,54,54,1,0,54,540,19913040,0,False,,,,,,1,5824,3111620,1,True,True,True,False
train_minutes,20260827_0613,1787825580.0,43,25825034,0,True,json,success,thoth-minute-manifest/v5,t2_sleep,t2,sleep,,ok,140.8970000743866,39,39,1,0,39,390,14381640,0,False,,,,,,1,5844,3124759,1,True,True,True,False
train_minutes,20260827_0614,1787825640.0,44,25794492,0,True,json,success,thoth-minute-manifest/v5,t2_sleep,t2,sleep,,ok,139.68300008773804,40,40,1,0,40,400,14750400,0,False,,,,,,1,5686,3040942,1,True,True,True,False
train_minutes,20260827_0615,1787825700.0,39,23020102,0,True,json,success,thoth-minute-manifest/v5,t2_sleep,t2,sleep,,ok,110.24900007247925,35,35,1,0,35,350,12906600,0,False,,,,,,1,5462,2918327,1,True,True,True,False
train_minutes,20260827_0616,1787825760.0,18,11276591,0,True,json,success,thoth-minute-manifest/v5,t2_sleep,t2,sleep,,ok,69.16000008583069,14,14,2,0,14,140,5162640,0,False,,,,,,1,5807,3106156,1,True,True,True,False
train_minutes,20260827_0617,1787825820.0,55,32253502,0,True,json,success,thoth-minute-manifest/v5,t2_sleep,t2,sleep,,ok,107.32999992370605,51,51,1,0,51,510,18806760,0,False,,,,,,1,6684,3572691,1,True,True,True,False
train_minutes,20260827_0618,1787825880.0,57,30375939,1,True,json,collecting,thoth-minute-manifest/v4,t2_sleep,t2,sleep,,ok,58.0,58,52,1,0,52,520,19175520,0,False,,,,,,1,5975,3202575,1,True,True,True,False
train_minutes,20260827_0619,1787825940.0,43,23411316,0,True,json,success,thoth-minute-manifest/v5,t2_sleep,t2,sleep,,ok,120.22900009155273,39,39,1,0,39,390,14381640,0,False,,,,,,1,5992,3212016,1,True,True,True,False
train_minutes,20260827_0620,1787826000.0,61,33626069,0,True,json,collecting,thoth-minute-manifest/v4,t2_sleep,t2,sleep,,ok,58.0,58,57,1,1,57,570,21019320,0,False,,,,,,1,5664,3033504,1,True,True,True,False
train_minutes,20260827_0621,1787826060.0,41,24153678,0,True,json,success,thoth-minute-manifest/v5,t2_sleep,t2,sleep,,ok,148.52999997138977,37,37,1,0,37,370,13644120,0,False,,,,,,1,6324,3370657,1,True,True,True,False
train_minutes,20260827_0622,1787826120.0,31,13245449,0,True,json,collecting,thoth-minute-manifest/v4,t2_sleep,t2,sleep,,ok,58.0,58,27,1,0,27,270,9956520,0,False,,,,,,1,5530,2944663,1,True,True,True,False
train_minutes,20260827_0623,1787826180.0,21,8138411,0,True,json,collecting,thoth-minute-manifest/v4,t2_sleep,t2,sleep,,ok,58.0,58,17,1,0,17,170,6268920,0,False,,,,,,1,3148,1675632,1,True,True,True,False
train_minutes,20260827_1337,1787852220.0,61,33701264,0,True,json,success,thoth-minute-manifest/v5,t1_present,t1,present,,ok,70.43499994277954,57,57,1,0,57,570,21019320,0,False,,,,,,1,8013,4274889,1,True,True,True,False
train_minutes,20260827_1338,1787852280.0,55,22610790,0,True,json,partial,thoth-minute-manifest/v5,t1_present,t1,present,,ok,158.01799988746643,51,51,1,1,51,510,18806760,0,False,,,,,,1,6744,3604935,1,True,True,True,False
train_minutes,20260827_1339,1787852340.0,38,21299522,0,True,json,success,thoth-minute-manifest/v5,t1_present,t1,present,,ok,136.95099997520447,34,34,1,0,34,340,12537840,0,False,,,,,,1,6423,3433019,1,True,True,True,False
train_minutes,20260827_1341,1787852460.0,33,18481588,0,True,json,success,thoth-minute-manifest/v5,t1_present,t1,present,,ok,95.08699989318848,29,29,1,0,29,290,10694040,0,False,,,,,,1,5848,3115561,1,True,True,True,False
train_minutes,20260827_1342,1787852520.0,26,15036182,0,True,json,success,thoth-minute-manifest/v5,t1_present,t1,present,,ok,59.03099989891052,22,22,2,0,22,220,8112720,0,False,,,,,,1,6449,3419008,1,True,True,True,False
train_minutes,20260827_1343,1787852580.0,61,32245918,0,True,json,success,thoth-minute-manifest/v5,t1_present,t1,present,,ok,100.10999989509583,57,57,2,0,57,570,21019320,0,False,,,,,,1,7368,3801848,1,True,True,True,False
train_minutes,20260827_1344,1787852640.0,40,22942143,0,True,json,success,thoth-minute-manifest/v5,t1_present,t1,present,,ok,115.41199994087219,36,36,1,0,36,360,13275360,0,False,,,,,,1,4868,2448834,1,True,True,True,False
train_minutes,20260827_1345,1787852700.0,56,31489839,0,True,json,success,thoth-minute-manifest/v5,t1_present,t1,present,,ok,120.24499988555908,52,52,2,0,52,520,19175520,0,False,,,,,,1,6619,3360114,1,True,True,True,False
train_minutes,20260827_1346,1787852760.0,43,22940327,0,True,json,success,thoth-minute-manifest/v5,t1_present,t1,present,,ok,117.03800010681152,39,39,1,0,39,390,14381640,0,False,,,,,,1,4857,2325680,1,True,True,True,False
train_minutes,20260827_1347,1787852820.0,54,30612168,0,True,json,success,thoth-minute-manifest/v5,t1_present,t1,present,,ok,158.38499999046326,50,50,2,0,50,500,18438000,0,False,,,,,,1,6196,3017229,1,True,True,True,False
train_minutes,20260827_1348,1787852880.0,43,23675188,0,True,json,success,thoth-minute-manifest/v5,t1_present,t1,present,,ok,145.9909999370575,39,39,1,0,39,390,14381640,0,False,,,,,,1,6512,3233449,1,True,True,True,False
train_minutes,20260827_1349,1787852940.0,33,17556337,0,True,json,success,thoth-minute-manifest/v5,t1_present,t1,present,,ok,91.32299995422363,29,29,1,0,29,290,10694040,0,False,,,,,,1,5853,2971271,1,True,True,True,False
train_minutes,20260827_1350,1787853000.0,57,29651208,0,True,json,success,thoth-minute-manifest/v5,t1_present,t1,present,,ok,136.5220000743866,53,53,1,0,53,530,19544280,0,False,,,,,,1,6376,3188287,1,True,True,True,False
train_minutes,20260827_1351,1787853060.0,35,20702101,0,True,json,success,thoth-minute-manifest/v5,t1_present,t1,present,,ok,101.31399989128113,31,31,1,0,31,310,11431560,0,False,,,,,,1,6264,3178049,1,True,True,True,False
train_minutes,20260827_1352,1787853120.0,55,28164315,0,True,json,success,thoth-minute-manifest/v5,t1_present,t1,present,,ok,99.36400008201599,51,51,1,0,51,510,18806760,0,False,,,,,,1,5786,2927081,1,True,True,True,False
train_minutes,20260827_1353,1787853180.0,47,26134019,0,True,json,success,thoth-minute-manifest/v5,t1_present,t1,present,,ok,144.64400005340576,43,43,1,0,43,430,15856680,0,False,,,,,,1,5841,2973371,1,True,True,True,False
train_minutes,20260827_1354,1787853240.0,40,22360144,0,True,json,success,thoth-minute-manifest/v5,t1_present,t1,present,,ok,118.87899994850159,36,36,1,0,36,360,13275360,0,False,,,,,,1,6016,3034659,1,True,True,True,False
train_minutes,20260827_1355,1787853300.0,28,16512658,0,True,json,success,thoth-minute-manifest/v5,t1_present,t1,present,,ok,69.18400001525879,24,24,2,0,24,240,8850240,0,False,,,,,,1,5486,2746228,1,True,True,True,False
train_minutes,20260827_1356,1787853360.0,58,29717361,0,True,json,collecting,thoth-minute-manifest/v4,t1_present,t1,present,,ok,58.0,58,54,1,1,54,540,19913040,0,False,,,,,,1,6005,3036125,1,True,True,True,False
train_minutes,20260827_1357,1787853420.0,54,28641542,0,True,json,success,thoth-minute-manifest/v5,t1_present,t1,present,,ok,141.76900005340576,50,50,1,0,50,500,18438000,0,False,,,,,,1,5793,2860321,1,True,True,True,False
train_minutes,20260827_1400,1787853600.0,25,12437998,0,True,json,success,thoth-minute-manifest/v5,t1_present,t1,present,,ok,87.46600008010864,21,21,1,0,21,210,7743960,0,False,,,,,,1,3710,1807859,1,True,True,True,False
train_minutes,20260827_1401,1787853660.0,18,10892603,0,True,json,success,thoth-minute-manifest/v5,t1_present,t1,present,,ok,58.931999921798706,14,14,2,0,14,140,5162640,0,False,,,,,,1,6870,3448603,1,True,True,True,False
train_minutes,20260827_1402,1787853720.0,50,25879399,0,True,json,success,thoth-minute-manifest/v5,t1_present,t1,present,,ok,130.44600009918213,46,46,1,0,46,460,16962960,0,False,,,,,,1,7121,3616261,1,True,True,True,False
train_minutes,20260827_1403,1787853780.0,37,19137716,0,True,json,success,thoth-minute-manifest/v5,t1_present,t1,present,,ok,111.76999998092651,33,33,1,0,33,330,12169080,0,False,,,,,,1,5496,2836677,1,True,True,True,False
train_minutes,20260827_1404,1787853840.0,61,31384937,0,True,json,success,thoth-minute-manifest/v5,t1_present,t1,present,,ok,148.07100009918213,57,57,2,0,57,570,21019320,0,False,,,,,,1,6449,3332354,1,True,True,True,False
train_minutes,20260827_1405,1787853900.0,49,27355417,0,True,json,success,thoth-minute-manifest/v5,t1_present,t1,present,,ok,150.40899991989136,45,45,1,0,45,450,16594200,0,False,,,,,,1,6404,3332811,1,True,True,True,False
train_minutes,20260827_1406,1787853960.0,42,22400397,0,True,json,success,thoth-minute-manifest/v5,t1_present,t1,present,,ok,104.8840000629425,38,38,1,0,38,380,14012880,0,False,,,,,,1,4399,2064792,1,True,True,True,False
train_minutes,20260827_1408,1787854080.0,42,22061506,0,True,json,success,thoth-minute-manifest/v5,t1_present,t1,present,,ok,117.36700010299683,38,38,1,0,38,380,14012880,0,False,,,,,,1,6334,3358637,1,True,True,True,False
train_minutes,20260827_1409,1787854140.0,56,22475780,0,True,json,collecting,thoth-minute-manifest/v5,t1_present,t1,present,,ok,155.260999917984,52,52,1,1,52,520,19175520,0,False,,,,,,1,5890,3072452,1,True,True,True,False
train_minutes,20260827_1410,1787854200.0,42,22204917,0,True,json,success,thoth-minute-manifest/v5,t1_present,t1,present,,ok,116.20900011062622,38,38,1,0,38,380,14012880,0,False,,,,,,1,6704,3497299,1,True,True,True,False
train_minutes,20260827_1411,1787854260.0,56,28294351,0,True,json,success,thoth-minute-manifest/v5,t1_present,t1,present,,ok,127.11899995803833,52,52,1,0,52,520,19175520,0,False,,,,,,1,5783,3000185,1,True,True,True,False
train_minutes,20260827_1412,1787854320.0,47,25173609,0,True,json,success,thoth-minute-manifest/v5,t1_present,t1,present,,ok,139.8420000076294,43,43,1,0,43,430,15856680,0,False,,,,,,1,6076,3189762,1,True,True,True,False
train_minutes,20260827_1413,1787854380.0,42,23314114,0,True,json,success,thoth-minute-manifest/v5,t1_present,t1,present,,ok,161.00500011444092,38,38,1,0,38,380,14012880,0,False,,,,,,1,5821,3050532,1,True,True,True,False
train_minutes,20260827_1415,1787854500.0,34,17700140,0,True,json,success,thoth-minute-manifest/v5,t1_present,t1,present,,ok,97.69099998474121,30,30,1,0,30,300,11062800,0,False,,,,,,1,4767,2496069,1,True,True,True,False
train_minutes,20260827_1416,1787854560.0,28,16359580,0,True,json,success,thoth-minute-manifest/v5,t1_present,t1,present,,ok,59.081000089645386,24,24,2,0,24,240,8850240,0,False,,,,,,1,6917,3621562,1,True,True,True,False
train_minutes,20260827_1417,1787854620.0,49,25925875,0,True,json,success,thoth-minute-manifest/v5,t1_present,t1,present,,ok,125.73699998855591,45,45,1,0,45,450,16594200,0,False,,,,,,1,6814,3582671,1,True,True,True,False
train_minutes,20260827_1418,1787854680.0,46,24255651,0,True,json,success,thoth-minute-manifest/v5,t1_present,t1,present,,ok,120.17499995231628,42,42,1,0,42,420,15487920,0,False,,,,,,1,5938,3109426,1,True,True,True,False
train_minutes,20260827_1419,1787854740.0,39,20124944,0,True,json,success,thoth-minute-manifest/v5,t1_present,t1,present,,ok,86.45700001716614,35,35,1,0,35,350,12906600,0,False,,,,,,1,5183,2692910,1,True,True,True,False
train_minutes,20260827_1420,1787854800.0,57,29473787,0,True,json,success,thoth-minute-manifest/v5,t1_present,t1,present,,ok,74.38100004196167,53,53,1,0,53,530,19544280,0,False,,,,,,1,7200,3713747,1,True,True,True,False
train_minutes,20260827_1421,1787854860.0,59,30800919,0,True,json,success,thoth-minute-manifest/v5,t1_present,t1,present,,ok,147.9579999446869,55,55,1,0,55,550,20281800,0,False,,,,,,1,6878,3571545,1,True,True,True,False
train_minutes,20260827_1422,1787854920.0,41,23155500,0,True,json,success,thoth-minute-manifest/v5,t1_present,t1,present,,ok,120.01300001144409,37,37,1,0,37,370,13644120,0,False,,,,,,1,6374,3318967,1,True,True,True,False
train_minutes,20260827_1423,1787854980.0,46,24031695,0,True,json,success,thoth-minute-manifest/v5,t1_present,t1,present,,ok,97.00500011444092,42,42,2,0,42,420,15487920,0,False,,,,,,1,5052,2631942,1,True,True,True,False
train_minutes,20260827_1424,1787855040.0,51,26765175,0,True,json,success,thoth-minute-manifest/v5,t1_present,t1,present,,ok,104.48600006103516,47,47,1,0,47,470,17331720,0,False,,,,,,1,6482,3366001,1,True,True,True,False
train_minutes,20260827_1425,1787855100.0,56,29271466,0,True,json,success,thoth-minute-manifest/v5,t1_present,t1,present,,ok,104.03800010681152,52,52,1,0,52,520,19175520,0,False,,,,,,1,6682,3481794,1,True,True,True,False
train_minutes,20260827_1426,1787855160.0,60,30857309,0,True,json,success,thoth-minute-manifest/v5,t1_present,t1,present,,ok,137.66100001335144,56,56,1,0,56,560,20650560,0,False,,,,,,1,7320,3824100,1,True,True,True,False
train_minutes,20260827_1427,1787855220.0,41,22709178,0,True,json,success,thoth-minute-manifest/v5,t1_present,t1,present,,ok,94.63499999046326,37,37,1,0,37,370,13644120,0,False,,,,,,1,5551,2901617,1,True,True,True,False
train_minutes,20260827_1428,1787855280.0,12,8115216,0,True,json,success,thoth-minute-manifest/v5,t1_present,t1,present,,ok,58.85199999809265,8,8,2,0,8,80,2950080,0,False,,,,,,1,6799,3512518,1,True,True,True,False
train_minutes,20260827_1429,1787855340.0,56,31077971,0,True,json,success,thoth-minute-manifest/v5,t1_present,t1,present,,ok,100.8970000743866,52,52,1,0,52,520,19175520,0,False,,,,,,1,7734,4028979,1,True,True,True,False
train_minutes,20260827_1430,1787855400.0,35,19966020,0,True,json,success,thoth-minute-manifest/v5,t1_present,t1,present,,ok,94.62700009346008,31,31,1,0,31,310,11431560,0,False,,,,,,1,5796,3022565,1,True,True,True,False
train_minutes,20260827_1431,1787855460.0,56,28930732,0,True,json,success,thoth-minute-manifest/v5,t1_present,t1,present,,ok,89.83100008964539,52,52,1,0,52,520,19175520,0,False,,,,,,1,6423,3373375,1,True,True,True,False
train_minutes,20260827_1432,1787855520.0,51,27509303,0,True,json,success,thoth-minute-manifest/v5,t1_present,t1,present,,ok,120.49900007247925,47,47,1,0,47,470,17331720,0,False,,,,,,1,6816,3518317,1,True,True,True,False
train_minutes,20260827_1433,1787855580.0,48,24968864,0,True,json,success,thoth-minute-manifest/v5,t1_present,t1,present,,ok,99.98300004005432,44,44,2,0,44,440,16225440,0,False,,,,,,1,6154,3181690,1,True,True,True,False
train_minutes,20260827_1434,1787855640.0,57,29237497,0,True,json,success,thoth-minute-manifest/v5,t1_present,t1,present,,ok,128.93300008773804,53,53,1,0,53,530,19544280,0,False,,,,,,1,6879,3528902,1,True,True,True,False
train_minutes,20260827_1435,1787855700.0,49,25268539,0,True,json,success,thoth-minute-manifest/v5,t1_present,t1,present,,ok,99.9300000667572,45,45,1,0,45,450,16594200,0,False,,,,,,1,6739,3425632,1,True,True,True,False
train_minutes,20260827_1436,1787855760.0,61,31023330,0,True,json,success,thoth-minute-manifest/v5,t1_present,t1,present,,ok,82.97099995613098,57,57,2,0,57,570,21019320,0,False,,,,,,1,6494,3314587,1,True,True,True,False
train_minutes,20260827_1437,1787855820.0,57,28801726,0,True,json,success,thoth-minute-manifest/v5,t1_present,t1,present,,ok,134.18799996376038,53,53,1,0,53,530,19544280,0,False,,,,,,1,6325,3250009,1,True,True,True,False
train_minutes,20260827_1438,1787855880.0,59,31034650,0,True,json,success,thoth-minute-manifest/v5,t1_present,t1,present,,ok,138.01399993896484,55,55,1,0,55,550,20281800,0,False,,,,,,1,6533,3387441,1,True,True,True,False
train_minutes,20260827_1439,1787855940.0,55,27160205,0,True,json,partial,thoth-minute-manifest/v5,t1_present,t1,present,,ok,155.44799995422363,51,51,1,1,51,510,18806760,0,False,,,,,,1,6023,3099681,1,True,True,True,False
train_minutes,20260827_1440,1787856000.0,33,17047067,0,True,json,success,thoth-minute-manifest/v5,t1_present,t1,present,,ok,104.91499996185303,29,29,1,0,29,290,10694040,0,False,,,,,,1,5233,2694562,1,True,True,True,False
train_minutes,20260827_1441,1787856060.0,59,31319600,0,True,json,success,thoth-minute-manifest/v5,t1_present,t1,present,,ok,177.82100009918213,55,55,1,0,55,550,20281800,0,False,,,,,,1,6012,3104635,1,True,True,True,False
train_minutes,20260827_1442,1787856120.0,44,18226915,0,True,json,collecting,thoth-minute-manifest/v4,t1_present,t1,present,,ok,58.0,58,40,1,0,40,400,14750400,0,False,,,,,,1,6190,3178981,1,True,True,True,False
train_minutes,20260827_1443,1787856180.0,28,11638374,0,True,json,collecting,thoth-minute-manifest/v4,t1_present,t1,present,,ok,58.0,58,24,1,0,24,240,8850240,0,False,,,,,,1,5055,2579912,1,True,True,True,False
train_minutes,20260827_1444,1787856240.0,15,5015932,0,True,json,collecting,thoth-minute-manifest/v4,t1_present,t1,present,,ok,58.0,58,11,1,0,11,110,4056360,0,False,,,,,,1,1596,813899,1,True,True,True,False
train_minutes,20260827_1857,1787871420.0,41,21134747,0,True,json,success,thoth-minute-manifest/v5,t1_empty,t1,empty,,ok,123.95799994468689,37,37,1,0,37,370,13644120,0,False,,,,,,1,5647,3069406,1,True,True,True,False
train_minutes,20260827_1858,1787871480.0,61,24418830,0,True,regex,,,t1_empty|absent|empty,t1,empty,,ok,nan,,0,0,0,57,570,21019320,0,False,,,,,,1,5864,3185215,1,True,True,True,False
train_minutes,20260827_1859,1787871540.0,48,24525873,0,True,json,success,thoth-minute-manifest/v5,t1_empty,t1,empty,,ok,140.36700010299683,44,44,1,0,44,440,16225440,0,False,,,,,,1,5918,3211435,1,True,True,True,False
train_minutes,20260827_1900,1787871600.0,58,23224868,0,True,json,partial,thoth-minute-manifest/v5,t1_empty,t1,empty,,ok,165.75699996948242,54,54,1,1,54,540,19913040,0,False,,,,,,1,5716,3106065,1,True,True,True,False
train_minutes,20260827_1901,1787871660.0,49,24991861,0,True,json,success,thoth-minute-manifest/v5,t1_empty,t1,empty,,ok,144.91899991035461,45,45,1,0,45,450,16594200,0,False,,,,,,1,5707,3103809,1,True,True,True,False
train_minutes,20260827_1902,1787871720.0,46,22847211,0,True,json,success,thoth-minute-manifest/v5,t1_empty,t1,empty,,ok,109.93099999427795,42,42,2,0,42,420,15487920,0,False,,,,,,1,4525,2461347,1,True,True,True,False
train_minutes,20260827_1903,1787871780.0,61,23801141,1,True,json,partial,thoth-minute-manifest/v5,t1_empty,t1,empty,,ok,173.6119999885559,56,56,1,1,56,560,20650560,0,False,,,,,,1,5341,2897416,1,True,True,True,False
train_minutes,20260827_1904,1787871840.0,38,20111974,0,True,json,success,thoth-minute-manifest/v5,t1_empty,t1,empty,,ok,147.86899995803833,34,34,1,0,34,340,12537840,0,False,,,,,,1,6339,3438821,1,True,True,True,False
train_minutes,20260827_1905,1787871900.0,26,13266337,0,True,json,success,thoth-minute-manifest/v5,t1_empty,t1,empty,,ok,87.53999996185303,22,22,1,0,22,220,8112720,0,False,,,,,,1,3979,2162226,1,True,True,True,False
train_minutes,20260827_1906,1787871960.0,25,14189428,0,True,json,success,thoth-minute-manifest/v5,t1_empty,t1,empty,,ok,58.97000002861023,21,21,2,0,21,210,7743960,0,False,,,,,,1,6537,3549253,1,True,True,True,False
train_minutes,20260827_1907,1787872020.0,57,29515770,0,True,json,success,thoth-minute-manifest/v5,t1_empty,t1,empty,,ok,111.10800004005432,53,53,1,0,53,530,19544280,0,False,,,,,,1,7405,4024785,1,True,True,True,False
train_minutes,20260827_1908,1787872080.0,46,23043556,0,True,json,success,thoth-minute-manifest/v5,t1_empty,t1,empty,,ok,91.46799993515015,42,42,2,0,42,420,15487920,0,False,,,,,,1,4890,2657136,1,True,True,True,False
train_minutes,20260827_1909,1787872140.0,52,26833789,0,True,json,success,thoth-minute-manifest/v5,t1_empty,t1,empty,,ok,150.57399988174438,48,48,1,0,48,480,17700480,0,False,,,,,,1,6761,3662778,1,True,True,True,False
train_minutes,20260827_1910,1787872200.0,37,19285906,0,True,json,success,thoth-minute-manifest/v5,t1_empty,t1,empty,,ok,146.29999995231628,33,33,1,0,33,330,12169080,0,False,,,,,,1,5861,3171150,1,True,True,True,False
train_minutes,20260827_1911,1787872260.0,18,10552887,0,True,json,success,thoth-minute-manifest/v5,t1_empty,t1,empty,,ok,74.50799989700317,14,14,2,0,14,140,5162640,0,False,,,,,,1,5838,3161370,1,True,True,True,False
train_minutes,20260827_1912,1787872320.0,58,29684880,0,True,json,success,thoth-minute-manifest/v5,t1_empty,t1,empty,,ok,64.4909999370575,54,54,2,0,54,540,19913040,0,False,,,,,,1,6890,3729969,1,True,True,True,False
train_minutes,20260827_1913,1787872380.0,45,23578263,0,True,json,success,thoth-minute-manifest/v5,t1_empty,t1,empty,,ok,111.56100010871887,41,41,1,0,41,410,15119160,0,False,,,,,,1,6754,3656395,1,True,True,True,False
train_minutes,20260827_1914,1787872440.0,61,30841744,0,True,json,success,thoth-minute-manifest/v5,t1_empty,t1,empty,,ok,80.45499992370605,57,57,2,0,57,570,21019320,0,False,,,,,,1,6453,3494610,1,True,True,True,False
train_minutes,20260827_1915,1787872500.0,61,31227161,0,True,json,success,thoth-minute-manifest/v5,t1_empty,t1,empty,,ok,84.32200002670288,57,57,2,0,57,570,21019320,0,False,,,,,,1,7164,3879800,1,True,True,True,False
train_minutes,20260827_1916,1787872560.0,52,26741067,0,True,json,success,thoth-minute-manifest/v5,t1_empty,t1,empty,,ok,115.64599990844727,48,48,1,0,48,480,17700480,0,False,,,,,,1,6599,3570737,1,True,True,True,False
train_minutes,20260827_1917,1787872620.0,61,30890136,0,True,json,success,thoth-minute-manifest/v5,t1_empty,t1,empty,,ok,140.59400010108948,57,57,2,0,57,570,21019320,0,False,,,,,,1,6538,3542233,1,True,True,True,False
train_minutes,20260827_1918,1787872680.0,53,22615706,0,True,json_partial,partial,thoth-minute-manifest/v5,t1_empty|absent|empty,t1,empty,,ok,157.15000009536743,49,49,1,1,49,490,18069240,0,False,,,,,,1,6657,3604459,1,True,True,True,False
train_minutes,20260827_1919,1787872740.0,31,16443115,0,True,json,success,thoth-minute-manifest/v5,t1_empty,t1,empty,,ok,99.63800001144409,27,27,1,0,27,270,9956520,0,False,,,,,,1,5578,3018571,1,True,True,True,False
train_minutes,20260827_1920,1787872800.0,58,29231919,1,True,json,collecting,thoth-minute-manifest/v4,t1_empty,t1,empty,,ok,58.0,58,53,1,1,53,530,19544280,0,False,,,,,,1,5059,2739101,1,True,True,True,False
train_minutes,20260827_1921,1787872860.0,46,23571409,0,True,json,success,thoth-minute-manifest/v5,t1_empty,t1,empty,,ok,118.31500005722046,42,42,1,0,42,420,15487920,0,False,,,,,,1,5884,3185676,1,True,True,True,False
train_minutes,20260827_1922,1787872920.0,61,24357965,0,True,json,partial,thoth-minute-manifest/v5,t1_empty,t1,empty,,ok,167.88000011444092,57,57,1,1,57,570,21019320,0,False,,,,,,1,5742,3109521,1,True,True,True,False
train_minutes,20260827_1923,1787872980.0,54,22302957,0,True,json,collecting,thoth-minute-manifest/v5,t1_empty,t1,empty,,ok,161.42899990081787,50,50,1,1,50,500,18438000,0,False,,,,,,1,6612,3583554,1,True,True,True,False
train_minutes,20260827_1924,1787873040.0,46,23132866,0,True,json,partial,thoth-minute-manifest/v5,t1_empty,t1,empty,,ok,165.55999994277954,42,42,2,1,42,420,15487920,0,False,,,,,,1,5083,2746412,1,True,True,True,False
train_minutes,20260827_1925,1787873100.0,55,22850229,0,True,json_partial,partial,thoth-minute-manifest/v5,t1_empty|absent|empty,t1,empty,,ok,161.62799978256226,51,51,1,1,51,510,18806760,0,False,,,,,,1,5046,2718348,1,True,True,True,False
train_minutes,20260827_1926,1787873160.0,33,17172269,0,True,json,success,thoth-minute-manifest/v5,t1_empty,t1,empty,,ok,89.7409999370575,29,29,1,0,29,290,10694040,0,False,,,,,,1,5240,2819482,1,True,True,True,False
train_minutes,20260827_1927,1787873220.0,61,29911030,0,True,json,partial,thoth-minute-manifest/v5,t1_empty,t1,empty,,ok,167.05299997329712,57,57,2,1,57,570,21019320,0,False,,,,,,1,4932,2657099,1,True,True,True,False
train_minutes,20260827_1928,1787873280.0,49,25250118,0,True,json,success,thoth-minute-manifest/v5,t1_empty,t1,empty,,ok,128.76500010490417,45,45,1,0,45,450,16594200,0,False,,,,,,1,6437,3472179,1,True,True,True,False
train_minutes,20260827_1929,1787873340.0,46,23520375,0,True,json,success,thoth-minute-manifest/v5,t1_empty,t1,empty,,ok,92.44000005722046,42,42,2,0,42,420,15487920,0,False,,,,,,1,5818,3134376,1,True,True,True,False
train_minutes,20260827_1930,1787873400.0,11,7758719,0,True,json,success,thoth-minute-manifest/v5,t1_empty,t1,empty,,ok,61.54200005531311,7,7,2,0,7,70,2581320,0,False,,,,,,1,6713,3615755,1,True,True,True,False
train_minutes,20260827_1931,1787873460.0,51,26140663,0,True,json,success,thoth-minute-manifest/v5,t1_empty,t1,empty,,ok,115.75600004196167,47,47,1,0,47,470,17331720,0,False,,,,,,1,6360,3434556,1,True,True,True,False
train_minutes,20260827_1932,1787873520.0,60,29740242,0,True,json,success,thoth-minute-manifest/v5,t1_empty,t1,empty,,ok,157.3550000190735,56,56,2,0,56,560,20650560,0,False,,,,,,1,5289,2856840,1,True,True,True,False
train_minutes,20260827_1933,1787873580.0,48,19018884,1,True,json,partial,thoth-minute-manifest/v5,t1_empty,t1,empty,,ok,168.75200009346008,43,43,1,1,43,430,15856680,0,False,,,,,,1,5515,2970034,1,True,True,True,False
train_minutes,20260827_1934,1787873640.0,32,16528279,0,True,json,success,thoth-minute-manifest/v5,t1_empty,t1,empty,,ok,113.33899998664856,28,28,1,0,28,280,10325280,0,False,,,,,,1,4901,2640965,1,True,True,True,False
train_minutes,20260827_1935,1787873700.0,61,30662630,0,True,json,success,thoth-minute-manifest/v5,t1_empty,t1,empty,,ok,135.56900000572205,57,57,2,0,57,570,21019320,0,False,,,,,,1,6145,3314816,1,True,True,True,False
train_minutes,20260827_1936,1787873760.0,56,23045486,0,True,json,collecting,thoth-minute-manifest/v5,t1_empty,t1,empty,,ok,170.09800004959106,52,52,1,1,52,520,19175520,0,False,,,,,,1,6645,3583876,1,True,True,True,False
train_minutes,20260827_1937,1787873820.0,52,26595577,0,True,json,success,thoth-minute-manifest/v5,t1_empty,t1,empty,,ok,137.66100001335144,48,48,1,0,48,480,17700480,0,False,,,,,,1,6352,3424464,1,True,True,True,False
train_minutes,20260827_1938,1787873880.0,51,25468841,0,True,json,success,thoth-minute-manifest/v5,t1_empty,t1,empty,,ok,171.42899990081787,47,47,2,0,47,470,17331720,0,False,,,,,,1,5117,2762353,1,True,True,True,False
train_minutes,20260827_1939,1787873940.0,11,7308117,0,True,json,success,thoth-minute-manifest/v5,t1_empty,t1,empty,,ok,73.02899980545044,7,7,2,0,7,70,2581320,0,False,,,,,,1,5859,3164499,1,True,True,True,False
train_minutes,20260827_1940,1787874000.0,30,15484888,0,True,json,success,thoth-minute-manifest/v5,t1_empty,t1,empty,,ok,80.76200008392334,26,26,1,0,26,260,9587760,0,False,,,,,,1,4682,2524523,1,True,True,True,False
train_minutes,20260827_1941,1787874060.0,61,31376574,0,True,json,success,thoth-minute-manifest/v5,t1_empty,t1,empty,,ok,65.27600002288818,57,57,1,0,57,570,21019320,0,False,,,,,,1,7467,4029284,1,True,True,True,False
train_minutes,20260827_1942,1787874120.0,57,29184837,0,True,json,success,thoth-minute-manifest/v5,t1_empty,t1,empty,,ok,121.6800000667572,53,53,1,0,53,530,19544280,0,False,,,,,,1,6836,3693976,1,True,True,True,False
train_minutes,20260827_1943,1787874180.0,47,24004713,0,True,json,success,thoth-minute-manifest/v5,t1_empty,t1,empty,,ok,96.99000000953674,43,43,2,0,43,430,15856680,0,False,,,,,,1,5825,3154710,1,True,True,True,False
train_minutes,20260827_1944,1787874240.0,60,26034351,0,True,json_partial,partial,thoth-minute-manifest/v5,t1_empty|absent|empty,t1,empty,,ok,171.0920000076294,56,56,1,1,56,560,20650560,0,False,,,,,,1,6760,3657731,1,True,True,True,False
train_minutes,20260827_1945,1787874300.0,48,24886588,0,True,json,success,thoth-minute-manifest/v5,t1_empty,t1,empty,,ok,141.57100009918213,44,44,1,0,44,440,16225440,0,False,,,,,,1,6590,3572604,1,True,True,True,False
train_minutes,20260827_1946,1787874360.0,57,23535699,0,True,json_partial,partial,thoth-minute-manifest/v5,t1_empty|absent|empty,t1,empty,,ok,170.77800011634827,53,53,2,1,53,530,19544280,0,False,,,,,,1,5473,2961998,1,True,True,True,False
train_minutes,20260827_1947,1787874420.0,25,13689672,0,True,json,success,thoth-minute-manifest/v5,t1_empty,t1,empty,,ok,86.49700021743774,21,21,1,0,21,210,7743960,0,False,,,,,,1,5642,3049063,1,True,True,True,False
train_minutes,20260827_1948,1787874480.0,46,23112757,0,True,json,success,thoth-minute-manifest/v5,t1_empty,t1,empty,,ok,75.60199999809265,42,42,2,0,42,420,15487920,0,False,,,,,,1,5037,2726257,1,True,True,True,False
train_minutes,20260827_1949,1787874540.0,58,29568942,0,True,json,success,thoth-minute-manifest/v5,t1_empty,t1,empty,,ok,116.30599999427795,54,54,1,0,54,540,19913040,0,False,,,,,,1,6686,3614054,1,True,True,True,False
train_minutes,20260827_1950,1787874600.0,44,22698474,0,True,json,success,thoth-minute-manifest/v5,t1_empty,t1,empty,,ok,108.25,40,40,1,0,40,400,14750400,0,False,,,,,,1,5986,3240912,1,True,True,True,False
train_minutes,20260827_1951,1787874660.0,61,32752060,0,True,json,collecting,thoth-minute-manifest/v4,t1_empty,t1,empty,,ok,58.0,58,57,2,1,57,570,21019320,0,False,,,,,,1,6703,3633912,1,True,True,True,False
train_minutes,20260827_1952,1787874720.0,41,21393148,0,True,json,success,thoth-minute-manifest/v5,t1_empty,t1,empty,,ok,122.16300010681152,37,37,1,0,37,370,13644120,0,False,,,,,,1,6145,3327232,1,True,True,True,False
train_minutes,20260827_1953,1787874780.0,53,22113786,0,True,json_partial,partial,thoth-minute-manifest/v5,t1_empty|absent|empty,t1,empty,,ok,150.2850000858307,49,49,1,1,49,490,18069240,0,False,,,,,,1,5342,2890877,1,True,True,True,False
train_minutes,20260827_1954,1787874840.0,36,18828606,0,True,json,success,thoth-minute-manifest/v5,t1_empty,t1,empty,,ok,96.36400008201599,32,32,1,0,32,320,11800320,0,False,,,,,,1,5870,3178076,1,True,True,True,False
train_minutes,20260827_1955,1787874900.0,30,16379276,0,True,json,success,thoth-minute-manifest/v5,t1_empty,t1,empty,,ok,59.020999908447266,26,26,2,0,26,260,9587760,0,False,,,,,,1,6314,3418824,1,True,True,True,False
train_minutes,20260827_1956,1787874960.0,59,30450080,0,True,json,success,thoth-minute-manifest/v5,t1_empty,t1,empty,,ok,96.61500000953674,55,55,1,0,55,550,20281800,0,False,,,,,,1,7447,4031058,1,True,True,True,False
train_minutes,20260827_1957,1787875020.0,44,18751108,0,True,json_partial,partial,thoth-minute-manifest/v5,t1_empty|absent|empty,t1,empty,,ok,151.0420000553131,40,40,1,1,40,400,14750400,0,False,,,,,,1,5092,2755099,1,True,True,True,False
train_minutes,20260827_1958,1787875080.0,37,19299865,0,True,json,success,thoth-minute-manifest/v5,t1_empty,t1,empty,,ok,98.86400008201599,33,33,1,0,33,330,12169080,0,False,,,,,,1,5706,3090882,1,True,True,True,False
train_minutes,20260827_1959,1787875140.0,61,30837869,0,True,json,success,thoth-minute-manifest/v5,t1_empty,t1,empty,,ok,88.78800010681152,57,57,1,0,57,570,21019320,0,False,,,,,,1,6452,3490535,1,True,True,True,False
train_minutes,20260827_2000,1787875200.0,58,29540492,0,True,json,success,thoth-minute-manifest/v5,t1_empty,t1,empty,,ok,102.13100004196167,54,54,1,0,54,540,19913040,0,False,,,,,,1,6604,3585576,1,True,True,True,False
train_minutes,20260827_2001,1787875260.0,55,28089675,0,True,json,success,thoth-minute-manifest/v5,t1_empty,t1,empty,,ok,138.85800004005432,51,51,1,0,51,510,18806760,0,False,,,,,,1,6504,3526954,1,True,True,True,False
train_minutes,20260827_2002,1787875320.0,50,25471961,0,True,json,success,thoth-minute-manifest/v5,t1_empty,t1,empty,,ok,135.30800008773804,46,46,1,0,46,460,16962960,0,False,,,,,,1,5944,3229072,1,True,True,True,False
train_minutes,20260827_2003,1787875380.0,61,25155460,0,True,json_partial,partial,thoth-minute-manifest/v5,t1_empty|absent|empty,t1,empty,,ok,152.28399991989136,57,57,2,1,57,570,21019320,0,False,,,,,,1,5534,3011375,1,True,True,True,False
train_minutes,20260827_2004,1787875440.0,39,20213597,0,True,json,success,thoth-minute-manifest/v5,t1_empty,t1,empty,,ok,108.86500000953674,35,35,1,0,35,350,12906600,0,False,,,,,,1,5667,3076392,1,True,True,True,False
train_minutes,20260827_2005,1787875500.0,60,25236477,0,True,json_partial,partial,thoth-minute-manifest/v5,t1_empty|absent|empty,t1,empty,,ok,164.1050000190735,56,56,1,1,56,560,20650560,0,False,,,,,,1,6366,3461051,1,True,True,True,False
train_minutes,20260827_2006,1787875560.0,49,25218905,0,True,json,success,thoth-minute-manifest/v5,t1_empty,t1,empty,,ok,131.20300006866455,45,45,1,0,45,450,16594200,0,False,,,,,,1,6336,3440317,1,True,True,True,False
train_minutes,20260827_2007,1787875620.0,54,26812262,0,True,json,partial,thoth-minute-manifest/v5,t1_empty,t1,empty,,ok,175.13700008392334,50,50,2,1,50,500,18438000,0,False,,,,,,1,5336,2902933,1,True,True,True,False
train_minutes,20260827_2008,1787875680.0,49,24904837,0,True,json,success,thoth-minute-manifest/v5,t1_empty,t1,empty,,ok,141.40400004386902,45,45,1,0,45,450,16594200,0,False,,,,,,1,5931,3221553,1,True,True,True,False
train_minutes,20260827_2009,1787875740.0,43,21318708,0,True,json,success,thoth-minute-manifest/v5,t1_empty,t1,empty,,ok,141.24399995803833,39,39,2,0,39,390,14381640,0,False,,,,,,1,4281,2324321,1,True,True,True,False
train_minutes,20260827_2010,1787875800.0,54,27227926,0,True,json,success,thoth-minute-manifest/v5,t1_empty,t1,empty,,ok,140.40599989891052,50,50,1,0,50,500,18438000,0,False,,,,,,1,5943,3223774,1,True,True,True,False
train_minutes,20260827_2011,1787875860.0,60,30205627,0,True,json,success,thoth-minute-manifest/v5,t1_empty,t1,empty,,ok,166.5369999408722,56,56,2,0,56,560,20650560,0,False,,,,,,1,6121,3321838,1,True,True,True,False
train_minutes,20260827_2012,1787875920.0,58,23339388,0,True,json,partial,thoth-minute-manifest/v5,t1_empty,t1,empty,,ok,177.78099989891052,54,54,1,1,54,540,19913040,0,False,,,,,,1,5932,3222113,1,True,True,True,False
train_minutes,20260827_2013,1787875980.0,7,5123586,0,True,json,success,thoth-minute-manifest/v5,t1_empty,t1,empty,,ok,67.30900001525879,3,3,2,0,3,30,1106280,0,False,,,,,,1,5225,2836278,1,True,True,True,False
train_minutes,20260827_2014,1787876040.0,32,16711498,0,True,json,success,thoth-minute-manifest/v5,t1_empty,t1,empty,,ok,75.33200001716614,28,28,1,0,28,280,10325280,0,False,,,,,,1,5196,2823027,1,True,True,True,False
train_minutes,20260827_2015,1787876100.0,51,26580007,0,True,json,success,thoth-minute-manifest/v5,t1_empty,t1,empty,,ok,125.51500010490417,47,47,1,0,47,470,17331720,0,False,,,,,,1,7127,3873650,1,True,True,True,False
train_minutes,20260827_2016,1787876160.0,48,24727398,0,True,json,success,thoth-minute-manifest/v5,t1_empty,t1,empty,,ok,110.21900010108948,44,44,1,0,44,440,16225440,0,False,,,,,,1,6451,3508495,1,True,True,True,False
train_minutes,20260827_2017,1787876220.0,55,22412535,0,True,json,partial,thoth-minute-manifest/v5,t1_empty,t1,empty,,ok,161.17499995231628,51,51,1,1,51,510,18806760,0,False,,,,,,1,6247,3388791,1,True,True,True,False
train_minutes,20260827_2018,1787876280.0,38,19915392,0,True,json,success,thoth-minute-manifest/v5,t1_empty,t1,empty,,ok,119.54699993133545,34,34,1,0,34,340,12537840,0,False,,,,,,1,5960,3241713,1,True,True,True,False
train_minutes,20260827_2019,1787876340.0,53,26777669,0,True,json,success,thoth-minute-manifest/v5,t1_empty,t1,empty,,ok,138.38899993896484,49,49,1,0,49,490,18069240,0,False,,,,,,1,5778,3142518,1,True,True,True,False
train_minutes,20260827_2020,1787876400.0,43,22121612,0,True,json,success,thoth-minute-manifest/v5,t1_empty,t1,empty,,ok,116.68600010871887,39,39,1,0,39,390,14381640,0,False,,,,,,1,5933,3222302,1,True,True,True,False
train_minutes,20260827_2021,1787876460.0,49,24436737,0,True,json,success,thoth-minute-manifest/v5,t1_empty,t1,empty,,ok,96.83100008964539,45,45,2,0,45,450,16594200,0,False,,,,,,1,4903,2657862,1,True,True,True,False
train_minutes,20260827_2022,1787876520.0,50,25709592,0,True,json,success,thoth-minute-manifest/v5,t1_empty,t1,empty,,ok,102.1470000743866,46,46,1,0,46,460,16962960,0,False,,,,,,1,6404,3467308,1,True,True,True,False
train_minutes,20260827_2023,1787876580.0,61,30908336,0,True,json,success,thoth-minute-manifest/v5,t1_empty,t1,empty,,ok,98.79900002479553,57,57,2,0,57,570,21019320,0,False,,,,,,1,6569,3560368,1,True,True,True,False
train_minutes,20260827_2024,1787876640.0,61,25500529,0,True,json_partial,partial,thoth-minute-manifest/v5,t1_empty|absent|empty,t1,empty,,ok,151.17700004577637,57,57,1,1,57,570,21019320,0,False,,,,,,1,6065,3296990,1,True,True,True,False
train_minutes,20260827_2025,1787876700.0,41,21131937,0,True,json,success,thoth-minute-manifest/v5,t1_empty,t1,empty,,ok,115.7039999961853,37,37,1,0,37,370,13644120,0,False,,,,,,1,5666,3065941,1,True,True,True,False
train_minutes,20260827_2026,1787876760.0,54,26251557,1,True,json,collecting,thoth-minute-manifest/v4,t1_empty,t1,empty,,ok,58.0,58,49,1,1,49,490,18069240,0,False,,,,,,1,5185,2808834,1,True,True,True,False
train_minutes,20260827_2027,1787876820.0,37,19644840,0,True,json,success,thoth-minute-manifest/v5,t1_empty,t1,empty,,ok,115.17300009727478,33,33,1,0,33,330,12169080,0,False,,,,,,1,6338,3435750,1,True,True,True,False
train_minutes,20260827_2028,1787876880.0,61,24715419,0,True,json,partial,thoth-minute-manifest/v5,t1_empty,t1,empty,,ok,195.86800003051758,57,57,1,1,57,570,21019320,0,False,,,,,,1,6400,3467011,1,True,True,True,False
train_minutes,20260827_2029,1787876940.0,46,20176612,0,True,json_partial,partial,thoth-minute-manifest/v5,t1_empty|absent|empty,t1,empty,,ok,150.03900003433228,42,42,1,1,42,420,15487920,0,False,,,,,,1,6246,3383369,1,True,True,True,False
train_minutes,20260827_2030,1787877000.0,34,17128179,0,True,json,success,thoth-minute-manifest/v5,t1_empty,t1,empty,,ok,96.37400007247925,30,30,1,0,30,300,11062800,0,False,,,,,,1,4446,2406427,1,True,True,True,False
train_minutes,20260827_2031,1787877060.0,18,11817929,0,True,json,success,thoth-minute-manifest/v5,t1_empty,t1,empty,,ok,59.01099991798401,14,14,2,0,14,140,5162640,0,False,,,,,,1,6820,3684572,1,True,True,True,False
train_minutes,20260827_2032,1787877120.0,45,24378952,0,True,json,success,thoth-minute-manifest/v5,t1_empty,t1,empty,,ok,128.8949999809265,41,41,1,0,41,410,15119160,0,False,,,,,,1,6538,3533759,1,True,True,True,False
train_minutes,20260827_2033,1787877180.0,48,25946970,0,True,json,success,thoth-minute-manifest/v5,t1_empty,t1,empty,,ok,102.3420000076294,44,44,1,0,44,440,16225440,0,False,,,,,,1,6543,3535577,1,True,True,True,False
train_minutes,20260827_2034,1787877240.0,54,28893643,0,True,json,success,thoth-minute-manifest/v5,t1_empty,t1,empty,,ok,154.50300002098083,50,50,1,0,50,500,18438000,0,False,,,,,,1,6099,3301643,1,True,True,True,False
train_minutes,20260827_2035,1787877300.0,34,14492300,0,True,json,collecting,thoth-minute-manifest/v4,t1_empty,t1,empty,,ok,58.0,58,30,1,0,30,300,11062800,0,False,,,,,,1,5652,3051931,1,True,True,True,False
train_minutes,20260827_2036,1787877360.0,54,21004528,0,True,json,collecting,thoth-minute-manifest/v4,t1_empty,t1,empty,,ok,58.0,58,50,1,0,50,500,18438000,0,False,,,,,,1,4318,2328678,1,True,True,True,False
val_minutes,20260906_1804,1788732240.0,5,26450496,0,True,json,success,thoth-minute-manifest/v6,t_empty,t,empty,,ok,120.26999998092651,46,46,1,0,0,0,0,0,True,True,460,7344,0,58,0,0,0,0,True,True,True,True
val_minutes,20260906_1805,1788732300.0,5,23101454,0,True,json_partial,partial,thoth-minute-manifest/v6,t_empty|absent|empty,t,empty,,ok,160.8399999141693,50,50,1,1,0,0,0,0,True,True,500,5937,0,58,0,0,0,0,True,True,True,True
val_minutes,20260906_1806,1788732360.0,5,21192306,0,True,json,partial,thoth-minute-manifest/v6,t_empty,t,empty,,ok,152.02500009536743,45,45,1,1,0,0,0,0,True,True,450,7054,0,58,0,0,0,0,True,True,True,True
val_minutes,20260906_1807,1788732420.0,5,17707217,0,True,json,success,thoth-minute-manifest/v6,t_empty,t,empty,,ok,174.24200010299683,30,30,1,0,0,0,0,0,True,True,300,5073,0,58,0,0,0,0,True,True,True,True
val_minutes,20260906_1808,1788732480.0,5,18340370,0,True,json,partial,thoth-minute-manifest/v6,t_empty,t,empty,,ok,168.76399993896484,43,43,1,1,0,0,0,0,True,True,430,4014,0,58,0,0,0,0,True,True,True,True
val_minutes,20260906_1809,1788732540.0,5,14489788,0,True,json,success,thoth-minute-manifest/v6,t_empty,t,empty,,ok,147.65700006484985,23,23,1,0,0,0,0,0,True,True,230,5291,0,58,0,0,0,0,True,True,True,True
val_minutes,20260906_1810,1788732600.0,5,19997946,0,True,json,success,thoth-minute-manifest/v6,t_empty,t,empty,,ok,131.40899991989136,36,36,1,0,0,0,0,0,True,True,360,3943,0,58,0,0,0,0,True,True,True,True
val_minutes,20260906_1811,1788732660.0,6,25421168,1,True,json_partial,partial,thoth-minute-manifest/v6,t_empty|absent|empty,t,empty,,ok,168.72399997711182,53,53,1,1,0,0,0,0,True,True,530,6066,0,58,0,0,0,0,True,True,True,True
val_minutes,20260906_1812,1788732720.0,5,24323059,0,True,json_partial,partial,thoth-minute-manifest/v6,t_empty|absent|empty,t,empty,,ok,167.19600009918213,53,53,1,1,0,0,0,0,True,True,530,5485,0,58,0,0,0,0,True,True,True,True
val_minutes,20260906_1813,1788732780.0,5,13169051,0,True,json,collecting,thoth-minute-manifest/v4,t_empty,t,empty,,ok,171.56100010871887,25,25,1,1,0,0,0,0,True,True,250,5059,0,58,0,0,0,0,True,True,True,True
val_minutes,20260906_1814,1788732840.0,5,17129601,0,True,json,collecting,thoth-minute-manifest/v4,t_empty,t,empty,,ok,153.42000007629395,36,36,1,1,0,0,0,0,True,True,360,4483,0,58,0,0,0,0,True,True,True,True
val_minutes,20260906_1815,1788732900.0,5,9176653,0,True,json,success,thoth-minute-manifest/v6,t_empty,t,empty,,ok,90.37800002098083,13,13,1,0,0,0,0,0,True,True,130,4351,0,58,0,0,0,0,True,True,True,True
val_minutes,20260906_1816,1788732960.0,5,17462574,0,True,json,partial,thoth-minute-manifest/v6,t_empty,t,empty,,ok,155.260999917984,40,40,1,1,0,0,0,0,True,True,400,3606,0,58,0,0,0,0,True,True,True,True
val_minutes,20260906_1817,1788733020.0,33,17680144,0,True,json,collecting,thoth-minute-manifest/v4,t_empty,t,empty,,ok,58.0,58,28,1,1,28,280,10325280,0,False,,,,,,1,5198,2785136,1,True,True,True,True
val_minutes,20260906_1818,1788733080.0,5,26307315,0,True,json_partial,partial,thoth-minute-manifest/v6,t_empty|absent|empty,t,empty,,ok,162.94899988174438,56,56,1,1,0,0,0,0,True,True,560,6041,0,58,0,0,0,0,True,True,True,True
val_minutes,20260906_1819,1788733140.0,5,18939820,0,True,json,partial,thoth-minute-manifest/v6,t_empty,t,empty,,ok,167.44199991226196,40,40,1,1,0,0,0,0,True,True,400,6320,0,58,0,0,0,0,True,True,True,True
val_minutes,20260906_1820,1788733200.0,5,17368700,0,True,json,collecting,thoth-minute-manifest/v4,t_empty,t,empty,,ok,188.19400000572205,37,37,1,1,0,0,0,0,True,True,370,4224,0,58,0,0,0,0,True,True,True,True
val_minutes,20260906_1821,1788733260.0,5,10450545,0,True,json,partial,thoth-minute-manifest/v6,t_empty,t,empty,,ok,186.24699997901917,22,22,1,1,0,0,0,0,True,True,220,3336,0,58,0,0,0,0,True,True,True,True
val_minutes,20260906_1822,1788733320.0,5,8918155,0,True,json,success,thoth-minute-manifest/v6,t_empty,t,empty,,ok,125.16300010681152,13,13,1,0,0,0,0,0,True,True,130,3656,0,58,0,0,0,0,True,True,True,True
val_minutes,20260906_1823,1788733380.0,5,15100865,0,True,json,success,thoth-minute-manifest/v6,t_empty,t,empty,,ok,79.54999995231628,25,25,1,0,0,0,0,0,True,True,250,4598,0,58,0,0,0,0,True,True,True,True
val_minutes,20260906_1824,1788733440.0,5,5277889,0,True,json,success,thoth-minute-manifest/v6,t_empty,t,empty,,ok,58.782999992370605,2,2,1,0,0,0,0,0,True,True,20,6807,0,58,0,0,0,0,True,True,True,True
val_minutes,20260906_1825,1788733500.0,5,26260777,0,True,json,success,thoth-minute-manifest/v6,t_empty,t,empty,,ok,142.40499997138977,46,46,1,0,0,0,0,0,True,True,460,6940,0,58,0,0,0,0,True,True,True,True
val_minutes,20260906_1826,1788733560.0,5,22039440,0,True,json,success,thoth-minute-manifest/v6,t_empty,t,empty,,ok,153.78200006484985,38,38,1,0,0,0,0,0,True,True,380,6123,0,58,0,0,0,0,True,True,True,True
val_minutes,20260906_1827,1788733620.0,5,22759248,0,True,json,collecting,thoth-minute-manifest/v4,t_empty,t,empty,,ok,176.46900010108948,48,48,1,1,0,0,0,0,True,True,480,6268,0,58,0,0,0,0,True,True,True,True
val_minutes,20260906_1828,1788733680.0,5,15650179,0,True,json,partial,thoth-minute-manifest/v6,t_empty,t,empty,,ok,178.4909999370575,33,33,1,1,0,0,0,0,True,True,330,5256,0,58,0,0,0,0,True,True,True,True
val_minutes,20260906_1829,1788733740.0,5,16029284,0,True,json,collecting,thoth-minute-manifest/v4,t_empty,t,empty,,ok,155.38499999046326,33,33,1,1,0,0,0,0,True,True,330,5300,0,58,0,0,0,0,True,True,True,True
val_minutes,20260906_1830,1788733800.0,5,17992383,0,True,json,success,thoth-minute-manifest/v6,t_empty,t,empty,,ok,110.87899994850159,30,30,1,0,0,0,0,0,True,True,300,5642,0,58,0,0,0,0,True,True,True,True
val_minutes,20260906_1831,1788733860.0,5,18374703,0,True,json,collecting,thoth-minute-manifest/v4,t_empty,t,empty,,ok,159.97699999809265,38,38,1,1,0,0,0,0,True,True,380,4121,0,58,0,0,0,0,True,True,True,True
val_minutes,20260906_1832,1788733920.0,5,22818836,0,True,json,success,thoth-minute-manifest/v6,t_empty,t,empty,,ok,130.5550000667572,40,40,1,0,0,0,0,0,True,True,400,5790,0,58,0,0,0,0,True,True,True,True
val_minutes,20260906_1833,1788733980.0,5,24370021,0,True,json_partial,partial,thoth-minute-manifest/v6,t_empty|absent|empty,t,empty,,ok,171.8510000705719,54,54,2,1,0,0,0,0,True,True,540,5139,0,58,0,0,0,0,True,True,True,True
val_minutes,20260906_1834,1788734040.0,5,21991499,0,True,json_partial,partial,thoth-minute-manifest/v6,t_empty|absent|empty,t,empty,,ok,177.80200004577637,46,46,1,1,0,0,0,0,True,True,460,6020,0,58,0,0,0,0,True,True,True,True
val_minutes,20260906_1835,1788734100.0,5,15883990,0,True,json_partial,partial,thoth-minute-manifest/v6,t_empty|absent|empty,t,empty,,ok,165.875,32,32,1,1,0,0,0,0,True,True,320,4769,0,58,0,0,0,0,True,True,True,True
val_minutes,20260906_1836,1788734160.0,48,24355956,0,True,json,collecting,thoth-minute-manifest/v4,t_empty,t,empty,,ok,58.0,58,43,1,1,43,430,15856680,0,False,,,,,,1,5326,2862687,1,True,True,True,True
val_minutes,20260906_1837,1788734220.0,5,20512911,0,True,json_partial,partial,thoth-minute-manifest/v6,t_empty|absent|empty,t,empty,,ok,164.71099996566772,43,43,1,1,0,0,0,0,True,True,430,5196,0,58,0,0,0,0,True,True,True,True
val_minutes,20260906_1838,1788734280.0,5,20266181,0,True,regex,,,t_empty|absent|empty,t,empty,,ok,nan,,0,0,0,0,0,0,0,True,True,440,5807,0,58,0,0,0,0,True,True,True,True
val_minutes,20260906_1839,1788734340.0,5,22835966,0,True,json,partial,thoth-minute-manifest/v6,t_empty,t,empty,,ok,180.9340000152588,51,51,1,1,0,0,0,0,True,True,510,6390,0,58,0,0,0,0,True,True,True,True
val_minutes,20260906_1840,1788734400.0,5,18695777,0,True,json_partial,partial,thoth-minute-manifest/v6,t_empty|absent|empty,t,empty,,ok,171.69899988174438,37,37,1,1,0,0,0,0,True,True,370,5939,0,58,0,0,0,0,True,True,True,True
val_minutes,20260906_1841,1788734460.0,5,14263280,0,True,json,success,thoth-minute-manifest/v6,t_empty,t,empty,,ok,97.43300008773804,23,23,1,0,0,0,0,0,True,True,230,5013,0,58,0,0,0,0,True,True,True,True
val_minutes,20260906_1842,1788734520.0,5,3872508,0,True,json,success,thoth-minute-manifest/v6,t_empty,t,empty,,ok,79.66400003433228,1,1,2,0,0,0,0,0,True,True,10,4937,0,58,0,0,0,0,True,True,True,True
val_minutes,20260906_1843,1788734580.0,5,10080566,0,True,json,success,thoth-minute-manifest/v6,t_empty,t,empty,,ok,128.28099989891052,15,15,1,0,0,0,0,0,True,True,150,4052,0,58,0,0,0,0,True,True,True,True
val_minutes,20260906_1844,1788734640.0,5,19465766,0,True,json,success,thoth-minute-manifest/v6,t_empty,t,empty,,ok,86.51099991798401,33,33,1,0,0,0,0,0,True,True,330,5714,0,58,0,0,0,0,True,True,True,True
val_minutes,20260906_1845,1788734700.0,5,29263206,0,True,json,success,thoth-minute-manifest/v6,t_empty,t,empty,,ok,124.93499994277954,53,53,1,0,0,0,0,0,True,True,530,6290,0,58,0,0,0,0,True,True,True,True
val_minutes,20260906_1846,1788734760.0,5,24548921,0,True,json,collecting,thoth-minute-manifest/v4,t_empty,t,empty,,ok,178.2850000858307,51,51,1,1,0,0,0,0,True,True,510,6922,0,58,0,0,0,0,True,True,True,True
val_minutes,20260906_1847,1788734820.0,36,15170872,0,True,json,collecting,thoth-minute-manifest/v4,t_empty,t,empty,,ok,58.0,58,31,1,1,31,310,11431560,0,False,,,,,,1,5024,2699269,1,True,True,True,True
val_minutes,20260906_1848,1788734880.0,37,18376281,0,True,json,collecting,thoth-minute-manifest/v4,t_empty,t,empty,,ok,58.0,58,32,1,1,32,320,11800320,0,False,,,,,,1,4194,2253789,1,True,True,True,True
val_minutes,20260906_1849,1788734940.0,5,17745035,0,True,json,success,thoth-minute-manifest/v6,t_empty,t,empty,,ok,98.66000008583069,29,29,1,0,0,0,0,0,True,True,290,6064,0,58,0,0,0,0,True,True,True,True
val_minutes,20260906_1850,1788735000.0,5,28344519,0,True,json,success,thoth-minute-manifest/v6,t_empty,t,empty,,ok,158.86100006103516,51,51,1,0,0,0,0,0,True,True,510,6354,0,58,0,0,0,0,True,True,True,True
val_minutes,20260906_1851,1788735060.0,5,20378635,0,True,json_partial,partial,thoth-minute-manifest/v6,t_empty|absent|empty,t,empty,,ok,169.59699988365173,41,41,1,1,0,0,0,0,True,True,410,6591,0,58,0,0,0,0,True,True,True,True
val_minutes,20260906_1852,1788735120.0,5,12941555,0,True,json,partial,thoth-minute-manifest/v6,t_empty,t,empty,,ok,173.67600011825562,27,27,1,1,0,0,0,0,True,True,270,4258,0,58,0,0,0,0,True,True,True,True
val_minutes,20260906_1853,1788735180.0,47,18421228,0,True,regex,,,t_empty|absent|empty,t,empty,,ok,nan,,0,0,0,42,420,15487920,0,False,,,,,,1,5055,2708490,1,True,True,True,True
val_minutes,20260906_1854,1788735240.0,5,20182714,0,True,json,partial,thoth-minute-manifest/v6,t_empty,t,empty,,ok,180.88000011444092,46,46,1,1,0,0,0,0,True,True,460,4614,0,58,0,0,0,0,True,True,True,True
val_minutes,20260906_1855,1788735300.0,47,24522423,0,True,json,collecting,thoth-minute-manifest/v4,t_empty,t,empty,,ok,58.0,58,42,1,1,42,420,15487920,0,False,,,,,,1,5857,3140395,1,True,True,True,True
val_minutes,20260906_1856,1788735360.0,5,19526176,0,True,json,success,thoth-minute-manifest/v6,t_empty,t,empty,,ok,102.43499994277954,33,33,1,0,0,0,0,0,True,True,330,5845,0,58,0,0,0,0,True,True,True,True
val_minutes,20260906_1857,1788735420.0,5,9103699,0,True,json,success,thoth-minute-manifest/v6,t_empty,t,empty,,ok,72.30800008773804,11,11,2,0,0,0,0,0,True,True,110,5908,0,58,0,0,0,0,True,True,True,True
val_minutes,20260906_1858,1788735480.0,5,19060474,0,True,json,success,thoth-minute-manifest/v6,t_empty,t,empty,,ok,113.01900005340576,33,33,1,0,0,0,0,0,True,True,330,4909,0,58,0,0,0,0,True,True,True,True
val_minutes,20260906_1859,1788735540.0,55,26863032,0,True,json,collecting,thoth-minute-manifest/v4,t_empty,t,empty,,ok,58.0,58,50,1,1,50,500,18438000,0,False,,,,,,1,5426,2907864,1,True,True,True,True
val_minutes,20260906_1900,1788735600.0,5,21432307,0,True,json,collecting,thoth-minute-manifest/v4,t_empty,t,empty,,ok,182.16899991035461,44,44,1,1,0,0,0,0,True,True,440,5657,0,58,0,0,0,0,True,True,True,True
val_minutes,20260906_1901,1788735660.0,5,18593956,0,True,json,success,thoth-minute-manifest/v6,t_empty,t,empty,,ok,143.07399988174438,31,31,1,0,0,0,0,0,True,True,310,5878,0,58,0,0,0,0,True,True,True,True
val_minutes,20260906_1902,1788735720.0,5,20557143,0,True,json,partial,thoth-minute-manifest/v6,t_empty,t,empty,,ok,162.89599990844727,37,37,1,1,0,0,0,0,True,True,370,4099,0,58,0,0,0,0,True,True,True,True
val_minutes,20260906_1903,1788735780.0,5,23767447,0,True,json,collecting,thoth-minute-manifest/v4,t_empty,t,empty,,ok,174.87599992752075,53,53,1,1,0,0,0,0,True,True,530,4827,0,58,0,0,0,0,True,True,True,True
val_minutes,20260906_1904,1788735840.0,5,16499107,0,True,json,partial,thoth-minute-manifest/v6,t_empty,t,empty,,ok,173.65899991989136,35,35,1,1,0,0,0,0,True,True,350,5305,0,58,0,0,0,0,True,True,True,True
val_minutes,20260906_1905,1788735900.0,6,18105716,1,True,json,collecting,thoth-minute-manifest/v4,t_empty,t,empty,,ok,192.03600001335144,37,37,2,1,0,0,0,0,True,True,370,4708,0,58,0,0,0,0,True,True,True,True
val_minutes,20260906_1906,1788735960.0,49,38928507,1,True,json,collecting,thoth-minute-manifest/v4,t_empty,t,empty,,ok,158.40700006484985,43,43,1,1,43,430,15856680,0,False,,,,,,1,5574,2987100,1,True,True,True,True
val_minutes,20260906_1907,1788736020.0,24,9673519,0,True,json,collecting,thoth-minute-manifest/v4,t_empty,t,empty,,ok,58.0,58,19,1,0,19,190,7006440,0,False,,,,,,1,4614,2459514,1,True,True,True,True
val_minutes,20260906_1908,1788736080.0,21,7209684,0,True,json,collecting,thoth-minute-manifest/v4,t_empty,t,empty,,ok,58.0,58,16,1,0,16,160,5900160,0,False,,,,,,1,2143,1146319,1,True,True,True,True
val_minutes,20260906_1910,1788736200.0,5,35230484,0,True,json,success,thoth-minute-manifest/v6,t_present,t,present,,ok,115.02500009536743,57,57,2,0,0,0,0,0,True,True,570,6755,0,58,0,0,0,0,True,True,True,True
val_minutes,20260906_1911,1788736260.0,5,25659839,0,True,json,success,thoth-minute-manifest/v6,t_present,t,present,,ok,142.3380000591278,40,40,1,0,0,0,0,0,True,True,400,6551,0,58,0,0,0,0,True,True,True,True
val_minutes,20260906_1912,1788736320.0,5,12868552,0,True,json,success,thoth-minute-manifest/v6,t_present,t,present,,ok,76.22699999809265,17,17,1,0,0,0,0,0,True,True,170,4376,0,58,0,0,0,0,True,True,True,True
val_minutes,20260906_1913,1788736380.0,14,14619609,1,True,json,collecting,thoth-minute-manifest/v4,t_present,t,present,,ok,58.0,58,8,1,0,8,80,2950080,0,False,,,,,,1,5729,3054167,1,True,True,True,True
val_minutes,20260906_1914,1788736440.0,12,3428727,0,True,json,collecting,thoth-minute-manifest/v4,t_present,t,present,,ok,58.0,58,6,1,0,7,70,2581320,0,False,,,,,,1,1026,544685,1,True,True,True,True
val_minutes,20260906_1920,1788736800.0,5,31856843,0,True,json,success,thoth-minute-manifest/v6,t_empty,t,empty,,ok,69.50399994850159,57,57,2,0,0,0,0,0,True,True,570,7736,0,58,0,0,0,0,True,True,True,True
val_minutes,20260906_1921,1788736860.0,5,22567533,0,True,json,collecting,thoth-minute-manifest/v4,t_empty,t,empty,,ok,155.88899993896484,46,46,1,1,0,0,0,0,True,True,460,6474,0,58,0,0,0,0,True,True,True,True
val_minutes,20260906_1922,1788736920.0,5,18117116,0,True,json,partial,thoth-minute-manifest/v6,t_empty,t,empty,,ok,150.18600010871887,39,39,1,1,0,0,0,0,True,True,390,6243,0,58,0,0,0,0,True,True,True,True
val_minutes,20260906_1923,1788736980.0,5,17449722,0,True,json,partial,thoth-minute-manifest/v6,t_empty,t,empty,,ok,163.5659999847412,38,38,1,1,0,0,0,0,True,True,380,4875,0,58,0,0,0,0,True,True,True,True
val_minutes,20260906_1924,1788737040.0,5,20611916,0,True,json_partial,partial,thoth-minute-manifest/v6,t_empty|absent|empty,t,empty,,ok,187.40899991989136,43,43,1,1,0,0,0,0,True,True,430,5623,0,58,0,0,0,0,True,True,True,True
val_minutes,20260906_1925,1788737100.0,5,19246837,0,True,json,partial,thoth-minute-manifest/v6,t_empty,t,empty,,ok,154.75,45,45,1,1,0,0,0,0,True,True,450,4458,0,58,0,0,0,0,True,True,True,True
val_minutes,20260906_1926,1788737160.0,5,13060167,0,True,json,success,thoth-minute-manifest/v6,t_empty,t,empty,,ok,110.09500002861023,21,21,1,0,0,0,0,0,True,True,210,4337,0,58,0,0,0,0,True,True,True,True
val_minutes,20260906_1927,1788737220.0,5,14149568,0,True,json,success,thoth-minute-manifest/v6,t_empty,t,empty,,ok,81.55299997329712,23,23,2,0,0,0,0,0,True,True,230,4614,0,58,0,0,0,0,True,True,True,True
val_minutes,20260906_1928,1788737280.0,5,21008224,0,True,json,success,thoth-minute-manifest/v6,t_empty,t,empty,,ok,101.0,36,36,1,0,0,0,0,0,True,True,360,5980,0,58,0,0,0,0,True,True,True,True
val_minutes,20260906_1929,1788737340.0,54,23471819,0,True,json,collecting,thoth-minute-manifest/v4,t_empty,t,empty,,ok,58.0,58,49,1,1,49,490,18069240,0,False,,,,,,1,6803,3635604,1,True,True,True,True
val_minutes,20260906_1930,1788737400.0,5,21788814,0,True,json,collecting,thoth-minute-manifest/v6,t_empty,t,empty,,ok,165.8380000591278,47,47,1,1,0,0,0,0,True,True,470,6760,0,58,0,0,0,0,True,True,True,True
val_minutes,20260906_1931,1788737460.0,41,22342721,0,True,json,collecting,thoth-minute-manifest/v4,t_empty,t,empty,,ok,58.0,58,36,1,1,36,360,13275360,0,False,,,,,,1,6444,3448461,1,True,True,True,True
val_minutes,20260906_1932,1788737520.0,45,17831159,1,True,json,collecting,thoth-minute-manifest/v4,t_empty,t,empty,,ok,58.0,58,39,1,1,39,390,14381640,0,False,,,,,,1,4338,2324386,1,True,True,True,True
val_minutes,20260906_1933,1788737580.0,5,14864264,0,True,json_partial,partial,thoth-minute-manifest/v6,t_empty|absent|empty,t,empty,,ok,155.90100002288818,30,30,1,1,0,0,0,0,True,True,300,4929,0,58,0,0,0,0,True,True,True,True
val_minutes,20260906_1934,1788737640.0,5,16418721,0,True,json,success,thoth-minute-manifest/v6,t_empty,t,empty,,ok,123.04399991035461,27,27,1,0,0,0,0,0,True,True,270,5341,0,58,0,0,0,0,True,True,True,True
val_minutes,20260906_1935,1788737700.0,5,18710594,0,True,json,success,thoth-minute-manifest/v6,t_empty,t,empty,,ok,98.38800001144409,31,31,2,0,0,0,0,0,True,True,310,6105,0,58,0,0,0,0,True,True,True,True
val_minutes,20260906_1936,1788737760.0,52,25214226,0,True,json,collecting,thoth-minute-manifest/v4,t_empty,t,empty,,ok,58.0,58,47,1,1,47,470,17331720,0,False,,,,,,1,5148,2755338,1,True,True,True,True
val_minutes,20260906_1937,1788737820.0,5,19686190,0,True,json,success,thoth-minute-manifest/v6,t_empty,t,empty,,ok,98.16599988937378,33,33,2,0,0,0,0,0,True,True,330,6172,0,58,0,0,0,0,True,True,True,True
val_minutes,20260906_1938,1788737880.0,5,20829502,0,True,json,collecting,thoth-minute-manifest/v4,t_empty,t,empty,,ok,152.6600000858307,43,43,1,1,0,0,0,0,True,True,430,5016,0,58,0,0,0,0,True,True,True,True
val_minutes,20260906_1939,1788737940.0,5,20246369,0,True,json,partial,thoth-minute-manifest/v6,t_empty,t,empty,,ok,169.1470000743866,44,44,1,1,0,0,0,0,True,True,440,6042,0,58,0,0,0,0,True,True,True,True
val_minutes,20260906_1940,1788738000.0,63,49382655,1,True,json,collecting,thoth-minute-manifest/v4,t_empty,t,empty,,ok,159.7829999923706,57,57,2,1,57,570,21019320,0,False,,,,,,1,5144,2762545,1,True,True,True,True
val_minutes,20260906_1941,1788738060.0,42,16997699,0,True,json,collecting,thoth-minute-manifest/v4,t_empty,t,empty,,ok,58.0,58,37,1,0,37,370,13644120,0,False,,,,,,1,5776,3097218,1,True,True,True,True
val_minutes,20260906_1942,1788738120.0,50,19791248,0,True,json,collecting,thoth-minute-manifest/v4,t_empty,t,empty,,ok,58.0,58,45,1,0,45,450,16594200,0,False,,,,,,1,5553,2975726,1,True,True,True,True
val_minutes,20260906_1945,1788738300.0,5,31305866,0,True,json,success,thoth-minute-manifest/v6,t_sleep,t,sleep,,ok,65.78699994087219,56,56,1,0,0,0,0,0,True,True,560,7550,0,58,0,0,0,0,True,True,True,True
val_minutes,20260906_1946,1788738360.0,5,23294274,0,True,json,partial,thoth-minute-manifest/v6,t_sleep,t,sleep,,ok,159.79999995231628,52,52,1,1,0,0,0,0,True,True,520,6183,0,58,0,0,0,0,True,True,True,True
val_minutes,20260906_1947,1788738420.0,5,19615175,0,True,json,partial,thoth-minute-manifest/v6,t_sleep,t,sleep,,ok,178.4300000667572,42,42,1,1,0,0,0,0,True,True,420,6322,0,58,0,0,0,0,True,True,True,True
val_minutes,20260906_1948,1788738480.0,6,23423102,1,True,json_partial,partial,thoth-minute-manifest/v6,t_sleep|absent|empty,t,sleep,,ok,158.72699999809265,49,49,1,1,0,0,0,0,True,True,490,5877,0,58,0,0,0,0,True,True,True,True
val_minutes,20260906_1949,1788738540.0,5,17816990,0,True,json,success,thoth-minute-manifest/v6,t_sleep,t,sleep,,ok,127.90300011634827,29,29,1,0,0,0,0,0,True,True,290,6317,0,58,0,0,0,0,True,True,True,True
val_minutes,20260906_1950,1788738600.0,5,20599015,0,True,json,partial,thoth-minute-manifest/v6,t_sleep,t,sleep,,ok,163.4800000190735,47,47,1,1,0,0,0,0,True,True,470,4831,0,58,0,0,0,0,True,True,True,True
val_minutes,20260906_1951,1788738660.0,5,8183363,0,True,json,success,thoth-minute-manifest/v6,t_sleep,t,sleep,,ok,103.2960000038147,13,13,1,0,0,0,0,0,True,True,130,2389,0,58,0,0,0,0,True,True,True,True
val_minutes,20260906_1952,1788738720.0,56,28701518,1,True,json,collecting,thoth-minute-manifest/v4,t_sleep,t,sleep,,ok,58.0,58,50,2,1,50,500,18438000,0,False,,,,,,1,6278,3364515,1,True,True,True,True
val_minutes,20260906_1953,1788738780.0,5,20952131,0,True,json,success,thoth-minute-manifest/v6,t_sleep,t,sleep,,ok,98.50200009346008,35,35,1,0,0,0,0,0,True,True,350,6528,0,58,0,0,0,0,True,True,True,True
val_minutes,20260906_1954,1788738840.0,5,25225547,0,True,json,partial,thoth-minute-manifest/v6,t_sleep,t,sleep,,ok,187.53900003433228,57,57,1,1,0,0,0,0,True,True,570,5835,0,58,0,0,0,0,True,True,True,True
val_minutes,20260906_1955,1788738900.0,5,18952917,0,True,json,collecting,thoth-minute-manifest/v4,t_sleep,t,sleep,,ok,165.37800002098083,38,38,1,1,0,0,0,0,True,True,380,6191,0,58,0,0,0,0,True,True,True,True
val_minutes,20260906_1956,1788738960.0,5,15330100,0,True,json,partial,thoth-minute-manifest/v6,t_sleep,t,sleep,,ok,151.875,33,33,1,1,0,0,0,0,True,True,330,4630,0,58,0,0,0,0,True,True,True,True
val_minutes,20260906_1957,1788739020.0,5,15358180,0,True,json,success,thoth-minute-manifest/v6,t_sleep,t,sleep,,ok,116.78699994087219,25,25,2,0,0,0,0,0,True,True,250,4622,0,58,0,0,0,0,True,True,True,True
val_minutes,20260906_1958,1788739080.0,5,17174500,0,True,json,success,thoth-minute-manifest/v6,t_sleep,t,sleep,,ok,99.18600010871887,28,28,2,0,0,0,0,0,True,True,280,4703,0,58,0,0,0,0,True,True,True,True
val_minutes,20260906_1959,1788739140.0,5,21523645,0,True,json,partial,thoth-minute-manifest/v6,t_sleep,t,sleep,,ok,155.62400007247925,48,48,1,1,0,0,0,0,True,True,480,5394,0,58,0,0,0,0,True,True,True,True
val_minutes,20260906_2000,1788739200.0,5,18461399,0,True,json,success,thoth-minute-manifest/v6,t_sleep,t,sleep,,ok,165.74000000953674,29,29,1,0,0,0,0,0,True,True,290,5611,0,58,0,0,0,0,True,True,True,True
val_minutes,20260906_2001,1788739260.0,5,21565396,0,True,json_partial,partial,thoth-minute-manifest/v6,t_sleep|absent|empty,t,sleep,,ok,152.39299988746643,48,48,1,1,0,0,0,0,True,True,480,4933,0,58,0,0,0,0,True,True,True,True
val_minutes,20260906_2002,1788739320.0,32,27133448,1,True,json,collecting,thoth-minute-manifest/v4,t_sleep,t,sleep,,ok,58.0,58,26,1,0,26,260,9587760,0,False,,,,,,1,4135,2210585,1,True,True,True,True
val_minutes,20260906_2003,1788739380.0,59,23266758,0,True,json,collecting,thoth-minute-manifest/v4,t_sleep,t,sleep,,ok,58.0,58,54,1,0,54,540,19913040,0,False,,,,,,1,5778,3083866,1,True,True,True,True
val_minutes,20260906_2004,1788739440.0,40,15614912,0,True,json,collecting,thoth-minute-manifest/v4,t_sleep,t,sleep,,ok,58.0,58,35,1,0,35,350,12906600,0,False,,,,,,1,4709,2512119,1,True,True,True,True
val_minutes,20260906_2103,1788742980.0,5,29602130,0,True,json,success,thoth-minute-manifest/v6,t_empty,t,empty,,ok,123.27300000190735,53,53,1,0,0,0,0,0,True,True,530,6977,0,58,0,0,0,0,True,True,True,True
val_minutes,20260906_2104,1788743040.0,5,19441083,0,True,json,partial,thoth-minute-manifest/v6,t_empty,t,empty,,ok,181.1050000190735,42,42,1,1,0,0,0,0,True,True,420,6069,0,58,0,0,0,0,True,True,True,True
val_minutes,20260906_2105,1788743100.0,5,16746850,0,True,json,partial,thoth-minute-manifest/v6,t_empty,t,empty,,ok,150.0550000667572,38,38,2,1,0,0,0,0,True,True,380,4398,0,58,0,0,0,0,True,True,True,True
val_minutes,20260906_2106,1788743160.0,5,21692443,0,True,json,success,thoth-minute-manifest/v6,t_empty,t,empty,,ok,117.59599995613098,37,37,1,0,0,0,0,0,True,True,370,6370,0,58,0,0,0,0,True,True,True,True
val_minutes,20260906_2107,1788743220.0,5,6979121,0,True,json,success,thoth-minute-manifest/v6,t_empty,t,empty,,ok,73.12299990653992,7,7,2,0,0,0,0,0,True,True,70,5452,0,58,0,0,0,0,True,True,True,True
val_minutes,20260906_2108,1788743280.0,5,14530923,0,True,json,partial,thoth-minute-manifest/v6,t_empty,t,empty,,ok,154.80999994277954,31,31,1,1,0,0,0,0,True,True,310,4369,0,58,0,0,0,0,True,True,True,True
val_minutes,20260906_2109,1788743340.0,5,21738294,0,True,json,success,thoth-minute-manifest/v6,t_empty,t,empty,,ok,123.00500011444092,38,38,1,0,0,0,0,0,True,True,380,5517,0,58,0,0,0,0,True,True,True,True
val_minutes,20260906_2110,1788743400.0,5,27301104,0,True,json,success,thoth-minute-manifest/v6,t_empty,t,empty,,ok,121.64100003242493,50,50,1,0,0,0,0,0,True,True,500,5434,0,58,0,0,0,0,True,True,True,True
val_minutes,20260906_2111,1788743460.0,5,25091393,0,True,json_partial,partial,thoth-minute-manifest/v6,t_empty|absent|empty,t,empty,,ok,185.59299993515015,54,54,1,1,0,0,0,0,True,True,540,6082,0,58,0,0,0,0,True,True,True,True
val_minutes,20260906_2112,1788743520.0,5,15542691,0,True,json,success,thoth-minute-manifest/v6,t_empty,t,empty,,ok,146.91899991035461,26,26,1,0,0,0,0,0,True,True,260,4523,0,58,0,0,0,0,True,True,True,True
val_minutes,20260906_2113,1788743580.0,5,15411312,0,True,json,success,thoth-minute-manifest/v6,t_empty,t,empty,,ok,126.28500008583069,26,26,1,0,0,0,0,0,True,True,260,4473,0,58,0,0,0,0,True,True,True,True
val_minutes,20260906_2114,1788743640.0,5,7107563,0,True,json,success,thoth-minute-manifest/v6,t_empty,t,empty,,ok,66.29699993133545,7,7,2,0,0,0,0,0,True,True,70,5702,0,58,0,0,0,0,True,True,True,True
val_minutes,20260906_2115,1788743700.0,5,18850239,0,True,json,success,thoth-minute-manifest/v6,t_empty,t,empty,,ok,72.66599988937378,33,33,2,0,0,0,0,0,True,True,330,4502,0,58,0,0,0,0,True,True,True,True
val_minutes,20260906_2116,1788743760.0,5,31680922,0,True,json,success,thoth-minute-manifest/v6,t_empty,t,empty,,ok,142.6930000782013,57,57,2,0,0,0,0,0,True,True,570,7356,0,58,0,0,0,0,True,True,True,True
val_minutes,20260906_2117,1788743820.0,5,18780198,0,True,json,partial,thoth-minute-manifest/v6,t_empty,t,empty,,ok,176.12199997901917,40,40,1,1,0,0,0,0,True,True,400,6162,0,58,0,0,0,0,True,True,True,True
val_minutes,20260906_2118,1788743880.0,5,25672300,0,True,json_partial,partial,thoth-minute-manifest/v6,t_empty|absent|empty,t,empty,,ok,159.75999999046326,57,57,2,1,0,0,0,0,True,True,570,6321,0,58,0,0,0,0,True,True,True,True
val_minutes,20260906_2119,1788743940.0,5,15222197,0,True,json,success,thoth-minute-manifest/v6,t_empty,t,empty,,ok,105.59699988365173,24,24,1,0,0,0,0,0,True,True,240,6002,0,58,0,0,0,0,True,True,True,True
val_minutes,20260906_2120,1788744000.0,5,9701485,0,True,json,success,thoth-minute-manifest/v6,t_empty,t,empty,,ok,95.42400002479553,14,14,2,0,0,0,0,0,True,True,140,4254,0,58,0,0,0,0,True,True,True,True
val_minutes,20260906_2121,1788744060.0,5,13341147,0,True,json,success,thoth-minute-manifest/v6,t_empty,t,empty,,ok,107.4980001449585,22,22,1,0,0,0,0,0,True,True,220,4152,0,58,0,0,0,0,True,True,True,True
val_minutes,20260906_2122,1788744120.0,5,15697034,0,True,json,success,thoth-minute-manifest/v6,t_empty,t,empty,,ok,69.56399989128113,25,25,2,0,0,0,0,0,True,True,250,5813,0,58,0,0,0,0,True,True,True,True
val_minutes,20260906_2123,1788744180.0,5,15860798,0,True,json,success,thoth-minute-manifest/v6,t_empty,t,empty,,ok,122.1930000782013,26,26,1,0,0,0,0,0,True,True,260,5157,0,58,0,0,0,0,True,True,True,True
val_minutes,20260906_2124,1788744240.0,5,19753346,0,True,json,success,thoth-minute-manifest/v6,t_empty,t,empty,,ok,76.6470000743866,33,33,1,0,0,0,0,0,True,True,330,6308,0,58,0,0,0,0,True,True,True,True
val_minutes,20260906_2125,1788744300.0,5,22120731,0,True,json,partial,thoth-minute-manifest/v6,t_empty,t,empty,,ok,168.26799988746643,48,48,1,1,0,0,0,0,True,True,480,6556,0,58,0,0,0,0,True,True,True,True
val_minutes,20260906_2126,1788744360.0,5,18413137,0,True,json,partial,thoth-minute-manifest/v6,t_empty,t,empty,,ok,164.7829999923706,39,39,1,1,0,0,0,0,True,True,390,6365,0,58,0,0,0,0,True,True,True,True
val_minutes,20260906_2127,1788744420.0,5,16542747,0,True,json,success,thoth-minute-manifest/v6,t_empty,t,empty,,ok,118.24699997901917,28,28,1,0,0,0,0,0,True,True,280,4636,0,58,0,0,0,0,True,True,True,True
val_minutes,20260906_2128,1788744480.0,5,20123593,0,True,json,partial,thoth-minute-manifest/v6,t_empty,t,empty,,ok,164.64100003242493,44,44,1,1,0,0,0,0,True,True,440,5621,0,58,0,0,0,0,True,True,True,True
val_minutes,20260906_2129,1788744540.0,54,25496324,0,True,json,collecting,thoth-minute-manifest/v4,t_empty,t,empty,,ok,58.0,58,49,1,1,49,490,18069240,0,False,,,,,,1,5494,2947379,1,True,True,True,True
val_minutes,20260906_2130,1788744600.0,5,16245924,0,True,json,success,thoth-minute-manifest/v6,t_empty,t,empty,,ok,137.40300011634827,28,28,1,0,0,0,0,0,True,True,280,4060,0,58,0,0,0,0,True,True,True,True
val_minutes,20260906_2131,1788744660.0,40,19804748,1,True,json,collecting,thoth-minute-manifest/v4,t_empty,t,empty,,ok,58.0,58,34,1,1,34,340,12537840,0,False,,,,,,1,4252,2268529,1,True,True,True,True
val_minutes,20260906_2132,1788744720.0,5,23034478,0,True,json,success,thoth-minute-manifest/v6,t_empty,t,empty,,ok,132.2130000591278,41,41,1,0,0,0,0,0,True,True,410,5314,0,58,0,0,0,0,True,True,True,True
val_minutes,20260906_2133,1788744780.0,56,28191786,0,True,json,collecting,thoth-minute-manifest/v4,t_empty,t,empty,,ok,58.0,58,51,1,1,51,510,18806760,0,False,,,,,,1,5542,2959471,1,True,True,True,True
val_minutes,20260906_2134,1788744840.0,5,22624042,0,True,json,success,thoth-minute-manifest/v6,t_empty,t,empty,,ok,132.07299995422363,41,41,1,0,0,0,0,0,True,True,410,4457,0,58,0,0,0,0,True,True,True,True
val_minutes,20260906_2135,1788744900.0,5,26876267,0,True,json,success,thoth-minute-manifest/v6,t_empty,t,empty,,ok,104.09899997711182,48,48,1,0,0,0,0,0,True,True,480,6328,0,58,0,0,0,0,True,True,True,True
val_minutes,20260906_2136,1788744960.0,3,3405727,0,True,json,partial,thoth-minute-manifest/v6,t_empty,t,empty,,ok,58.67899990081787,0,0,2,1,0,0,0,0,True,True,0,6777,0,58,0,0,0,0,False,,False,True
val_minutes,20260906_2137,1788745020.0,5,25365483,0,True,json,success,thoth-minute-manifest/v6,t_empty,t,empty,,ok,102.1819999217987,45,45,1,0,0,0,0,0,True,True,450,6142,0,58,0,0,0,0,True,True,True,True
val_minutes,20260906_2138,1788745080.0,62,32470585,0,True,json,collecting,thoth-minute-manifest/v4,t_empty,t,empty,,ok,58.0,58,57,2,1,57,570,21019320,0,False,,,,,,1,6228,3328419,1,True,True,True,True
val_minutes,20260906_2139,1788745140.0,5,23209272,0,True,json,success,thoth-minute-manifest/v6,t_empty,t,empty,,ok,116.51900005340576,40,40,1,0,0,0,0,0,True,True,400,6588,0,58,0,0,0,0,True,True,True,True
val_minutes,20260906_2140,1788745200.0,5,25520101,0,True,json_partial,partial,thoth-minute-manifest/v6,t_empty|absent|empty,t,empty,,ok,157.0659999847412,57,57,2,1,0,0,0,0,True,True,570,5070,0,58,0,0,0,0,True,True,True,True
val_minutes,20260906_2141,1788745260.0,5,20442926,0,True,json,partial,thoth-minute-manifest/v6,t_empty,t,empty,,ok,157.3659999370575,44,44,1,1,0,0,0,0,True,True,440,6469,0,58,0,0,0,0,True,True,True,True
val_minutes,20260906_2142,1788745320.0,5,17733050,0,True,json,partial,thoth-minute-manifest/v6,t_empty,t,empty,,ok,165.76900005340576,38,38,2,1,0,0,0,0,True,True,380,5795,0,58,0,0,0,0,True,True,True,True
val_minutes,20260906_2143,1788745380.0,5,20200444,0,True,json,success,thoth-minute-manifest/v6,t_empty,t,empty,,ok,154.98300004005432,35,35,1,0,0,0,0,0,True,True,350,5320,0,58,0,0,0,0,True,True,True,True
val_minutes,20260906_2144,1788745440.0,5,19925038,0,True,json_partial,partial,thoth-minute-manifest/v6,t_empty|absent|empty,t,empty,,ok,177.6289999485016,42,42,2,1,0,0,0,0,True,True,420,4454,0,58,0,0,0,0,True,True,True,True
val_minutes,20260906_2145,1788745500.0,5,22512512,0,True,json,partial,thoth-minute-manifest/v6,t_empty,t,empty,,ok,180.33500003814697,50,50,1,1,0,0,0,0,True,True,500,6317,0,58,0,0,0,0,True,True,True,True
val_minutes,20260906_2146,1788745560.0,5,16887947,0,True,json,collecting,thoth-minute-manifest/v6,t_empty,t,empty,,ok,178.99900007247925,35,35,1,1,0,0,0,0,True,True,350,6371,0,58,0,0,0,0,True,True,True,True
val_minutes,20260906_2147,1788745620.0,5,13115172,0,True,json,partial,thoth-minute-manifest/v6,t_empty,t,empty,,ok,152.75600004196167,21,21,1,1,0,0,0,0,True,True,210,3915,0,58,0,0,0,0,True,True,True,True
val_minutes,20260906_2148,1788745680.0,5,14444557,0,True,json,success,thoth-minute-manifest/v6,t_empty,t,empty,,ok,143.46200013160706,24,24,1,0,0,0,0,0,True,True,240,4247,0,58,0,0,0,0,True,True,True,True
val_minutes,20260906_2149,1788745740.0,5,4404512,0,True,json,success,thoth-minute-manifest/v6,t_empty,t,empty,,ok,63.24300003051758,1,1,2,0,0,0,0,0,True,True,10,6012,0,58,0,0,0,0,True,True,True,True
val_minutes,20260906_2150,1788745800.0,5,17258413,0,True,json,success,thoth-minute-manifest/v6,t_empty,t,empty,,ok,106.65599989891052,29,29,1,0,0,0,0,0,True,True,290,5108,0,58,0,0,0,0,True,True,True,True
val_minutes,20260906_2151,1788745860.0,5,23318601,0,True,json_partial,partial,thoth-minute-manifest/v6,t_empty|absent|empty,t,empty,,ok,158.1819999217987,51,51,1,1,0,0,0,0,True,True,510,6230,0,58,0,0,0,0,True,True,True,True
val_minutes,20260906_2152,1788745920.0,6,21701694,1,True,json_partial,partial,thoth-minute-manifest/v6,t_empty|absent|empty,t,empty,,ok,184.6819999217987,44,44,1,1,0,0,0,0,True,True,440,6795,0,58,0,0,0,0,True,True,True,True
val_minutes,20260906_2153,1788745980.0,6,16164498,1,True,json,partial,thoth-minute-manifest/v6,t_empty,t,empty,,ok,160.37400007247925,35,35,2,1,0,0,0,0,True,True,350,4768,0,58,0,0,0,0,True,True,True,True
val_minutes,20260906_2154,1788746040.0,5,18008142,0,True,json,partial,thoth-minute-manifest/v6,t_empty,t,empty,,ok,177.06900000572205,38,38,1,1,0,0,0,0,True,True,380,6285,0,58,0,0,0,0,True,True,True,True
val_minutes,20260906_2155,1788746100.0,5,17999364,0,True,json_partial,partial,thoth-minute-manifest/v6,t_empty|absent|empty,t,empty,,ok,170.85899996757507,38,38,1,1,0,0,0,0,True,True,380,5092,0,58,0,0,0,0,True,True,True,True
val_minutes,20260906_2156,1788746160.0,46,22429010,0,True,json,collecting,thoth-minute-manifest/v4,t_empty,t,empty,,ok,58.0,58,41,1,1,41,410,15119160,0,False,,,,,,1,6508,3488263,1,True,True,True,True
val_minutes,20260906_2157,1788746220.0,36,17849320,0,True,json,collecting,thoth-minute-manifest/v4,t_empty,t,empty,,ok,58.0,58,31,1,1,31,310,11431560,0,False,,,,,,1,4638,2489494,1,True,True,True,True
val_minutes,20260906_2158,1788746280.0,5,20269714,0,True,json,success,thoth-minute-manifest/v6,t_empty,t,empty,,ok,131.13499999046326,34,34,1,0,0,0,0,0,True,True,340,6383,0,58,0,0,0,0,True,True,True,True
val_minutes,20260906_2159,1788746340.0,5,22005117,0,True,json,partial,thoth-minute-manifest/v6,t_empty,t,empty,,ok,180.67799997329712,50,50,1,1,0,0,0,0,True,True,500,5880,0,58,0,0,0,0,True,True,True,True
val_minutes,20260906_2200,1788746400.0,5,19981222,0,True,json,collecting,thoth-minute-manifest/v4,t_empty,t,empty,,ok,155.2039999961853,40,40,1,1,0,0,0,0,True,True,400,6282,0,58,0,0,0,0,True,True,True,True
val_minutes,20260906_2201,1788746460.0,5,19919407,0,True,json_partial,partial,thoth-minute-manifest/v6,t_empty|absent|empty,t,empty,,ok,193.3159999847412,41,41,1,1,0,0,0,0,True,True,410,6448,0,58,0,0,0,0,True,True,True,True
val_minutes,20260906_2202,1788746520.0,5,18962487,0,True,json,partial,thoth-minute-manifest/v6,t_empty,t,empty,,ok,198.06699991226196,42,42,1,1,0,0,0,0,True,True,420,6054,0,58,0,0,0,0,True,True,True,True
val_minutes,20260906_2203,1788746580.0,5,12211887,0,True,json,collecting,thoth-minute-manifest/v4,t_empty,t,empty,,ok,174.51799988746643,23,23,1,1,0,0,0,0,True,True,230,4910,0,58,0,0,0,0,True,True,True,True
val_minutes,20260906_2204,1788746640.0,5,17357615,0,True,json_partial,partial,thoth-minute-manifest/v6,t_empty|absent|empty,t,empty,,ok,159.3880000114441,36,36,1,1,0,0,0,0,True,True,360,5115,0,58,0,0,0,0,True,True,True,True
val_minutes,20260906_2205,1788746700.0,5,15315661,0,True,json,success,thoth-minute-manifest/v6,t_empty,t,empty,,ok,168.43499994277954,26,26,1,0,0,0,0,0,True,True,260,4081,0,58,0,0,0,0,True,True,True,True
val_minutes,20260906_2206,1788746760.0,5,21129552,0,True,json,partial,thoth-minute-manifest/v6,t_empty,t,empty,,ok,166.56399989128113,47,47,1,1,0,0,0,0,True,True,470,5922,0,58,0,0,0,0,True,True,True,True
val_minutes,20260906_2207,1788746820.0,5,11302921,0,True,json,partial,thoth-minute-manifest/v6,t_empty,t,empty,,ok,158.89000010490417,22,22,1,1,0,0,0,0,True,True,220,4813,0,58,0,0,0,0,True,True,True,True
val_minutes,20260906_2208,1788746880.0,5,17699312,0,True,json,success,thoth-minute-manifest/v6,t_empty,t,empty,,ok,126.40000009536743,30,30,1,0,0,0,0,0,True,True,300,5033,0,58,0,0,0,0,True,True,True,True
val_minutes,20260906_2209,1788746940.0,5,23942044,0,True,json,partial,thoth-minute-manifest/v6,t_empty,t,empty,,ok,165.67899990081787,55,55,2,1,0,0,0,0,True,True,550,5982,0,58,0,0,0,0,True,True,True,True
val_minutes,20260906_2210,1788747000.0,5,22446225,0,True,json,partial,thoth-minute-manifest/v6,t_empty,t,empty,,ok,156.11700010299683,50,50,1,1,0,0,0,0,True,True,500,6229,0,58,0,0,0,0,True,True,True,True
val_minutes,20260906_2211,1788747060.0,5,13338629,0,True,json,success,thoth-minute-manifest/v6,t_empty,t,empty,,ok,181.68300008773804,22,22,1,0,0,0,0,0,True,True,220,3916,0,58,0,0,0,0,True,True,True,True
val_minutes,20260906_2212,1788747120.0,5,19189310,0,True,json_partial,partial,thoth-minute-manifest/v6,t_empty|absent|empty,t,empty,,ok,172.53900003433228,41,41,1,1,0,0,0,0,True,True,410,5211,0,58,0,0,0,0,True,True,True,True
val_minutes,20260906_2213,1788747180.0,5,17153675,0,True,json,success,thoth-minute-manifest/v6,t_empty,t,empty,,ok,152.85999989509583,29,29,1,0,0,0,0,0,True,True,290,4890,0,58,0,0,0,0,True,True,True,True
val_minutes,20260906_2214,1788747240.0,5,18877181,0,True,json,partial,thoth-minute-manifest/v6,t_empty,t,empty,,ok,187.49499988555908,43,43,2,1,0,0,0,0,True,True,430,4845,0,58,0,0,0,0,True,True,True,True
val_minutes,20260906_2215,1788747300.0,5,16862241,0,True,json_partial,partial,thoth-minute-manifest/v6,t_empty|absent|empty,t,empty,,ok,200.2699999809265,35,35,1,1,0,0,0,0,True,True,350,5380,0,58,0,0,0,0,True,True,True,True
val_minutes,20260906_2216,1788747360.0,28,13265224,1,True,json,collecting,thoth-minute-manifest/v4,t_empty,t,empty,,ok,58.0,58,22,1,0,22,220,8112720,0,False,,,,,,1,4544,2446506,1,True,True,True,True
val_minutes,20260906_2217,1788747420.0,5,18165382,0,True,json,success,thoth-minute-manifest/v6,t_empty,t,empty,,ok,118.09100008010864,31,31,1,0,0,0,0,0,True,True,310,5237,0,58,0,0,0,0,True,True,True,True
val_minutes,20260906_2218,1788747480.0,5,12847793,0,True,json,success,thoth-minute-manifest/v6,t_empty,t,empty,,ok,59.15599989891052,20,20,2,0,0,0,0,0,True,True,200,4831,0,58,0,0,0,0,True,True,True,True
val_minutes,20260906_2219,1788747540.0,5,23605010,0,True,json_partial,partial,thoth-minute-manifest/v6,t_empty|absent|empty,t,empty,,ok,171.84800004959106,49,49,1,1,0,0,0,0,True,True,490,6571,0,58,0,0,0,0,True,True,True,True
val_minutes,20260906_2220,1788747600.0,5,22235544,0,True,json,collecting,thoth-minute-manifest/v4,t_empty,t,empty,,ok,151.23499989509583,46,46,1,1,0,0,0,0,True,True,460,6786,0,58,0,0,0,0,True,True,True,True
val_minutes,20260906_2221,1788747660.0,5,13792647,0,True,json,success,thoth-minute-manifest/v6,t_empty,t,empty,,ok,112.71600008010864,22,22,1,0,0,0,0,0,True,True,220,5039,0,58,0,0,0,0,True,True,True,True
val_minutes,20260906_2222,1788747720.0,5,21677848,0,True,json,success,thoth-minute-manifest/v6,t_empty,t,empty,,ok,147.69799995422363,39,39,1,0,0,0,0,0,True,True,390,4648,0,58,0,0,0,0,True,True,True,True
val_minutes,20260906_2223,1788747780.0,5,22295233,0,True,json_partial,partial,thoth-minute-manifest/v6,t_empty|absent|empty,t,empty,,ok,161.6489999294281,46,46,1,1,0,0,0,0,True,True,460,6775,0,58,0,0,0,0,True,True,True,True
val_minutes,20260906_2224,1788747840.0,33,17043146,0,True,json,collecting,thoth-minute-manifest/v4,t_empty,t,empty,,ok,58.0,58,28,1,1,28,280,10325280,0,False,,,,,,1,4709,2535449,1,True,True,True,True
val_minutes,20260906_2225,1788747900.0,5,23860730,0,True,json,success,thoth-minute-manifest/v6,t_empty,t,empty,,ok,147.66400003433228,43,43,1,0,0,0,0,0,True,True,430,5205,0,58,0,0,0,0,True,True,True,True
val_minutes,20260906_2226,1788747960.0,5,24113246,0,True,json_partial,partial,thoth-minute-manifest/v6,t_empty|absent|empty,t,empty,,ok,186.93799996376038,50,50,2,1,0,0,0,0,True,True,500,6029,0,58,0,0,0,0,True,True,True,True
val_minutes,20260906_2227,1788748020.0,5,16429912,0,True,json,collecting,thoth-minute-manifest/v6,t_empty,t,empty,,ok,165.5420000553131,37,37,1,1,0,0,0,0,True,True,370,3853,0,58,0,0,0,0,True,True,True,True
val_minutes,20260906_2228,1788748080.0,5,10908126,0,True,json,partial,thoth-minute-manifest/v6,t_empty,t,empty,,ok,169.4599997997284,21,21,1,1,0,0,0,0,True,True,210,4825,0,58,0,0,0,0,True,True,True,True
val_minutes,20260906_2229,1788748140.0,42,20000177,1,True,json,collecting,thoth-minute-manifest/v4,t_empty,t,empty,,ok,58.0,58,36,1,0,36,360,13275360,0,False,,,,,,1,4512,2421630,1,True,True,True,True
val_minutes,20260906_2230,1788748200.0,5,21120556,0,True,json,success,thoth-minute-manifest/v6,t_empty,t,empty,,ok,141.3949999809265,37,37,1,0,0,0,0,0,True,True,370,5451,0,58,0,0,0,0,True,True,True,True
val_minutes,20260906_2231,1788748260.0,5,24723042,0,True,json_partial,partial,thoth-minute-manifest/v6,t_empty|absent|empty,t,empty,,ok,187.51200008392334,53,53,1,1,0,0,0,0,True,True,530,5921,0,58,0,0,0,0,True,True,True,True
val_minutes,20260906_2232,1788748320.0,36,17235921,1,True,json,collecting,thoth-minute-manifest/v4,t_empty,t,empty,,ok,58.0,58,30,1,0,30,300,11062800,0,False,,,,,,1,5050,2709822,1,True,True,True,True
val_minutes,20260906_2233,1788748380.0,5,19678928,0,True,json,success,thoth-minute-manifest/v6,t_empty,t,empty,,ok,134.71199989318848,33,33,1,0,0,0,0,0,True,True,330,6145,0,58,0,0,0,0,True,True,True,True
val_minutes,20260906_2234,1788748440.0,5,23644206,0,True,json,success,thoth-minute-manifest/v6,t_empty,t,empty,,ok,158.385999917984,42,42,1,0,0,0,0,0,True,True,420,5524,0,58,0,0,0,0,True,True,True,True
val_minutes,20260906_2235,1788748500.0,5,21573909,0,True,json,partial,thoth-minute-manifest/v6,t_empty,t,empty,,ok,193.14000010490417,48,48,1,1,0,0,0,0,True,True,480,5764,0,58,0,0,0,0,True,True,True,True
val_minutes,20260906_2236,1788748560.0,5,19703341,0,True,json,partial,thoth-minute-manifest/v6,t_empty,t,empty,,ok,165.2850000858307,34,34,1,1,0,0,0,0,True,True,340,5242,0,58,0,0,0,0,True,True,True,True
val_minutes,20260906_2237,1788748620.0,5,14380528,0,True,json,success,thoth-minute-manifest/v6,t_empty,t,empty,,ok,132.29299998283386,23,23,1,0,0,0,0,0,True,True,230,5057,0,58,0,0,0,0,True,True,True,True
val_minutes,20260906_2238,1788748680.0,5,12049752,0,True,json,success,thoth-minute-manifest/v6,t_empty,t,empty,,ok,86.62800002098083,17,17,1,0,0,0,0,0,True,True,170,6079,0,58,0,0,0,0,True,True,True,True
val_minutes,20260906_2239,1788748740.0,5,14388821,0,True,json,success,thoth-minute-manifest/v6,t_empty,t,empty,,ok,159.25699996948242,23,23,1,0,0,0,0,0,True,True,230,5069,0,58,0,0,0,0,True,True,True,True
val_minutes,20260906_2240,1788748800.0,5,23479054,0,True,json,success,thoth-minute-manifest/v6,t_empty,t,empty,,ok,143.84899997711182,41,41,1,0,0,0,0,0,True,True,410,6145,0,58,0,0,0,0,True,True,True,True
val_minutes,20260906_2241,1788748860.0,5,25130913,0,True,json,partial,thoth-minute-manifest/v6,t_empty,t,empty,,ok,205.02099990844727,57,57,2,1,0,0,0,0,True,True,570,5834,0,58,0,0,0,0,True,True,True,True
val_minutes,20260906_2242,1788748920.0,59,27305057,0,True,json,collecting,thoth-minute-manifest/v4,t_empty,t,empty,,ok,58.0,58,54,1,1,54,540,19913040,0,False,,,,,,1,6139,3287264,1,True,True,True,True
val_minutes,20260906_2243,1788748980.0,5,17371852,0,True,json_partial,partial,thoth-minute-manifest/v6,t_empty|absent|empty,t,empty,,ok,169.77800011634827,35,35,1,1,0,0,0,0,True,True,350,5807,0,58,0,0,0,0,True,True,True,True
val_minutes,20260906_2244,1788749040.0,5,12085594,0,True,json,success,thoth-minute-manifest/v6,t_empty,t,empty,,ok,127.33800005912781,20,20,1,0,0,0,0,0,True,True,200,3562,0,58,0,0,0,0,True,True,True,True
val_minutes,20260906_2245,1788749100.0,5,21817849,0,True,json,success,thoth-minute-manifest/v6,t_empty,t,empty,,ok,168.94600009918213,38,38,2,0,0,0,0,0,True,True,380,5704,0,58,0,0,0,0,True,True,True,True
val_minutes,20260906_2246,1788749160.0,5,23254308,0,True,json,collecting,thoth-minute-manifest/v4,t_empty,t,empty,,ok,191.75500011444092,49,49,1,1,0,0,0,0,True,True,490,5593,0,58,0,0,0,0,True,True,True,True
val_minutes,20260906_2247,1788749220.0,5,18874943,0,True,json,partial,thoth-minute-manifest/v6,t_empty,t,empty,,ok,189.260999917984,42,42,1,1,0,0,0,0,True,True,420,4958,0,58,0,0,0,0,True,True,True,True
val_minutes,20260906_2248,1788749280.0,5,12706869,0,True,json,success,thoth-minute-manifest/v6,t_empty,t,empty,,ok,173.4409999847412,21,21,1,0,0,0,0,0,True,True,210,3833,0,58,0,0,0,0,True,True,True,True
val_minutes,20260906_2249,1788749340.0,6,21904058,1,True,json,collecting,thoth-minute-manifest/v6,t_empty,t,empty,,ok,178.20099997520447,50,50,1,1,0,0,0,0,True,True,500,4787,0,58,0,0,0,0,True,True,True,True
val_minutes,20260906_2250,1788749400.0,5,11595123,0,True,json,success,thoth-minute-manifest/v6,t_empty,t,empty,,ok,110.24699997901917,17,17,1,0,0,0,0,0,True,True,170,5213,0,58,0,0,0,0,True,True,True,True
val_minutes,20260906_2251,1788749460.0,5,20232129,0,True,json,collecting,thoth-minute-manifest/v6,t_empty,t,empty,,ok,199.90899991989136,44,44,1,1,0,0,0,0,True,True,440,6169,0,58,0,0,0,0,True,True,True,True
val_minutes,20260906_2252,1788749520.0,5,12931351,0,True,json,success,thoth-minute-manifest/v6,t_empty,t,empty,,ok,168.99300003051758,21,21,1,0,0,0,0,0,True,True,210,4273,0,58,0,0,0,0,True,True,True,True
val_minutes,20260906_2253,1788749580.0,5,15069595,0,True,json,partial,thoth-minute-manifest/v6,t_empty,t,empty,,ok,166.0279998779297,32,32,1,1,0,0,0,0,True,True,320,5531,0,58,0,0,0,0,True,True,True,True
val_minutes,20260906_2254,1788749640.0,53,22094815,1,True,json,collecting,thoth-minute-manifest/v4,t_empty,t,empty,,ok,58.0,58,47,1,1,47,470,17331720,0,False,,,,,,1,6171,3305306,1,True,True,True,True
val_minutes,20260906_2255,1788749700.0,5,22714611,0,True,json,collecting,thoth-minute-manifest/v4,t_empty,t,empty,,ok,184.69799995422363,50,50,1,1,0,0,0,0,True,True,500,5611,0,58,0,0,0,0,True,True,True,True
val_minutes,20260906_2256,1788749760.0,5,14769764,0,True,json,partial,thoth-minute-manifest/v6,t_empty,t,empty,,ok,166.4909999370575,24,24,1,1,0,0,0,0,True,True,240,4901,0,58,0,0,0,0,True,True,True,True
val_minutes,20260906_2257,1788749820.0,5,18012459,0,True,json,success,thoth-minute-manifest/v6,t_empty,t,empty,,ok,177.65100002288818,29,29,1,0,0,0,0,0,True,True,290,6649,0,58,0,0,0,0,True,True,True,True
val_minutes,20260906_2258,1788749880.0,5,21052260,0,True,json,partial,thoth-minute-manifest/v6,t_empty,t,empty,,ok,210.44400000572205,48,48,1,1,0,0,0,0,True,True,480,4863,0,58,0,0,0,0,True,True,True,True
val_minutes,20260906_2259,1788749940.0,6,16907305,1,True,json,collecting,thoth-minute-manifest/v6,t_empty,t,empty,,ok,176.55200004577637,35,35,1,1,0,0,0,0,True,True,350,5923,0,58,0,0,0,0,True,True,True,True
val_minutes,20260906_2300,1788750000.0,5,11294994,0,True,json,success,thoth-minute-manifest/v6,t_empty,t,empty,,ok,147.74499988555908,18,18,1,0,0,0,0,0,True,True,180,3640,0,58,0,0,0,0,True,True,True,True
val_minutes,20260906_2301,1788750060.0,5,14788232,0,True,json,partial,thoth-minute-manifest/v6,t_empty,t,empty,,ok,165.14400005340576,30,30,2,1,0,0,0,0,True,True,300,5650,0,58,0,0,0,0,True,True,True,True
val_minutes,20260906_2302,1788750120.0,5,13019196,0,True,json,success,thoth-minute-manifest/v6,t_empty,t,empty,,ok,145.24699997901917,21,21,1,0,0,0,0,0,True,True,210,4230,0,58,0,0,0,0,True,True,True,True
val_minutes,20260906_2303,1788750180.0,5,28099750,0,True,json,partial,thoth-minute-manifest/v6,t_empty,t,empty,,ok,170.38299989700317,51,51,1,1,0,0,0,0,True,True,510,5879,0,58,0,0,0,0,True,True,True,True
val_minutes,20260906_2304,1788750240.0,5,14585936,0,True,json,success,thoth-minute-manifest/v6,t_empty,t,empty,,ok,110.20300006866455,24,24,1,0,0,0,0,0,True,True,240,4513,0,58,0,0,0,0,True,True,True,True
val_minutes,20260906_2305,1788750300.0,5,12130978,0,True,json,success,thoth-minute-manifest/v6,t_empty,t,empty,,ok,84.63100004196167,17,17,2,0,0,0,0,0,True,True,170,6243,0,58,0,0,0,0,True,True,True,True
val_minutes,20260906_2306,1788750360.0,5,24095932,0,True,json,partial,thoth-minute-manifest/v6,t_empty,t,empty,,ok,191.77900004386902,54,54,1,1,0,0,0,0,True,True,540,6113,0,58,0,0,0,0,True,True,True,True
val_minutes,20260906_2307,1788750420.0,6,23551330,1,True,json_partial,partial,thoth-minute-manifest/v6,t_empty|absent|empty,t,empty,,ok,173.6819999217987,48,48,1,1,0,0,0,0,True,True,480,6754,0,58,0,0,0,0,True,True,True,True
val_minutes,20260906_2308,1788750480.0,5,21529953,0,True,json,success,thoth-minute-manifest/v6,t_empty,t,empty,,ok,167.26500010490417,37,37,1,0,0,0,0,0,True,True,370,6257,0,58,0,0,0,0,True,True,True,True
val_minutes,20260906_2309,1788750540.0,5,11862332,0,True,json,success,thoth-minute-manifest/v6,t_empty,t,empty,,ok,89.07500004768372,18,18,2,0,0,0,0,0,True,True,180,4766,0,58,0,0,0,0,True,True,True,True
val_minutes,20260906_2310,1788750600.0,5,14286827,0,True,json,success,thoth-minute-manifest/v6,t_empty,t,empty,,ok,183.2300000190735,24,24,1,0,0,0,0,0,True,True,240,3916,0,58,0,0,0,0,True,True,True,True
val_minutes,20260906_2311,1788750660.0,5,18386599,0,True,json,partial,thoth-minute-manifest/v6,t_empty,t,empty,,ok,167.74399995803833,31,31,1,1,0,0,0,0,True,True,310,5459,0,58,0,0,0,0,True,True,True,True
val_minutes,20260906_2312,1788750720.0,42,37853604,1,True,json,collecting,thoth-minute-manifest/v4,t_empty,t,empty,,ok,58.0,58,36,1,0,36,360,13275360,0,False,,,,,,1,6185,3324944,1,True,True,True,True
val_minutes,20260906_2313,1788750780.0,58,22512405,0,True,json,collecting,thoth-minute-manifest/v4,t_empty,t,empty,,ok,58.0,58,53,1,0,53,530,19544280,0,False,,,,,,1,4926,2649209,1,True,True,True,True
val_minutes,20260906_2314,1788750840.0,22,7479608,0,True,json,collecting,thoth-minute-manifest/v4,t_empty,t,empty,,ok,58.0,58,16,1,0,17,170,6268920,0,False,,,,,,1,1973,1058873,1,True,True,True,True
val_minutes,20260906_2317,1788751020.0,5,28277106,0,True,json,success,thoth-minute-manifest/v6,t_present,t,present,,ok,89.31100010871887,49,49,1,0,0,0,0,0,True,True,490,6764,0,58,0,0,0,0,True,True,True,True
val_minutes,20260906_2318,1788751080.0,5,30493179,0,True,json,success,thoth-minute-manifest/v6,t_present,t,present,,ok,155.89400005340576,56,56,1,0,0,0,0,0,True,True,560,5912,0,58,0,0,0,0,True,True,True,True
val_minutes,20260906_2319,1788751140.0,50,23907507,1,True,json,collecting,thoth-minute-manifest/v4,t_present,t,present,,ok,58.0,58,44,1,0,44,440,16225440,0,False,,,,,,1,6201,3334533,1,True,True,True,True
val_minutes,20260906_2320,1788751200.0,47,22826576,1,True,json,collecting,thoth-minute-manifest/v4,t_present,t,present,,ok,58.0,58,41,1,1,41,410,15119160,0,False,,,,,,1,5446,2935265,1,True,True,True,True
val_minutes,20260906_2321,1788751260.0,5,15266409,0,True,json,success,thoth-minute-manifest/v6,t_present,t,present,,ok,94.81200003623962,25,25,1,0,0,0,0,0,True,True,250,4912,0,58,0,0,0,0,True,True,True,True
val_minutes,20260906_2322,1788751320.0,5,26197504,0,True,json,collecting,thoth-minute-manifest/v4,t_present,t,present,,ok,167.67300009727478,55,55,1,1,0,0,0,0,True,True,550,5860,0,58,0,0,0,0,True,True,True,True
val_minutes,20260906_2323,1788751380.0,45,19941462,0,True,json,collecting,thoth-minute-manifest/v4,t_present,t,present,,ok,58.0,58,40,1,1,40,400,14750400,0,False,,,,,,1,6788,3656528,1,True,True,True,True
val_minutes,20260906_2324,1788751440.0,5,19053242,0,True,json,partial,thoth-minute-manifest/v6,t_present,t,present,,ok,157.07999992370605,43,43,2,1,0,0,0,0,True,True,430,4545,0,58,0,0,0,0,True,True,True,True
val_minutes,20260906_2325,1788751500.0,6,20470773,1,True,json_partial,partial,thoth-minute-manifest/v6,t_present|right|absent|empty,t,present,right,ok,156.80399990081787,42,42,1,1,0,0,0,0,True,True,420,5984,0,58,0,0,0,0,True,True,True,True
val_minutes,20260906_2326,1788751560.0,5,23620673,0,True,json_partial,partial,thoth-minute-manifest/v6,t_present|right|absent|empty,t,present,right,ok,175.82699990272522,51,51,1,1,0,0,0,0,True,True,510,6167,0,58,0,0,0,0,True,True,True,True
val_minutes,20260906_2327,1788751620.0,5,19417006,0,True,json_partial,partial,thoth-minute-manifest/v6,t_present|right|absent|empty,t,present,right,ok,164.74799990653992,42,42,1,1,0,0,0,0,True,True,420,5296,0,58,0,0,0,0,True,True,True,True
val_minutes,20260906_2328,1788751680.0,5,13527591,0,True,json,partial,thoth-minute-manifest/v6,t_present,t,present,,ok,179.45199990272522,27,27,1,1,0,0,0,0,True,True,270,5498,0,58,0,0,0,0,True,True,True,True
val_minutes,20260906_2329,1788751740.0,5,3707368,0,True,json,success,thoth-minute-manifest/v6,t_present,t,present,,ok,65.41000008583069,2,2,2,0,0,0,0,0,True,True,20,3653,0,58,0,0,0,0,True,True,True,True
val_minutes,20260906_2330,1788751800.0,5,18409853,0,True,json,success,thoth-minute-manifest/v6,t_present,t,present,,ok,80.5680000782013,31,31,1,0,0,0,0,0,True,True,310,5491,0,58,0,0,0,0,True,True,True,True
val_minutes,20260906_2331,1788751860.0,5,6872446,0,True,json,success,thoth-minute-manifest/v6,t_present,t,present,,ok,59.99900007247925,6,6,2,0,0,0,0,0,True,True,60,6175,0,58,0,0,0,0,True,True,True,True
val_minutes,20260906_2332,1788751920.0,5,36812137,0,True,json,success,thoth-minute-manifest/v6,t_present,t,present,,ok,94.31900000572205,57,57,2,0,0,0,0,0,True,True,570,6651,0,58,0,0,0,0,True,True,True,True
val_minutes,20260906_2333,1788751980.0,5,22521320,0,True,json_partial,partial,thoth-minute-manifest/v6,t_present|right|present|occupied,t,present,right,ok,161.96600008010864,49,49,1,1,0,0,0,0,True,True,490,6108,0,58,0,0,0,0,True,True,True,True
val_minutes,20260906_2334,1788752040.0,45,18969564,1,True,json,collecting,thoth-minute-manifest/v4,t_present,t,present,,ok,58.0,58,39,1,1,39,390,14381640,0,False,,,,,,1,5595,3000788,1,True,True,True,True
val_minutes,20260906_2335,1788752100.0,5,13393977,0,True,json,success,thoth-minute-manifest/v6,t_present,t,present,,ok,112.0789999961853,19,19,1,0,0,0,0,0,True,True,190,4252,0,58,0,0,0,0,True,True,True,True
val_minutes,20260906_2336,1788752160.0,5,28841653,0,True,json,success,thoth-minute-manifest/v6,t_present,t,present,,ok,135.04500007629395,45,45,2,0,0,0,0,0,True,True,450,5642,0,58,0,0,0,0,True,True,True,True
val_minutes,20260906_2337,1788752220.0,5,21934300,0,True,json,partial,thoth-minute-manifest/v6,t_present,t,present,,ok,214.29900002479553,48,48,1,1,0,0,0,0,True,True,480,6214,0,58,0,0,0,0,True,True,True,True
val_minutes,20260906_2338,1788752280.0,5,14621305,0,True,json,partial,thoth-minute-manifest/v6,t_present,t,present,,ok,162.92499995231628,32,32,1,1,0,0,0,0,True,True,320,4830,0,58,0,0,0,0,True,True,True,True
val_minutes,20260906_2339,1788752340.0,5,15875703,0,True,json,success,thoth-minute-manifest/v6,t_present,t,present,,ok,163.64699983596802,25,25,1,0,0,0,0,0,True,True,250,5251,0,58,0,0,0,0,True,True,True,True
val_minutes,20260906_2340,1788752400.0,5,10740278,0,True,json,success,thoth-minute-manifest/v6,t_present,t,present,,ok,89.09999990463257,16,16,2,0,0,0,0,0,True,True,160,4440,0,58,0,0,0,0,True,True,True,True
val_minutes,20260906_2341,1788752460.0,28,26247631,1,True,json,collecting,thoth-minute-manifest/v4,t_present,t,present,,ok,58.0,58,22,2,0,22,220,8112720,0,False,,,,,,1,4393,2345784,1,True,True,True,True
val_minutes,20260906_2342,1788752520.0,49,19369332,0,True,json,collecting,thoth-minute-manifest/v4,t_present,t,present,,ok,58.0,58,44,1,0,44,440,16225440,0,False,,,,,,1,5117,2735893,1,True,True,True,True
val_minutes,20260906_2343,1788752580.0,11,3162292,0,True,json,collecting,thoth-minute-manifest/v4,t_present,t,present,,ok,58.0,58,6,1,0,6,60,2212560,0,False,,,,,,1,1424,758025,1,True,True,True,True
val_minutes,20260907_2247,1788835620.0,5,30906995,0,True,json,success,thoth-minute-manifest/v6,t_present,t,present,,ok,69.06200003623962,57,57,2,0,0,0,0,0,True,True,570,5913,0,58,0,0,0,0,True,True,True,True
val_minutes,20260907_2248,1788835680.0,5,25181198,0,True,json_partial,partial,thoth-minute-manifest/v6,t_present|right|absent|empty,t,present,right,ok,153.30100011825562,56,56,1,1,0,0,0,0,True,True,560,4988,0,58,0,0,0,0,True,True,True,True
val_minutes,20260907_2249,1788835740.0,5,15661039,0,True,json,partial,thoth-minute-manifest/v6,t_present,t,present,,ok,173.56699991226196,34,34,1,1,0,0,0,0,True,True,340,4619,0,58,0,0,0,0,True,True,True,True
val_minutes,20260907_2250,1788835800.0,5,22876976,0,True,json_partial,partial,thoth-minute-manifest/v6,t_present|right|absent|empty,t,present,right,ok,163.38700008392334,52,52,1,1,0,0,0,0,True,True,520,4236,0,58,0,0,0,0,True,True,True,True
val_minutes,20260907_2251,1788835860.0,5,12716767,0,True,json,partial,thoth-minute-manifest/v6,t_present,t,present,,ok,174.3970000743866,26,26,1,1,0,0,0,0,True,True,260,4758,0,58,0,0,0,0,True,True,True,True
val_minutes,20260907_2252,1788835920.0,44,17248784,1,True,json,collecting,thoth-minute-manifest/v4,t_present,t,present,,ok,58.0,58,38,1,1,38,380,14012880,0,False,,,,,,1,4176,2137935,1,True,True,True,True
val_minutes,20260907_2253,1788835980.0,5,20657189,0,True,json,success,thoth-minute-manifest/v6,t_present,t,present,,ok,127.10400009155273,37,37,1,0,0,0,0,0,True,True,370,4705,0,58,0,0,0,0,True,True,True,True
val_minutes,20260907_2254,1788836040.0,5,23707785,0,True,json_partial,partial,thoth-minute-manifest/v6,t_present|right|absent|empty,t,present,right,ok,149.739000082016,51,51,2,1,0,0,0,0,True,True,510,4447,0,58,0,0,0,0,True,True,True,True
val_minutes,20260907_2255,1788836100.0,5,16535717,0,True,json,success,thoth-minute-manifest/v6,t_present,t,present,,ok,94.48099994659424,28,28,1,0,0,0,0,0,True,True,280,4903,0,58,0,0,0,0,True,True,True,True
val_minutes,20260907_2256,1788836160.0,46,21615329,0,True,json,collecting,thoth-minute-manifest/v4,t_present,t,present,,ok,58.0,58,41,1,1,41,410,15119160,0,False,,,,,,1,3455,1769775,1,True,True,True,True
val_minutes,20260907_2257,1788836220.0,5,17079113,0,True,json,success,thoth-minute-manifest/v6,t_present,t,present,,ok,108.55599999427795,31,31,1,0,0,0,0,0,True,True,310,3207,0,58,0,0,0,0,True,True,True,True
val_minutes,20260907_2258,1788836280.0,5,19543257,0,True,json,success,thoth-minute-manifest/v6,t_present,t,present,,ok,77.1470000743866,34,34,1,0,0,0,0,0,True,True,340,5197,0,58,0,0,0,0,True,True,True,True
val_minutes,20260907_2259,1788836340.0,5,26062932,0,True,json,success,thoth-minute-manifest/v6,t_present,t,present,,ok,145.92000007629395,48,48,1,0,0,0,0,0,True,True,480,4926,0,58,0,0,0,0,True,True,True,True
val_minutes,20260907_2300,1788836400.0,5,23181962,0,True,json,success,thoth-minute-manifest/v6,t_present,t,present,,ok,114.48000001907349,43,43,1,0,0,0,0,0,True,True,430,3847,0,58,0,0,0,0,True,True,True,True
val_minutes,20260907_2301,1788836460.0,5,4148435,0,True,json,success,thoth-minute-manifest/v6,t_present,t,present,,ok,58.7720000743866,2,2,2,0,0,0,0,0,True,True,20,4780,0,58,0,0,0,0,True,True,True,True
val_minutes,20260907_2302,1788836520.0,5,25066352,0,True,json,success,thoth-minute-manifest/v6,t_present,t,present,,ok,127.44400000572205,45,45,1,0,0,0,0,0,True,True,450,5763,0,58,0,0,0,0,True,True,True,True
val_minutes,20260907_2303,1788836580.0,5,16978397,0,True,json,success,thoth-minute-manifest/v6,t_present,t,present,,ok,134.38199996948242,30,30,1,0,0,0,0,0,True,True,300,3758,0,58,0,0,0,0,True,True,True,True
val_minutes,20260907_2304,1788836640.0,5,24277377,0,True,json,success,thoth-minute-manifest/v6,t_present,t,present,,ok,138.23499989509583,45,45,1,0,0,0,0,0,True,True,450,4122,0,58,0,0,0,0,True,True,True,True
val_minutes,20260907_2305,1788836700.0,5,20509302,0,True,json,partial,thoth-minute-manifest/v6,t_present,t,present,,ok,186.54900002479553,46,46,1,1,0,0,0,0,True,True,460,5050,0,58,0,0,0,0,True,True,True,True
val_minutes,20260907_2306,1788836760.0,56,25208568,1,True,json,collecting,thoth-minute-manifest/v4,t_present,t,present,,ok,58.0,58,50,1,1,50,500,18438000,0,False,,,,,,1,4814,2498391,1,True,True,True,True
val_minutes,20260907_2307,1788836820.0,5,15152615,0,True,json,success,thoth-minute-manifest/v6,t_present,t,present,,ok,99.23499989509583,26,26,1,0,0,0,0,0,True,True,260,3878,0,58,0,0,0,0,True,True,True,True
val_minutes,20260907_2308,1788836880.0,51,19566514,0,True,json,collecting,thoth-minute-manifest/v4,t_present,t,present,,ok,58.0,58,46,1,0,46,460,16962960,0,False,,,,,,1,4455,2293789,1,True,True,True,True
val_minutes,20260907_2309,1788836940.0,51,19246191,1,True,json,collecting,thoth-minute-manifest/v4,t_present,t,present,,ok,58.0,58,44,1,0,45,450,16594200,0,False,,,,,,1,4631,2393842,1,True,True,True,True
val_minutes,20260908_0029,1788841740.0,5,31372308,0,True,json,success,thoth-minute-manifest/v6,t_present,t,present,,ok,125.0460000038147,53,53,1,0,0,0,0,0,True,True,530,5434,0,58,0,0,0,0,True,True,True,True
val_minutes,20260908_0030,1788841800.0,5,22588737,0,True,json,success,thoth-minute-manifest/v6,t_present,t,present,,ok,147.17799997329712,40,40,1,0,0,0,0,0,True,True,400,4230,0,58,0,0,0,0,True,True,True,True
val_minutes,20260908_0031,1788841860.0,6,20272073,1,True,json,collecting,thoth-minute-manifest/v4,t_present,t,present,,ok,173.5130000114441,43,43,2,1,0,0,0,0,True,True,430,4264,0,58,0,0,0,0,True,True,True,True
val_minutes,20260908_0032,1788841920.0,5,15298777,0,True,json,collecting,thoth-minute-manifest/v4,t_present,t,present,,ok,160.93099999427795,32,32,1,1,0,0,0,0,True,True,320,3120,0,58,0,0,0,0,True,True,True,True
val_minutes,20260908_0033,1788841980.0,5,19715794,0,True,json_partial,partial,thoth-minute-manifest/v6,t_present|left|present|occupied,t,present,left,ok,165.76500010490417,44,44,2,1,0,0,0,0,True,True,440,3864,0,58,0,0,0,0,True,True,True,True
val_minutes,20260908_0034,1788842040.0,5,11738079,0,True,json,collecting,thoth-minute-manifest/v4,t_present,t,present,,ok,187.90199995040894,23,23,1,1,0,0,0,0,True,True,230,3772,0,58,0,0,0,0,True,True,True,True
val_minutes,20260908_0035,1788842100.0,5,17212292,0,True,json,partial,thoth-minute-manifest/v6,t_present,t,present,,ok,171.12000012397766,39,39,1,1,0,0,0,0,True,True,390,4029,0,58,0,0,0,0,True,True,True,True
val_minutes,20260908_0036,1788842160.0,5,14980154,0,True,json,success,thoth-minute-manifest/v6,t_present,t,present,,ok,143.81399989128113,26,26,1,0,0,0,0,0,True,True,260,3152,0,58,0,0,0,0,True,True,True,True
val_minutes,20260908_0037,1788842220.0,41,15300874,0,True,json,collecting,thoth-minute-manifest/v6,t_present,t,present,,ok,172.91100001335144,36,36,2,2,36,360,13275360,0,False,,,,,,1,3380,1807034,1,True,True,True,True
val_minutes,20260908_0038,1788842280.0,5,18258992,0,True,json,partial,thoth-minute-manifest/v6,t_present,t,present,,ok,158.26600003242493,41,41,1,1,0,0,0,0,True,True,410,4223,0,58,0,0,0,0,True,True,True,True
val_minutes,20260908_0039,1788842340.0,5,15546436,0,True,json,success,thoth-minute-manifest/v6,t_present,t,present,,ok,97.67600011825562,26,26,1,0,0,0,0,0,True,True,260,4785,0,58,0,0,0,0,True,True,True,True
val_minutes,20260908_0040,1788842400.0,5,19629161,0,True,json,collecting,thoth-minute-manifest/v4,t_present,t,present,,ok,150.80999994277954,43,43,1,1,0,0,0,0,True,True,430,3446,0,58,0,0,0,0,True,True,True,True
val_minutes,20260908_0041,1788842460.0,5,12350550,0,True,json,success,thoth-minute-manifest/v6,t_present,t,present,,ok,104.57399988174438,20,20,1,0,0,0,0,0,True,True,200,4065,0,58,0,0,0,0,True,True,True,True
val_minutes,20260908_0042,1788842520.0,5,15828777,0,True,json,success,thoth-minute-manifest/v6,t_present,t,present,,ok,102.29399991035461,27,27,2,0,0,0,0,0,True,True,270,4038,0,58,0,0,0,0,True,True,True,True
val_minutes,20260908_0043,1788842580.0,5,28548221,0,True,json,success,thoth-minute-manifest/v6,t_present,t,present,,ok,162.01699995994568,53,53,2,0,0,0,0,0,True,True,530,4878,0,58,0,0,0,0,True,True,True,True
val_minutes,20260908_0044,1788842640.0,57,28015797,1,True,json,collecting,thoth-minute-manifest/v4,t_present,t,present,,ok,58.0,58,51,1,1,51,510,18806760,0,False,,,,,,1,5128,2737143,1,True,True,True,True
val_minutes,20260908_0045,1788842700.0,5,13735443,0,True,json,success,thoth-minute-manifest/v6,t_present,t,present,,ok,89.11500000953674,24,24,1,0,0,0,0,0,True,True,240,2844,0,58,0,0,0,0,True,True,True,True
val_minutes,20260908_0046,1788842760.0,5,10221783,0,True,json,success,thoth-minute-manifest/v6,t_present,t,present,,ok,58.918999910354614,15,15,2,0,0,0,0,0,True,True,150,4276,0,58,0,0,0,0,True,True,True,True
val_minutes,20260908_0047,1788842820.0,5,24470533,0,True,json,success,thoth-minute-manifest/v6,t_present,t,present,,ok,143.3329999446869,44,44,1,0,0,0,0,0,True,True,440,5271,0,58,0,0,0,0,True,True,True,True
val_minutes,20260908_0048,1788842880.0,51,26688762,0,True,json,collecting,thoth-minute-manifest/v4,t_present,t,present,,ok,58.0,58,46,1,1,46,460,16962960,0,False,,,,,,1,5341,2859609,1,True,True,True,True
val_minutes,20260908_0049,1788842940.0,5,21718133,0,True,json,success,thoth-minute-manifest/v6,t_present,t,present,,ok,148.2079999446869,40,40,1,0,0,0,0,0,True,True,400,3449,0,58,0,0,0,0,True,True,True,True
val_minutes,20260908_0050,1788843000.0,5,20784763,0,True,json,collecting,thoth-minute-manifest/v4,t_present,t,present,,ok,175.16599988937378,44,44,1,1,0,0,0,0,True,True,440,4720,0,58,0,0,0,0,True,True,True,True
val_minutes,20260908_0051,1788843060.0,5,19545769,0,True,json,partial,thoth-minute-manifest/v6,t_present,t,present,,ok,150.58400011062622,45,45,1,1,0,0,0,0,True,True,450,4090,0,58,0,0,0,0,True,True,True,True
val_minutes,20260908_0052,1788843120.0,5,18057771,0,True,json,partial,thoth-minute-manifest/v6,t_present,t,present,,ok,182.7079999446869,39,39,1,1,0,0,0,0,True,True,390,5189,0,58,0,0,0,0,True,True,True,True
val_minutes,20260908_0053,1788843180.0,5,9598076,0,True,json,success,thoth-minute-manifest/v6,t_present,t,present,,ok,115.20900011062622,13,13,2,0,0,0,0,0,True,True,130,3278,0,58,0,0,0,0,True,True,True,True
val_minutes,20260908_0054,1788843240.0,5,13363239,0,True,json,success,thoth-minute-manifest/v6,t_present,t,present,,ok,125.54399991035461,23,23,1,0,0,0,0,0,True,True,230,3211,0,58,0,0,0,0,True,True,True,True
val_minutes,20260908_0055,1788843300.0,5,22743032,0,True,json_partial,partial,thoth-minute-manifest/v6,t_present|left|absent|empty,t,present,left,ok,151.3989999294281,48,48,1,1,0,0,0,0,True,True,480,4914,0,58,0,0,0,0,True,True,True,True
val_minutes,20260908_0056,1788843360.0,5,15270258,0,True,json,collecting,thoth-minute-manifest/v4,t_present,t,present,,ok,175.54099988937378,29,29,1,1,0,0,0,0,True,True,290,4219,0,58,0,0,0,0,True,True,True,True
val_minutes,20260908_0058,1788843480.0,5,16480073,0,True,json,success,thoth-minute-manifest/v6,t_present,t,present,,ok,165.79900002479553,29,29,1,0,0,0,0,0,True,True,290,3556,0,58,0,0,0,0,True,True,True,True
val_minutes,20260908_0059,1788843540.0,5,9938723,0,True,json,success,thoth-minute-manifest/v6,t_present,t,present,,ok,76.97499990463257,13,13,2,0,0,0,0,0,True,True,130,4842,0,58,0,0,0,0,True,True,True,True
val_minutes,20260908_0100,1788843600.0,5,23459800,0,True,json,success,thoth-minute-manifest/v6,t_present,t,present,,ok,76.51300001144409,42,42,2,0,0,0,0,0,True,True,420,3962,0,58,0,0,0,0,True,True,True,True
val_minutes,20260908_0101,1788843660.0,5,19746177,0,True,json,collecting,thoth-minute-manifest/v4,t_present,t,present,,ok,164.1579999923706,39,39,1,1,0,0,0,0,True,True,390,4922,0,58,0,0,0,0,True,True,True,True
val_minutes,20260908_0102,1788843720.0,45,17585445,0,True,json,collecting,thoth-minute-manifest/v4,t_present,t,present,,ok,58.0,58,40,1,0,40,400,14750400,0,False,,,,,,1,4779,2517549,1,True,True,True,True
val_minutes,20260908_0103,1788843780.0,47,17541155,0,True,json,collecting,thoth-minute-manifest/v4,t_present,t,present,,ok,58.0,58,42,1,0,42,420,15487920,0,False,,,,,,1,3259,1745045,1,True,True,True,True
test_minutes,20260915_1941,1789515660.0,2,23678631,0,True,json,partial,thoth-minute-manifest/v7,present,t,present,,ok,58.68400001525879,54,0,2,1,0,0,0,0,True,True,540,7081,0,58,0,0,0,0,False,,False,False
test_minutes,20260915_1942,1789515720.0,2,24968058,0,True,json,partial,thoth-minute-manifest/v7,present,t,present,,ok,58.680999994277954,57,0,2,1,0,0,0,0,True,True,570,7427,0,58,0,0,0,0,False,,False,False
test_minutes,20260915_1943,1789515780.0,2,23752527,0,True,json,partial,thoth-minute-manifest/v7,present,t,present,,ok,58.67199993133545,56,0,2,1,0,0,0,0,True,True,560,5778,0,58,0,0,0,0,False,,False,False
test_minutes,20260915_1944,1789515840.0,2,22679299,0,True,json,partial,thoth-minute-manifest/v7,present,t,present,,ok,58.75999999046326,54,0,1,1,0,0,0,0,True,True,540,5137,0,58,0,0,0,0,False,,False,False
test_minutes,20260915_1945,1789515900.0,2,23721740,0,True,json,partial,thoth-minute-manifest/v7,present,t,present,,ok,58.66799998283386,57,0,2,1,0,0,0,0,True,True,570,5005,0,58,0,0,0,0,False,,False,False
test_minutes,20260915_1946,1789515960.0,2,24973291,0,True,json,partial,thoth-minute-manifest/v7,present,t,present,,ok,58.68600010871887,57,0,2,1,0,0,0,0,True,True,570,7423,0,58,0,0,0,0,False,,False,False
test_minutes,20260915_1947,1789516020.0,2,23728771,0,True,json,partial,thoth-minute-manifest/v7,present,t,present,,ok,58.664000034332275,57,0,2,1,0,0,0,0,True,True,570,5031,0,58,0,0,0,0,False,,False,False
test_minutes,20260915_1948,1789516080.0,2,20424012,0,True,json,partial,thoth-minute-manifest/v7,present,t,present,,ok,58.66599988937378,48,0,2,1,0,0,0,0,True,True,480,5078,0,58,0,0,0,0,False,,False,False
test_minutes,20260915_1949,1789516140.0,2,24796621,0,True,json,partial,thoth-minute-manifest/v7,present,t,present,,ok,58.6800000667572,57,0,2,1,0,0,0,0,True,True,570,7079,0,58,0,0,0,0,False,,False,False
test_minutes,20260915_1950,1789516200.0,2,23914191,0,True,json,partial,thoth-minute-manifest/v7,present,t,present,,ok,58.670000076293945,57,0,2,1,0,0,0,0,True,True,570,5385,0,58,0,0,0,0,False,,False,False
test_minutes,20260915_1951,1789516260.0,2,22774257,0,True,json,partial,thoth-minute-manifest/v7,present,t,present,,ok,58.698999881744385,52,0,2,1,0,0,0,0,True,True,520,6743,0,58,0,0,0,0,False,,False,False
test_minutes,20260915_1952,1789516320.0,2,24896115,0,True,json,partial,thoth-minute-manifest/v7,present,t,present,,ok,58.68499994277954,57,0,2,1,0,0,0,0,True,True,570,7267,0,58,0,0,0,0,False,,False,False
test_minutes,20260915_1953,1789516380.0,2,24625077,0,True,json,partial,thoth-minute-manifest/v7,present,t,present,,ok,58.676000118255615,57,0,2,1,0,0,0,0,True,True,570,6746,0,58,0,0,0,0,False,,False,False
test_minutes,20260915_1954,1789516440.0,2,19640051,0,True,json,partial,thoth-minute-manifest/v7,present,t,present,,ok,58.99399995803833,47,0,1,1,0,0,0,0,True,True,470,4280,0,58,0,0,0,0,False,,False,False
test_minutes,20260915_1955,1789516500.0,2,24568987,0,True,json,partial,thoth-minute-manifest/v7,present,t,present,,ok,58.694000005722046,57,0,2,1,0,0,0,0,True,True,570,6641,0,58,0,0,0,0,False,,False,False
test_minutes,20260915_1956,1789516560.0,2,23307252,0,True,json,partial,thoth-minute-manifest/v7,present,t,present,,ok,59.31100010871887,56,0,1,1,0,0,0,0,True,True,560,4923,0,58,0,0,0,0,False,,False,False
test_minutes,20260915_1957,1789516620.0,2,24125212,0,True,json,partial,thoth-minute-manifest/v7,present,t,present,,ok,58.674999952316284,57,0,2,1,0,0,0,0,True,True,570,5788,0,58,0,0,0,0,False,,False,False
test_minutes,20260915_1958,1789516680.0,2,24730161,0,True,json,partial,thoth-minute-manifest/v7,present,t,present,,ok,58.6800000667572,57,0,2,1,0,0,0,0,True,True,570,6936,0,58,0,0,0,0,False,,False,False
test_minutes,20260915_1959,1789516740.0,2,22186204,0,True,json,partial,thoth-minute-manifest/v7,present,t,present,,ok,58.66199994087219,53,0,2,1,0,0,0,0,True,True,530,4897,0,58,0,0,0,0,False,,False,False
test_minutes,20260915_2000,1789516800.0,2,18499393,0,True,json,partial,thoth-minute-manifest/v7,present,t,present,,ok,58.66100001335144,44,0,1,1,0,0,0,0,True,True,440,4226,0,58,0,0,0,0,False,,False,False
test_minutes,20260915_2001,1789516860.0,2,24806276,0,True,json,partial,thoth-minute-manifest/v7,present,t,present,,ok,59.210999965667725,57,0,1,1,0,0,0,0,True,True,570,7095,0,58,0,0,0,0,False,,False,False
test_minutes,20260915_2002,1789516920.0,2,21317127,0,True,json,partial,thoth-minute-manifest/v7,present,t,present,,ok,58.776999950408936,51,0,1,1,0,0,0,0,True,True,510,4639,0,58,0,0,0,0,False,,False,False
test_minutes,20260915_2003,1789516980.0,2,24683818,0,True,json,partial,thoth-minute-manifest/v7,present,t,present,,ok,58.68300008773804,57,0,2,1,0,0,0,0,True,True,570,6839,0,58,0,0,0,0,False,,False,False
test_minutes,20260915_2004,1789517040.0,2,24440483,0,True,json,partial,thoth-minute-manifest/v7,present,t,present,,ok,59.05299997329712,56,0,1,1,0,0,0,0,True,True,560,7078,0,58,0,0,0,0,False,,False,False
test_minutes,20260915_2005,1789517100.0,2,22562085,0,True,json,partial,thoth-minute-manifest/v7,present,t,present,,ok,59.50999999046326,54,0,1,1,0,0,0,0,True,True,540,4898,0,58,0,0,0,0,False,,False,False
test_minutes,20260915_2006,1789517160.0,2,24507914,0,True,json,partial,thoth-minute-manifest/v7,present,t,present,,ok,58.674999952316284,57,0,2,1,0,0,0,0,True,True,570,6490,0,58,0,0,0,0,False,,False,False
test_minutes,20260915_2007,1789517220.0,2,24225572,0,True,json,partial,thoth-minute-manifest/v7,present,t,present,,ok,59.27300000190735,57,0,1,1,0,0,0,0,True,True,570,5955,0,58,0,0,0,0,False,,False,False
test_minutes,20260915_2008,1789517280.0,2,23448979,0,True,json,partial,thoth-minute-manifest/v7,present,t,present,,ok,58.668999910354614,57,0,2,1,0,0,0,0,True,True,570,4462,0,58,0,0,0,0,False,,False,False
test_minutes,20260915_2009,1789517340.0,2,24883663,0,True,json,partial,thoth-minute-manifest/v7,present,t,present,,ok,58.681999921798706,57,0,2,1,0,0,0,0,True,True,570,7218,0,58,0,0,0,0,False,,False,False
test_minutes,20260915_2010,1789517400.0,2,21952101,0,True,json,partial,thoth-minute-manifest/v7,present,t,present,,ok,59.84100008010864,53,0,1,1,0,0,0,0,True,True,530,4428,0,58,0,0,0,0,False,,False,False
test_minutes,20260915_2011,1789517460.0,2,22435345,0,True,json,partial,thoth-minute-manifest/v7,present,t,present,,ok,58.670000076293945,54,0,1,1,0,0,0,0,True,True,540,4652,0,58,0,0,0,0,False,,False,False
test_minutes,20260915_2012,1789517520.0,2,24052428,0,True,json,partial,thoth-minute-manifest/v7,present,t,present,,ok,58.66700005531311,57,0,2,1,0,0,0,0,True,True,570,5616,0,58,0,0,0,0,False,,False,False
test_minutes,20260915_2013,1789517580.0,2,24985158,0,True,json,partial,thoth-minute-manifest/v7,present,t,present,,ok,58.680999994277954,57,0,2,1,0,0,0,0,True,True,570,7408,0,58,0,0,0,0,False,,False,False
test_minutes,20260915_2014,1789517640.0,2,23977693,0,True,json,partial,thoth-minute-manifest/v7,present,t,present,,ok,59.10199999809265,57,0,1,1,0,0,0,0,True,True,570,5476,0,58,0,0,0,0,False,,False,False
test_minutes,20260915_2015,1789517700.0,2,23767171,0,True,json,partial,thoth-minute-manifest/v7,present,t,present,,ok,58.77500009536743,57,0,2,1,0,0,0,0,True,True,570,5081,0,58,0,0,0,0,False,,False,False
test_minutes,20260915_2016,1789517760.0,2,20907880,0,True,json,partial,thoth-minute-manifest/v7,present,t,present,,ok,58.812000036239624,51,0,1,1,0,0,0,0,True,True,510,3855,0,58,0,0,0,0,False,,False,False
test_minutes,20260915_2017,1789517820.0,2,24819592,0,True,json,partial,thoth-minute-manifest/v7,present,t,present,,ok,58.68400001525879,57,0,2,1,0,0,0,0,True,True,570,7084,0,58,0,0,0,0,False,,False,False
test_minutes,20260915_2018,1789517880.0,2,23627119,0,True,json,partial,thoth-minute-manifest/v7,present,t,present,,ok,58.82100009918213,56,0,1,1,0,0,0,0,True,True,560,5518,0,58,0,0,0,0,False,,False,False
test_minutes,20260915_2019,1789517940.0,2,19930099,0,True,json,partial,thoth-minute-manifest/v7,present,t,present,,ok,58.76200008392334,47,0,1,1,0,0,0,0,True,True,470,4813,0,58,0,0,0,0,False,,False,False
test_minutes,20260915_2020,1789518000.0,2,23950960,0,True,json,partial,thoth-minute-manifest/v7,present,t,present,,ok,58.6710000038147,57,0,2,1,0,0,0,0,True,True,570,5423,0,58,0,0,0,0,False,,False,False
test_minutes,20260915_2021,1789518060.0,2,24973622,0,True,json,partial,thoth-minute-manifest/v7,present,t,present,,ok,58.68400001525879,57,0,2,1,0,0,0,0,True,True,570,7420,0,58,0,0,0,0,False,,False,False
test_minutes,20260915_2022,1789518120.0,2,24175593,0,True,json,partial,thoth-minute-manifest/v7,present,t,present,,ok,58.676000118255615,57,0,2,1,0,0,0,0,True,True,570,5880,0,58,0,0,0,0,False,,False,False
test_minutes,20260915_2023,1789518180.0,2,24230123,0,True,json,partial,thoth-minute-manifest/v7,present,t,present,,ok,58.676000118255615,57,0,2,1,0,0,0,0,True,True,570,5976,0,58,0,0,0,0,False,,False,False
test_minutes,20260915_2024,1789518240.0,2,21690631,0,True,json,partial,thoth-minute-manifest/v7,present,t,present,,ok,59.90300011634827,52,0,1,1,0,0,0,0,True,True,520,4661,0,58,0,0,0,0,False,,False,False
test_minutes,20260915_2025,1789518300.0,2,24684056,0,True,json,partial,thoth-minute-manifest/v7,present,t,present,,ok,58.67899990081787,57,0,2,1,0,0,0,0,True,True,570,6861,0,58,0,0,0,0,False,,False,False
test_minutes,20260915_2026,1789518360.0,2,24148477,0,True,json,partial,thoth-minute-manifest/v7,present,t,present,,ok,58.88000011444092,57,0,2,1,0,0,0,0,True,True,570,5832,0,58,0,0,0,0,False,,False,False
test_minutes,20260915_2027,1789518420.0,2,24563457,0,True,json,partial,thoth-minute-manifest/v7,present,t,present,,ok,58.67799997329712,57,0,2,1,0,0,0,0,True,True,570,6626,0,58,0,0,0,0,False,,False,False
test_minutes,20260915_2028,1789518480.0,2,24332329,0,True,json,partial,thoth-minute-manifest/v7,present,t,present,,ok,58.67700004577637,57,0,2,1,0,0,0,0,True,True,570,6180,0,58,0,0,0,0,False,,False,False
test_minutes,20260915_2029,1789518540.0,2,21421950,0,True,json,partial,thoth-minute-manifest/v7,present,t,present,,ok,60.674999952316284,51,0,1,1,0,0,0,0,True,True,510,4850,0,58,0,0,0,0,False,,False,False
test_minutes,20260915_2030,1789518600.0,2,24246656,0,True,json,partial,thoth-minute-manifest/v7,present,t,present,,ok,58.67700004577637,56,0,2,1,0,0,0,0,True,True,560,6728,0,58,0,0,0,0,False,,False,False
test_minutes,20260915_2031,1789518660.0,2,24722319,0,True,json,partial,thoth-minute-manifest/v7,present,t,present,,ok,59.11999988555908,57,0,2,1,0,0,0,0,True,True,570,6919,0,58,0,0,0,0,False,,False,False
test_minutes,20260915_2032,1789518720.0,2,20423132,0,True,json,partial,thoth-minute-manifest/v7,present,t,present,,ok,58.687999963760376,49,0,1,1,0,0,0,0,True,True,490,4344,0,58,0,0,0,0,False,,False,False
test_minutes,20260915_2033,1789518780.0,2,23692116,0,True,json,partial,thoth-minute-manifest/v7,present,t,present,,ok,58.67799997329712,57,0,2,1,0,0,0,0,True,True,570,4945,0,58,0,0,0,0,False,,False,False
test_minutes,20260915_2034,1789518840.0,2,23368370,0,True,json,partial,thoth-minute-manifest/v7,present,t,present,,ok,58.66199994087219,57,0,2,1,0,0,0,0,True,True,570,4325,0,58,0,0,0,0,False,,False,False
test_minutes,20260915_2035,1789518900.0,2,22296875,0,True,json,partial,thoth-minute-manifest/v7,present,t,present,,ok,58.680999994277954,51,0,2,1,0,0,0,0,True,True,510,6529,0,58,0,0,0,0,False,,False,False
test_minutes,20260915_2036,1789518960.0,2,24687745,0,True,json,partial,thoth-minute-manifest/v7,present,t,present,,ok,58.67700004577637,57,0,2,1,0,0,0,0,True,True,570,6890,0,58,0,0,0,0,False,,False,False
test_minutes,20260915_2037,1789519020.0,2,24516389,0,True,json,partial,thoth-minute-manifest/v7,present,t,present,,ok,58.680999994277954,57,0,2,1,0,0,0,0,True,True,570,6573,0,58,0,0,0,0,False,,False,False
test_minutes,20260915_2038,1789519080.0,2,20323249,0,True,json,partial,thoth-minute-manifest/v7,present,t,present,,ok,59.21900010108948,48,0,1,1,0,0,0,0,True,True,480,4918,0,58,0,0,0,0,False,,False,False
test_minutes,20260915_2039,1789519140.0,2,23686817,0,True,json,partial,thoth-minute-manifest/v7,present,t,present,,ok,58.670000076293945,57,0,2,1,0,0,0,0,True,True,570,4968,0,58,0,0,0,0,False,,False,False
test_minutes,20260915_2040,1789519200.0,2,24629704,0,True,json,partial,thoth-minute-manifest/v7,present,t,present,,ok,58.69799995422363,57,0,2,1,0,0,0,0,True,True,570,6775,0,58,0,0,0,0,False,,False,False
test_minutes,20260915_2041,1789519260.0,2,24374029,0,True,json,partial,thoth-minute-manifest/v7,present,t,present,,ok,58.67799997329712,57,0,2,1,0,0,0,0,True,True,570,6280,0,58,0,0,0,0,False,,False,False
test_minutes,20260915_2042,1789519320.0,2,24251243,0,True,json,partial,thoth-minute-manifest/v7,present,t,present,,ok,58.67400002479553,57,0,2,1,0,0,0,0,True,True,570,6055,0,58,0,0,0,0,False,,False,False
test_minutes,20260915_2043,1789519380.0,2,22191994,0,True,json,partial,thoth-minute-manifest/v7,present,t,present,,ok,58.66300010681152,53,0,2,1,0,0,0,0,True,True,530,4928,0,58,0,0,0,0,False,,False,False
test_minutes,20260915_2044,1789519440.0,2,24959700,0,True,json,partial,thoth-minute-manifest/v7,present,t,present,,ok,58.68899989128113,57,0,2,1,0,0,0,0,True,True,570,7420,0,58,0,0,0,0,False,,False,False
test_minutes,20260915_2045,1789519500.0,2,22571971,0,True,json,partial,thoth-minute-manifest/v7,present,t,present,,ok,59.16799998283386,53,0,1,1,0,0,0,0,True,True,530,5666,0,58,0,0,0,0,False,,False,False
test_minutes,20260915_2046,1789519560.0,2,23883796,0,True,json,partial,thoth-minute-manifest/v7,present,t,present,,ok,58.668999910354614,57,0,2,1,0,0,0,0,True,True,570,5381,0,58,0,0,0,0,False,,False,False
test_minutes,20260915_2047,1789519620.0,2,24045283,0,True,json,partial,thoth-minute-manifest/v7,present,t,present,,ok,59.04099988937378,56,0,1,1,0,0,0,0,True,True,560,6381,0,58,0,0,0,0,False,,False,False
test_minutes,20260915_2048,1789519680.0,2,23844344,0,True,json,partial,thoth-minute-manifest/v7,present,t,present,,ok,58.67300009727478,57,0,2,1,0,0,0,0,True,True,570,5277,0,58,0,0,0,0,False,,False,False
test_minutes,20260915_2049,1789519740.0,2,24409465,0,True,json,partial,thoth-minute-manifest/v7,present,t,present,,ok,58.67300009727478,57,0,2,1,0,0,0,0,True,True,570,6527,0,58,0,0,0,0,False,,False,False
test_minutes,20260915_2050,1789519800.0,2,24448416,0,True,json,partial,thoth-minute-manifest/v7,present,t,present,,ok,58.68899989128113,57,0,2,1,0,0,0,0,True,True,570,6525,0,58,0,0,0,0,False,,False,False
test_minutes,20260915_2051,1789519860.0,2,23930839,0,True,json,partial,thoth-minute-manifest/v7,present,t,present,,ok,58.6710000038147,57,0,2,1,0,0,0,0,True,True,570,5484,0,58,0,0,0,0,False,,False,False
test_minutes,20260915_2052,1789519920.0,2,21472862,0,True,json,partial,thoth-minute-manifest/v7,present,t,present,,ok,58.882999897003174,52,0,1,1,0,0,0,0,True,True,520,4270,0,58,0,0,0,0,False,,False,False
test_minutes,20260915_2053,1789519980.0,2,24158567,0,True,json,partial,thoth-minute-manifest/v7,present,t,present,,ok,58.670000076293945,57,0,2,1,0,0,0,0,True,True,570,5872,0,58,0,0,0,0,False,,False,False
test_minutes,20260915_2054,1789520040.0,2,24797748,0,True,json,partial,thoth-minute-manifest/v7,present,t,present,,ok,58.68400001525879,57,0,2,1,0,0,0,0,True,True,570,7082,0,58,0,0,0,0,False,,False,False
test_minutes,20260915_2055,1789520100.0,2,24563673,0,True,json,partial,thoth-minute-manifest/v7,present,t,present,,ok,58.67700004577637,57,0,2,1,0,0,0,0,True,True,570,6637,0,58,0,0,0,0,False,,False,False
test_minutes,20260915_2056,1789520160.0,2,22120800,0,True,json,partial,thoth-minute-manifest/v7,present,t,present,,ok,59.05900001525879,53,0,1,1,0,0,0,0,True,True,530,4787,0,58,0,0,0,0,False,,False,False
test_minutes,20260915_2057,1789520220.0,2,21620699,0,True,json,partial,thoth-minute-manifest/v7,present,t,present,,ok,59.47199988365173,52,0,1,1,0,0,0,0,True,True,520,4536,0,58,0,0,0,0,False,,False,False
test_minutes,20260915_2058,1789520280.0,2,23465414,0,True,json,partial,thoth-minute-manifest/v7,present,t,present,,ok,58.66499996185303,57,0,2,1,0,0,0,0,True,True,570,4518,0,58,0,0,0,0,False,,False,False
test_minutes,20260915_2059,1789520340.0,2,24947758,0,True,json,partial,thoth-minute-manifest/v7,present,t,present,,ok,58.68400001525879,57,0,2,1,0,0,0,0,True,True,570,7391,0,58,0,0,0,0,False,,False,False
test_minutes,20260915_2100,1789520400.0,2,23467086,0,True,json,partial,thoth-minute-manifest/v7,present,t,present,,ok,58.68899989128113,54,0,2,1,0,0,0,0,True,True,540,6664,0,58,0,0,0,0,False,,False,False
test_minutes,20260915_2101,1789520460.0,60,49179123,1,True,json,collecting,thoth-minute-manifest/v7,present,t,present,,ok,58.0,58,57,1,1,57,570,21019320,0,False,,,,,,1,6486,3598783,1,False,,False,False
test_minutes,20260915_2117,1789521420.0,2,24923842,0,True,json,partial,thoth-minute-manifest/v7,empty,t,empty,,ok,58.67799997329712,57,0,2,1,0,0,0,0,True,True,570,7334,0,58,0,0,0,0,False,,False,False
test_minutes,20260915_2118,1789521480.0,2,23906657,0,True,json,partial,thoth-minute-manifest/v7,empty,t,empty,,ok,58.77900004386902,56,0,1,1,0,0,0,0,True,True,560,6084,0,58,0,0,0,0,False,,False,False
test_minutes,20260915_2119,1789521540.0,2,23555352,0,True,json,partial,thoth-minute-manifest/v7,empty,t,empty,,ok,58.90700006484985,57,0,1,1,0,0,0,0,True,True,570,4700,0,58,0,0,0,0,False,,False,False
test_minutes,20260915_2120,1789521600.0,2,20963323,0,True,json,partial,thoth-minute-manifest/v7,empty,t,empty,,ok,58.67400002479553,48,0,2,1,0,0,0,0,True,True,480,6115,0,58,0,0,0,0,False,,False,False
test_minutes,20260915_2121,1789521660.0,2,23661732,0,True,json,partial,thoth-minute-manifest/v7,empty,t,empty,,ok,58.85800004005432,57,0,2,1,0,0,0,0,True,True,570,4899,0,58,0,0,0,0,False,,False,False
test_minutes,20260915_2122,1789521720.0,2,24906020,0,True,json,partial,thoth-minute-manifest/v7,empty,t,empty,,ok,58.681999921798706,57,0,2,1,0,0,0,0,True,True,570,7293,0,58,0,0,0,0,False,,False,False
test_minutes,20260915_2123,1789521780.0,2,23950034,0,True,json,partial,thoth-minute-manifest/v7,empty,t,empty,,ok,58.67700004577637,57,0,2,1,0,0,0,0,True,True,570,5460,0,58,0,0,0,0,False,,False,False
test_minutes,20260915_2124,1789521840.0,2,20177641,0,True,json,partial,thoth-minute-manifest/v7,empty,t,empty,,ok,59.44199991226196,48,0,1,1,0,0,0,0,True,True,480,4599,0,58,0,0,0,0,False,,False,False
test_minutes,20260915_2125,1789521900.0,2,24252216,0,True,json,partial,thoth-minute-manifest/v7,empty,t,empty,,ok,58.676000118255615,57,0,2,1,0,0,0,0,True,True,570,6039,0,58,0,0,0,0,False,,False,False
test_minutes,20260915_2126,1789521960.0,2,24147487,0,True,json,partial,thoth-minute-manifest/v7,empty,t,empty,,ok,58.674999952316284,57,0,2,1,0,0,0,0,True,True,570,5840,0,58,0,0,0,0,False,,False,False
test_minutes,20260915_2127,1789522020.0,2,23886510,0,True,json,partial,thoth-minute-manifest/v7,empty,t,empty,,ok,58.668999910354614,57,0,2,1,0,0,0,0,True,True,570,5339,0,58,0,0,0,0,False,,False,False
test_minutes,20260915_2128,1789522080.0,2,24729424,0,True,json,partial,thoth-minute-manifest/v7,empty,t,empty,,ok,58.676000118255615,57,0,2,1,0,0,0,0,True,True,570,6966,0,58,0,0,0,0,False,,False,False
test_minutes,20260915_2129,1789522140.0,2,23049209,0,True,json,partial,thoth-minute-manifest/v7,empty,t,empty,,ok,58.74900007247925,56,0,1,1,0,0,0,0,True,True,560,4440,0,58,0,0,0,0,False,,False,False
test_minutes,20260915_2130,1789522200.0,2,21747037,0,True,json,partial,thoth-minute-manifest/v7,empty,t,empty,,ok,58.67400002479553,50,0,2,1,0,0,0,0,True,True,500,6205,0,58,0,0,0,0,False,,False,False
test_minutes,20260915_2131,1789522260.0,2,24039624,0,True,json,partial,thoth-minute-manifest/v7,empty,t,empty,,ok,58.78800010681152,57,0,1,1,0,0,0,0,True,True,570,5648,0,58,0,0,0,0,False,,False,False
test_minutes,20260915_2132,1789522320.0,2,23448485,0,True,json,partial,thoth-minute-manifest/v7,empty,t,empty,,ok,60.581000089645386,56,0,1,1,0,0,0,0,True,True,560,5222,0,58,0,0,0,0,False,,False,False
test_minutes,20260915_2133,1789522380.0,2,24203713,0,True,json,partial,thoth-minute-manifest/v7,empty,t,empty,,ok,58.69000005722046,56,0,2,1,0,0,0,0,True,True,560,6680,0,58,0,0,0,0,False,,False,False
test_minutes,20260915_2134,1789522440.0,2,24672302,0,True,json,partial,thoth-minute-manifest/v7,empty,t,empty,,ok,58.68899989128113,57,0,2,1,0,0,0,0,True,True,570,6878,0,58,0,0,0,0,False,,False,False
test_minutes,20260915_2135,1789522500.0,2,23566823,0,True,json,partial,thoth-minute-manifest/v7,empty,t,empty,,ok,58.66700005531311,57,0,2,1,0,0,0,0,True,True,570,4751,0,58,0,0,0,0,False,,False,False
test_minutes,20260915_2136,1789522560.0,2,24900973,0,True,json,partial,thoth-minute-manifest/v7,empty,t,empty,,ok,58.68499994277954,57,0,1,1,0,0,0,0,True,True,570,7310,0,58,0,0,0,0,False,,False,False
test_minutes,20260915_2137,1789522620.0,2,24125453,0,True,json,partial,thoth-minute-manifest/v7,empty,t,empty,,ok,58.6710000038147,57,0,2,1,0,0,0,0,True,True,570,5824,0,58,0,0,0,0,False,,False,False
test_minutes,20260915_2138,1789522680.0,2,20727309,0,True,json,partial,thoth-minute-manifest/v7,empty,t,empty,,ok,61.05399990081787,50,0,1,1,0,0,0,0,True,True,500,4264,0,58,0,0,0,0,False,,False,False
test_minutes,20260915_2139,1789522740.0,2,24243730,0,True,json,partial,thoth-minute-manifest/v7,empty,t,empty,,ok,58.67899990081787,56,0,2,1,0,0,0,0,True,True,560,6760,0,58,0,0,0,0,False,,False,False
test_minutes,20260915_2140,1789522800.0,2,22954750,0,True,json,partial,thoth-minute-manifest/v7,empty,t,empty,,ok,59.170000076293945,55,0,1,1,0,0,0,0,True,True,550,4985,0,58,0,0,0,0,False,,False,False
test_minutes,20260915_2141,1789522860.0,2,24474319,0,True,json,partial,thoth-minute-manifest/v7,empty,t,empty,,ok,58.67700004577637,57,0,2,1,0,0,0,0,True,True,570,6494,0,58,0,0,0,0,False,,False,False
test_minutes,20260915_2142,1789522920.0,2,24622374,0,True,json,partial,thoth-minute-manifest/v7,empty,t,empty,,ok,58.6800000667572,57,0,2,1,0,0,0,0,True,True,570,6791,0,58,0,0,0,0,False,,False,False
test_minutes,20260915_2143,1789522980.0,2,23449138,0,True,json,partial,thoth-minute-manifest/v7,empty,t,empty,,ok,60.1029999256134,56,0,1,1,0,0,0,0,True,True,560,5227,0,58,0,0,0,0,False,,False,False
test_minutes,20260915_2144,1789523040.0,2,22073030,0,True,json,partial,thoth-minute-manifest/v7,empty,t,empty,,ok,61.14400005340576,53,0,1,1,0,0,0,0,True,True,530,4721,0,58,0,0,0,0,False,,False,False
test_minutes,20260915_2145,1789523100.0,2,24355400,0,True,json,partial,thoth-minute-manifest/v7,empty,t,empty,,ok,58.67500019073486,57,0,2,1,0,0,0,0,True,True,570,6249,0,58,0,0,0,0,False,,False,False
test_minutes,20260915_2146,1789523160.0,2,24840192,0,True,json,partial,thoth-minute-manifest/v7,empty,t,empty,,ok,58.68400001525879,57,0,2,1,0,0,0,0,True,True,570,7194,0,58,0,0,0,0,False,,False,False
test_minutes,20260915_2147,1789523220.0,2,23982378,0,True,json,partial,thoth-minute-manifest/v7,empty,t,empty,,ok,58.67300009727478,56,0,2,1,0,0,0,0,True,True,560,6255,0,58,0,0,0,0,False,,False,False
test_minutes,20260915_2148,1789523280.0,2,23694179,0,True,json,partial,thoth-minute-manifest/v7,empty,t,empty,,ok,58.66599988937378,57,0,2,1,0,0,0,0,True,True,570,5003,0,58,0,0,0,0,False,,False,False
test_minutes,20260915_2149,1789523340.0,2,20365950,0,True,json,partial,thoth-minute-manifest/v7,empty,t,empty,,ok,58.74300003051758,49,0,1,1,0,0,0,0,True,True,490,4302,0,58,0,0,0,0,False,,False,False
test_minutes,20260915_2150,1789523400.0,2,24648368,0,True,json,partial,thoth-minute-manifest/v7,empty,t,empty,,ok,58.67700004577637,57,0,2,1,0,0,0,0,True,True,570,6872,0,58,0,0,0,0,False,,False,False
test_minutes,20260915_2151,1789523460.0,2,23998222,0,True,json,partial,thoth-minute-manifest/v7,empty,t,empty,,ok,59.90700006484985,57,0,1,1,0,0,0,0,True,True,570,5595,0,58,0,0,0,0,False,,False,False
test_minutes,20260915_2152,1789523520.0,2,23567834,0,True,json,partial,thoth-minute-manifest/v7,empty,t,empty,,ok,58.66799998283386,57,0,2,1,0,0,0,0,True,True,570,4773,0,58,0,0,0,0,False,,False,False
test_minutes,20260915_2153,1789523580.0,2,21419180,0,True,json,partial,thoth-minute-manifest/v7,empty,t,empty,,ok,58.71799993515015,52,0,1,1,0,0,0,0,True,True,520,4191,0,58,0,0,0,0,False,,False,False
test_minutes,20260915_2154,1789523640.0,2,24663158,0,True,json,partial,thoth-minute-manifest/v7,empty,t,empty,,ok,58.68300008773804,57,0,2,1,0,0,0,0,True,True,570,6875,0,58,0,0,0,0,False,,False,False
test_minutes,20260915_2155,1789523700.0,2,22945225,0,True,json,partial,thoth-minute-manifest/v7,empty,t,empty,,ok,58.67199993133545,53,0,2,1,0,0,0,0,True,True,530,6428,0,58,0,0,0,0,False,,False,False
test_minutes,20260915_2156,1789523760.0,2,23496472,0,True,json,partial,thoth-minute-manifest/v7,empty,t,empty,,ok,59.47499990463257,56,0,1,1,0,0,0,0,True,True,560,5333,0,58,0,0,0,0,False,,False,False
test_minutes,20260915_2157,1789523820.0,2,21167420,0,True,json,partial,thoth-minute-manifest/v7,empty,t,empty,,ok,58.80200004577637,51,0,1,1,0,0,0,0,True,True,510,4412,0,58,0,0,0,0,False,,False,False
test_minutes,20260915_2158,1789523880.0,2,24656018,0,True,json,partial,thoth-minute-manifest/v7,empty,t,empty,,ok,58.67899990081787,57,0,2,1,0,0,0,0,True,True,570,6872,0,58,0,0,0,0,False,,False,False
test_minutes,20260915_2159,1789523940.0,2,23824470,0,True,json,partial,thoth-minute-manifest/v7,empty,t,empty,,ok,58.66700005531311,57,0,2,1,0,0,0,0,True,True,570,5253,0,58,0,0,0,0,False,,False,False
test_minutes,20260915_2200,1789524000.0,2,21328942,0,True,json,partial,thoth-minute-manifest/v7,empty,t,empty,,ok,60.69799995422363,49,0,1,1,0,0,0,0,True,True,490,6163,0,58,0,0,0,0,False,,False,False
test_minutes,20260915_2201,1789524060.0,2,24188915,0,True,json,partial,thoth-minute-manifest/v7,empty,t,empty,,ok,58.69099998474121,56,0,2,1,0,0,0,0,True,True,560,6681,0,58,0,0,0,0,False,,False,False
test_minutes,20260915_2202,1789524120.0,2,22644926,0,True,json,partial,thoth-minute-manifest/v7,empty,t,empty,,ok,59.282999992370605,54,0,1,1,0,0,0,0,True,True,540,5119,0,58,0,0,0,0,False,,False,False
test_minutes,20260915_2203,1789524180.0,2,23701052,0,True,json,partial,thoth-minute-manifest/v7,empty,t,empty,,ok,58.66799998283386,57,0,2,1,0,0,0,0,True,True,570,5021,0,58,0,0,0,0,False,,False,False
test_minutes,20260915_2204,1789524240.0,2,21453397,0,True,json,partial,thoth-minute-manifest/v7,empty,t,empty,,ok,58.664000034332275,51,0,2,1,0,0,0,0,True,True,510,4973,0,58,0,0,0,0,False,,False,False
test_minutes,20260915_2205,1789524300.0,2,24906367,0,True,json,partial,thoth-minute-manifest/v7,empty,t,empty,,ok,58.69099998474121,57,0,2,1,0,0,0,0,True,True,570,7360,0,58,0,0,0,0,False,,False,False
test_minutes,20260915_2206,1789524360.0,2,24294671,0,True,json,partial,thoth-minute-manifest/v7,empty,t,empty,,ok,58.674999952316284,57,0,2,1,0,0,0,0,True,True,570,6144,0,58,0,0,0,0,False,,False,False
test_minutes,20260915_2207,1789524420.0,2,24059848,0,True,json,partial,thoth-minute-manifest/v7,empty,t,empty,,ok,58.6710000038147,57,0,2,1,0,0,0,0,True,True,570,5692,0,58,0,0,0,0,False,,False,False
test_minutes,20260915_2208,1789524480.0,2,18623458,0,True,json,partial,thoth-minute-manifest/v7,empty,t,empty,,ok,58.77300000190735,45,0,1,1,0,0,0,0,True,True,450,3771,0,58,0,0,0,0,False,,False,False
test_minutes,20260915_2209,1789524540.0,2,23771327,0,True,json,partial,thoth-minute-manifest/v7,empty,t,empty,,ok,58.664000034332275,57,0,2,1,0,0,0,0,True,True,570,5142,0,58,0,0,0,0,False,,False,False
test_minutes,20260915_2210,1789524600.0,2,24886475,0,True,json,partial,thoth-minute-manifest/v7,empty,t,empty,,ok,58.68400001525879,57,0,2,1,0,0,0,0,True,True,570,7282,0,58,0,0,0,0,False,,False,False
test_minutes,20260915_2211,1789524660.0,2,24521266,0,True,json,partial,thoth-minute-manifest/v7,empty,t,empty,,ok,59.41100001335144,57,0,2,1,0,0,0,0,True,True,570,6594,0,58,0,0,0,0,False,,False,False
test_minutes,20260915_2212,1789524720.0,2,23894547,0,True,json,partial,thoth-minute-manifest/v7,empty,t,empty,,ok,58.668999910354614,57,0,2,1,0,0,0,0,True,True,570,5369,0,58,0,0,0,0,False,,False,False
test_minutes,20260915_2213,1789524780.0,2,23414245,0,True,json,partial,thoth-minute-manifest/v7,empty,t,empty,,ok,58.85899996757507,56,0,1,1,0,0,0,0,True,True,560,5164,0,58,0,0,0,0,False,,False,False
test_minutes,20260915_2214,1789524840.0,2,24300141,0,True,json,partial,thoth-minute-manifest/v7,empty,t,empty,,ok,58.670000076293945,57,0,2,1,0,0,0,0,True,True,570,6164,0,58,0,0,0,0,False,,False,False
test_minutes,20260915_2215,1789524900.0,2,23881527,0,True,json,partial,thoth-minute-manifest/v7,empty,t,empty,,ok,58.7279999256134,57,0,1,1,0,0,0,0,True,True,570,5352,0,58,0,0,0,0,False,,False,False
test_minutes,20260915_2216,1789524960.0,2,21205511,0,True,json,partial,thoth-minute-manifest/v7,empty,t,empty,,ok,58.67199993133545,50,0,2,1,0,0,0,0,True,True,500,5185,0,58,0,0,0,0,False,,False,False
test_minutes,20260915_2217,1789525020.0,2,24479762,0,True,json,partial,thoth-minute-manifest/v7,empty,t,empty,,ok,58.8510000705719,57,0,1,1,0,0,0,0,True,True,570,6506,0,58,0,0,0,0,False,,False,False
test_minutes,20260915_2218,1789525080.0,2,21594718,0,True,json,partial,thoth-minute-manifest/v7,empty,t,empty,,ok,58.84699988365173,52,0,1,1,0,0,0,0,True,True,520,4510,0,58,0,0,0,0,False,,False,False
test_minutes,20260915_2219,1789525140.0,2,24236196,0,True,json,partial,thoth-minute-manifest/v7,empty,t,empty,,ok,58.67400002479553,57,0,2,1,0,0,0,0,True,True,570,6037,0,58,0,0,0,0,False,,False,False
test_minutes,20260915_2220,1789525200.0,2,24549465,0,True,json,partial,thoth-minute-manifest/v7,empty,t,empty,,ok,58.819000005722046,57,0,1,1,0,0,0,0,True,True,570,6648,0,58,0,0,0,0,False,,False,False
test_minutes,20260915_2221,1789525260.0,2,19932056,0,True,json,partial,thoth-minute-manifest/v7,empty,t,empty,,ok,58.66199994087219,48,0,2,1,0,0,0,0,True,True,480,4156,0,58,0,0,0,0,False,,False,False
test_minutes,20260915_2222,1789525320.0,2,23176385,0,True,json,partial,thoth-minute-manifest/v7,empty,t,empty,,ok,58.69799995422363,53,0,2,1,0,0,0,0,True,True,530,6850,0,58,0,0,0,0,False,,False,False
test_minutes,20260915_2223,1789525380.0,2,22698431,0,True,json,partial,thoth-minute-manifest/v7,empty,t,empty,,ok,58.664000034332275,55,0,2,1,0,0,0,0,True,True,550,4492,0,58,0,0,0,0,False,,False,False
test_minutes,20260915_2224,1789525440.0,2,24219653,0,True,json,partial,thoth-minute-manifest/v7,empty,t,empty,,ok,58.67400002479553,57,0,2,1,0,0,0,0,True,True,570,6001,0,58,0,0,0,0,False,,False,False
test_minutes,20260915_2225,1789525500.0,2,24413039,0,True,json,partial,thoth-minute-manifest/v7,empty,t,empty,,ok,58.67700004577637,57,0,2,1,0,0,0,0,True,True,570,6361,0,58,0,0,0,0,False,,False,False
test_minutes,20260915_2226,1789525560.0,2,22328873,0,True,json,partial,thoth-minute-manifest/v7,empty,t,empty,,ok,59.253000020980835,54,0,1,1,0,0,0,0,True,True,540,4473,0,58,0,0,0,0,False,,False,False
test_minutes,20260915_2227,1789525620.0,2,24344234,0,True,json,partial,thoth-minute-manifest/v7,empty,t,empty,,ok,59.92799997329712,57,0,1,1,0,0,0,0,True,True,570,6224,0,58,0,0,0,0,False,,False,False
test_minutes,20260915_2228,1789525680.0,2,24396045,0,True,json,partial,thoth-minute-manifest/v7,empty,t,empty,,ok,58.687999963760376,57,0,2,1,0,0,0,0,True,True,570,6319,0,58,0,0,0,0,False,,False,False
test_minutes,20260915_2229,1789525740.0,2,23208473,0,True,json,partial,thoth-minute-manifest/v7,empty,t,empty,,ok,60.66300010681152,55,0,1,1,0,0,0,0,True,True,550,5459,0,58,0,0,0,0,False,,False,False
test_minutes,20260915_2230,1789525800.0,2,21591053,0,True,json,partial,thoth-minute-manifest/v7,empty,t,empty,,ok,60.66799998283386,52,0,1,1,0,0,0,0,True,True,520,4486,0,58,0,0,0,0,False,,False,False
test_minutes,20260915_2231,1789525860.0,2,23684165,0,True,json,partial,thoth-minute-manifest/v7,empty,t,empty,,ok,58.668999910354614,56,0,2,1,0,0,0,0,True,True,560,5669,0,58,0,0,0,0,False,,False,False
test_minutes,20260915_2232,1789525920.0,2,24883149,0,True,json,partial,thoth-minute-manifest/v7,empty,t,empty,,ok,58.68600010871887,57,0,2,1,0,0,0,0,True,True,570,7275,0,58,0,0,0,0,False,,False,False
test_minutes,20260915_2233,1789525980.0,2,22597598,0,True,json,partial,thoth-minute-manifest/v7,empty,t,empty,,ok,58.68499994277954,53,0,2,1,0,0,0,0,True,True,530,5705,0,58,0,0,0,0,False,,False,False
test_minutes,20260915_2234,1789526040.0,2,23766897,0,True,json,partial,thoth-minute-manifest/v7,empty,t,empty,,ok,59.579999923706055,56,0,1,1,0,0,0,0,True,True,560,5821,0,58,0,0,0,0,False,,False,False
test_minutes,20260915_2235,1789526100.0,2,23472778,0,True,json,partial,thoth-minute-manifest/v7,empty,t,empty,,ok,58.66199994087219,57,0,2,1,0,0,0,0,True,True,570,4537,0,58,0,0,0,0,False,,False,False
test_minutes,20260915_2236,1789526160.0,2,24543995,0,True,json,partial,thoth-minute-manifest/v7,empty,t,empty,,ok,58.83299994468689,57,0,1,1,0,0,0,0,True,True,570,6606,0,58,0,0,0,0,False,,False,False
test_minutes,20260915_2237,1789526220.0,2,23534992,0,True,json,partial,thoth-minute-manifest/v7,empty,t,empty,,ok,60.67799997329712,57,0,1,1,0,0,0,0,True,True,570,4671,0,58,0,0,0,0,False,,False,False
test_minutes,20260915_2238,1789526280.0,2,23013878,0,True,json,partial,thoth-minute-manifest/v7,empty,t,empty,,ok,58.74399995803833,56,0,1,1,0,0,0,0,True,True,560,4380,0,58,0,0,0,0,False,,False,False
test_minutes,20260915_2239,1789526340.0,2,24373175,0,True,json,partial,thoth-minute-manifest/v7,empty,t,empty,,ok,58.674999952316284,57,0,2,1,0,0,0,0,True,True,570,6284,0,58,0,0,0,0,False,,False,False
test_minutes,20260915_2240,1789526400.0,2,24878379,0,True,json,partial,thoth-minute-manifest/v7,empty,t,empty,,ok,58.681999921798706,57,0,2,1,0,0,0,0,True,True,570,7259,0,58,0,0,0,0,False,,False,False
test_minutes,20260915_2241,1789526460.0,2,24088307,0,True,json,partial,thoth-minute-manifest/v7,empty,t,empty,,ok,58.67199993133545,57,0,2,1,0,0,0,0,True,True,570,5731,0,58,0,0,0,0,False,,False,False
test_minutes,20260915_2242,1789526520.0,2,23741406,0,True,json,partial,thoth-minute-manifest/v7,empty,t,empty,,ok,58.66199994087219,57,0,2,1,0,0,0,0,True,True,570,5059,0,58,0,0,0,0,False,,False,False
test_minutes,20260915_2243,1789526580.0,2,21967684,0,True,json,partial,thoth-minute-manifest/v7,empty,t,empty,,ok,58.66700005531311,52,0,2,1,0,0,0,0,True,True,520,5204,0,58,0,0,0,0,False,,False,False
test_minutes,20260915_2244,1789526640.0,2,24782768,0,True,json,partial,thoth-minute-manifest/v7,empty,t,empty,,ok,60.12899994850159,57,0,1,1,0,0,0,0,True,True,570,7086,0,58,0,0,0,0,False,,False,False
test_minutes,20260915_2245,1789526700.0,2,23610644,0,True,json,partial,thoth-minute-manifest/v7,empty,t,empty,,ok,58.66700005531311,57,0,2,1,0,0,0,0,True,True,570,4832,0,58,0,0,0,0,False,,False,False
test_minutes,20260915_2246,1789526760.0,2,20652825,0,True,json,partial,thoth-minute-manifest/v7,empty,t,empty,,ok,58.66199994087219,49,0,2,1,0,0,0,0,True,True,490,4837,0,58,0,0,0,0,False,,False,False
test_minutes,20260915_2247,1789526820.0,2,24682055,0,True,json,partial,thoth-minute-manifest/v7,empty,t,empty,,ok,58.67700004577637,57,0,2,1,0,0,0,0,True,True,570,6894,0,58,0,0,0,0,False,,False,False
test_minutes,20260915_2248,1789526880.0,2,22430480,0,True,json,partial,thoth-minute-manifest/v7,empty,t,empty,,ok,58.76099991798401,54,0,1,1,0,0,0,0,True,True,540,4692,0,58,0,0,0,0,False,,False,False
test_minutes,20260915_2249,1789526940.0,2,20893031,0,True,json,partial,thoth-minute-manifest/v7,empty,t,empty,,ok,58.6710000038147,48,0,2,1,0,0,0,0,True,True,480,6010,0,58,0,0,0,0,False,,False,False
test_minutes,20260915_2250,1789527000.0,2,23943408,0,True,json,partial,thoth-minute-manifest/v7,empty,t,empty,,ok,58.75500011444092,55,0,1,1,0,0,0,0,True,True,550,6910,0,58,0,0,0,0,False,,False,False
test_minutes,20260915_2251,1789527060.0,2,23443004,0,True,json,partial,thoth-minute-manifest/v7,empty,t,empty,,ok,59.31399989128113,57,0,1,1,0,0,0,0,True,True,570,4506,0,58,0,0,0,0,False,,False,False
test_minutes,20260915_2252,1789527120.0,2,24317583,0,True,json,partial,thoth-minute-manifest/v7,empty,t,empty,,ok,58.67400002479553,57,0,2,1,0,0,0,0,True,True,570,6209,0,58,0,0,0,0,False,,False,False
test_minutes,20260915_2253,1789527180.0,2,24397231,0,True,json,partial,thoth-minute-manifest/v7,empty,t,empty,,ok,58.740999937057495,57,0,2,1,0,0,0,0,True,True,570,6346,0,58,0,0,0,0,False,,False,False
test_minutes,20260915_2254,1789527240.0,2,23945951,0,True,json,partial,thoth-minute-manifest/v7,empty,t,empty,,ok,58.668999910354614,57,0,2,1,0,0,0,0,True,True,570,5470,0,58,0,0,0,0,False,,False,False
test_minutes,20260915_2255,1789527300.0,2,22867462,0,True,json,partial,thoth-minute-manifest/v7,empty,t,empty,,ok,58.67199993133545,53,0,2,1,0,0,0,0,True,True,530,6251,0,58,0,0,0,0,False,,False,False
test_minutes,20260915_2256,1789527360.0,2,23238988,0,True,json,partial,thoth-minute-manifest/v7,empty,t,empty,,ok,60.65899991989136,56,0,1,1,0,0,0,0,True,True,560,4828,0,58,0,0,0,0,False,,False,False
test_minutes,20260915_2257,1789527420.0,2,23641561,0,True,json,partial,thoth-minute-manifest/v7,empty,t,empty,,ok,58.668999910354614,56,0,2,1,0,0,0,0,True,True,560,5602,0,58,0,0,0,0,False,,False,False
test_minutes,20260915_2258,1789527480.0,2,24329221,0,True,json,partial,thoth-minute-manifest/v7,empty,t,empty,,ok,59.020999908447266,57,0,1,1,0,0,0,0,True,True,570,6226,0,58,0,0,0,0,False,,False,False
test_minutes,20260915_2259,1789527540.0,2,24583337,0,True,json,partial,thoth-minute-manifest/v7,empty,t,empty,,ok,58.70300006866455,57,0,2,1,0,0,0,0,True,True,570,6752,0,58,0,0,0,0,False,,False,False
test_minutes,20260915_2300,1789527600.0,2,23646846,0,True,json,partial,thoth-minute-manifest/v7,empty,t,empty,,ok,58.67700004577637,55,0,2,1,0,0,0,0,True,True,550,6372,0,58,0,0,0,0,False,,False,False
test_minutes,20260915_2301,1789527660.0,2,24259558,0,True,json,partial,thoth-minute-manifest/v7,empty,t,empty,,ok,58.67700004577637,57,0,2,1,0,0,0,0,True,True,570,6136,0,58,0,0,0,0,False,,False,False
test_minutes,20260915_2302,1789527720.0,2,21782769,0,True,json,partial,thoth-minute-manifest/v7,empty,t,empty,,ok,58.67199993133545,51,0,2,1,0,0,0,0,True,True,510,5632,0,58,0,0,0,0,False,,False,False
test_minutes,20260915_2303,1789527780.0,2,24745838,0,True,json,partial,thoth-minute-manifest/v7,empty,t,empty,,ok,58.6800000667572,57,0,2,1,0,0,0,0,True,True,570,7049,0,58,0,0,0,0,False,,False,False
test_minutes,20260915_2304,1789527840.0,2,23972275,0,True,json,partial,thoth-minute-manifest/v7,empty,t,empty,,ok,58.67300009727478,57,0,2,1,0,0,0,0,True,True,570,5550,0,58,0,0,0,0,False,,False,False
test_minutes,20260915_2305,1789527900.0,2,24260096,0,True,json,partial,thoth-minute-manifest/v7,empty,t,empty,,ok,58.67300009727478,57,0,2,1,0,0,0,0,True,True,570,6109,0,58,0,0,0,0,False,,False,False
test_minutes,20260915_2306,1789527960.0,2,24705208,0,True,json,partial,thoth-minute-manifest/v7,empty,t,empty,,ok,58.681999921798706,57,0,2,1,0,0,0,0,True,True,570,6980,0,58,0,0,0,0,False,,False,False
test_minutes,20260915_2307,1789528020.0,2,23584747,0,True,json,partial,thoth-minute-manifest/v7,empty,t,empty,,ok,59.556999921798706,57,0,1,1,0,0,0,0,True,True,570,4805,0,58,0,0,0,0,False,,False,False
test_minutes,20260915_2308,1789528080.0,2,24444744,0,True,json,partial,thoth-minute-manifest/v7,empty,t,empty,,ok,58.67899990081787,57,0,2,1,0,0,0,0,True,True,570,6473,0,58,0,0,0,0,False,,False,False
test_minutes,20260915_2309,1789528140.0,36,14326338,0,True,json,collecting,thoth-minute-manifest/v7,empty,t,empty,,ok,58.0,58,34,1,1,34,340,12537840,0,False,,,,,,1,3163,1740433,1,False,,False,False
